{"epoch":5,"val_loss":2.0906664164859956,"_timestamp":1.7421035139375346e+09,"val_mse_loss":0.8404752376583183,"_runtime":6.2253305,"confusion_matrix_table":{"ncols":3,"nrows":100,"_type":"table-file","sha256":"cee47ca99f8299c08afeba2377a5e5302f50a28b624f9021b84131b4f17cf82d","size":2931,"artifact_path":"wandb-client-artifact://u7rjivz7ehr8z6eqalkluyv667wgr0pv7oj2i7mo3drx77txlv32hbskcw5lojxi40keizmbbae6ylpkpuxo8emiwqm1bim2vs6yoxarywrjjiqn2m73wqzseva242sa/confusion_matrix_table.table.json","_latest_artifact_path":"wandb-client-artifact://zew232ae43grq2f40iqqi1473glml8ykkme0fd8klun5aill732funttitadso0ewaq9lbdyf1ofbfa2quzgrucoyki5xlflq1uwyfqhpw1edpre8xgtl32owm2zobmx:latest/confusion_matrix_table.table.json","path":"media/table/confusion_matrix_table_5_cee47ca99f8299c08afe.table.json"},"cross_entropy_loss":2.078010042439589,"val_accuracy":0.3345,"_step":5,"_wandb":{"runtime":6},"loss":2.121981061831353,"val_cross_entropy_loss":2.0466641095705214,"accuracy":0.3291851851851852,"mse_loss":0.8486675154480016}