{"loss":2.302601727073255,"accuracy":0.10035185185185186,"val_accuracy":0.1,"_wandb":{"runtime":11},"epoch":10,"val_loss":2.3025941583038096,"_timestamp":1.741242947623259e+09,"_runtime":11.5765695,"_step":9}