{"_timestamp":1.7411542424168727e+09,"_runtime":3.6181067000000002,"accuracy":0.17196296296296296,"_wandb":{"runtime":3},"val_accuracy":0.16433333333333333,"epoch":5,"val_loss":2.2741702639803165,"_step":4,"loss":2.2829366617383875}