{"_runtime":13.617553000000001,"val_loss":2.3290980994884123,"val_accuracy":0.3258,"epoch":10,"_wandb":{"runtime":13},"_timestamp":1.741241993708746e+09,"loss":2.3343663993740247,"accuracy":0.3075696915776987,"_step":9}