{"accuracy":0.8682037037037037,"_runtime":26.0928107,"cross_entropy_loss":0.3705953880495671,"_step":5,"val_accuracy":0.8554,"loss":0.5166399607054291,"val_cross_entropy_loss":0.4023343667878544,"confusion_matrix_table":{"ncols":3,"nrows":100,"_type":"table-file","sha256":"35757f212c7e379d950614e1deb45c2394fe75111fc98dde6ca55aee98a47881","size":2935,"artifact_path":"wandb-client-artifact://strbm2b8cotas63lqb4bnrcj4nk7828aembhzgr86r6uqbdudypp0ghusnwm0e616gs4zmz6vq9f7sznzit33fxv9v6y6w2mpe16iacmhc1lzj2658jqad8m8bcuhruy/confusion_matrix_table.table.json","_latest_artifact_path":"wandb-client-artifact://vsaure3p4wy56lmz5m530q3xufyhoppykj89xbav11lrvfx54vjzk2yskjvzuascjhmaujufzpewkag47zo0uqkpjhjaqk61dj156jpsisytqbvv32k6mb6anypzjg5o:latest/confusion_matrix_table.table.json","path":"media/table/confusion_matrix_table_5_35757f212c7e379d9506.table.json"},"_wandb":{"runtime":26},"_timestamp":1.7415884849591434e+09,"epoch":5,"val_mse_loss":0.20538028182417,"mse_loss":0.18894347116608923,"val_loss":0.5472664799748154}