{"epoch":10,"_step":9,"val_accuracy":0.1055,"loss":2.5752710339609997,"_wandb":{"runtime":6},"_runtime":6.6117612,"val_loss":2.5619527977112635,"_timestamp":1.7411578054505231e+09,"accuracy":0.0995}