{"_runtime":5.8096772,"_wandb":{"runtime":5},"val_accuracy":0.09483333333333334,"epoch":10,"_timestamp":1.7411543514915442e+09,"loss":2.3024570115699206,"val_loss":2.30244097970947,"_step":9,"accuracy":0.08948148148148148}