{"val_loss":0.5010104098998489,"epoch":10,"loss":0.3849897635499569,"_step":9,"accuracy":0.8672777777777778,"_wandb":{"runtime":13},"val_accuracy":0.8258,"_runtime":13.0817644,"_timestamp":1.7413444665755029e+09}