{"val_mse_loss":0.205551418229002,"_wandb":{"runtime":11},"_step":5,"loss":0.4276690271811887,"val_accuracy":0.8565,"_runtime":11.6743711,"val_loss":0.46245852492855644,"accuracy":0.8690555555555556,"_timestamp":1.741590431879225e+09,"cross_entropy_loss":0.3684239131639146,"mse_loss":0.18812626266967772,"val_cross_entropy_loss":0.40315592108913195,"confusion_matrix_table":{"nrows":100,"_type":"table-file","sha256":"eaa423106ae8f5b922b6c417cd826c618f3458364cc720b76fd84aa2b2b5d994","size":2932,"artifact_path":"wandb-client-artifact://pl4pncscwmfgol950v5fkzo65oodmhcipdgrt1q1xdju5ovaduka23ehydug29fw5iyzi0mnjx32ikb6u7gk7hk4v08ofoqcjo1q34ywtcgan6w1m8sww7l2575jyjtf/confusion_matrix_table.table.json","_latest_artifact_path":"wandb-client-artifact://oge0jqt7twwxml1i8ci9tnqizfprq353bpuje20a8e26x2ikjl49mava4ah2nwj5d1ctgyfkbce06j8s9hfdny2o4m0v6cgtxex25wwqmjme6go8u70lv7oeoiw7qrpu:latest/confusion_matrix_table.table.json","path":"media/table/confusion_matrix_table_5_eaa423106ae8f5b922b6.table.json","ncols":3},"epoch":5}