{"val_mse_loss":0.900609855109286,"_step":5,"val_accuracy":0.1,"_wandb":{"runtime":7},"loss":13.554565945758407,"mse_loss":0.9008976778570505,"val_loss":12.186355224707286,"accuracy":0.09944444444444445,"confusion_matrix_table":{"artifact_path":"wandb-client-artifact://y3mlmhi0s3zkr8hurhknx6pilsdxsb49gnelusyqbk8dmtr74j4gk8zig3c6sdmcihr5o8j9pw0ikbstkz6az07r5h09v9a19jfljjco0mmso74zbkhye8gzs8cgp368/confusion_matrix_table.table.json","_latest_artifact_path":"wandb-client-artifact://yo39zx2bx3t886oi2comgotj2ioh6wiwz0efn43vnsqapr4xisamjpgo2525i3feteeujkb7xcwrrypm5mh2b12kdzc34wj7iit7ff4dm8ebngd1b2sg8494vprgfs1b:latest/confusion_matrix_table.table.json","path":"media/table/confusion_matrix_table_5_9b3969f88adfb0058642.table.json","ncols":3,"nrows":100,"_type":"table-file","sha256":"9b3969f88adfb0058642f08bb003e5c6ebba91d507912f624980c7c76238bfe0","size":2912},"_timestamp":1.741583774458602e+09,"cross_entropy_loss":2.3075075619128342,"val_cross_entropy_loss":2.305886909841229,"epoch":5,"_runtime":7.4449635}