{"_runtime":5.0711012,"_timestamp":1.7411570819639442e+09,"val_loss":2.43820531425957,"_step":4,"epoch":5,"accuracy":0.1002962962962963,"loss":2.441135963713617,"val_accuracy":0.09733333333333333,"_wandb":{"runtime":5}}