{"_timestamp":1.7411529753641913e+09,"_runtime":7.5768626999999995,"_wandb":{"runtime":7},"loss":2.1838474701198023,"val_loss":2.168954087729692,"accuracy":0.5133888888888889,"_step":9,"val_accuracy":0.5536666666666666,"epoch":10}