{"_wandb":{"runtime":4},"val_accuracy":0.0895,"_runtime":4.8366937,"accuracy":0.08685185185185185,"loss":2.3025846060786144,"_step":4,"epoch":5,"val_loss":2.302462987396058,"_timestamp":1.741153696383717e+09}