{"accuracy":0.2373888888888889,"val_loss":2.2934650530019587,"_runtime":4.2315567,"loss":2.2964013007870934,"epoch":5,"_wandb":{"runtime":4},"val_accuracy":0.15416666666666667,"_timestamp":1.741156123478263e+09,"_step":4}