{"_step":5,"loss":0.5200807244775473,"_wandb":{"runtime":29},"val_mse_loss":0.21482447590631218,"val_accuracy":0.8513,"mse_loss":0.19057862272781304,"val_loss":0.5659354724435816,"val_cross_entropy_loss":0.41998444637383164,"_runtime":29.2654459,"confusion_matrix_table":{"_latest_artifact_path":"wandb-client-artifact://0t38i5cc01960si33n1zvwc8gblxuqd5ykkata1essuoleyoqj6kgusiozpwrg1sga16tcczcxac5wdxnwr3o0xo8ad8y8nci6ocpoz87hlk10wfapi5jmokbwwubfbq:latest/confusion_matrix_table.table.json","path":"media/table/confusion_matrix_table_5_6aa7bcd2d40bfaaa62d1.table.json","ncols":3,"nrows":100,"_type":"table-file","sha256":"6aa7bcd2d40bfaaa62d1d7520b8b5ddd3bc2a5a6836aa0a2a28e0f116199e3cf","size":2933,"artifact_path":"wandb-client-artifact://hf6epz0ltm3ap6wu0xof1u7tykgpffo76y97jv7ky3i15u5cizu8y5tl2iujl1ic2tdxdibb4bp14w11mecd7cqqzjphdsdf8dtcgazxp6eundujg4qpvtblg4nuh45s/confusion_matrix_table.table.json"},"_timestamp":1.7415900353871267e+09,"accuracy":0.8658333333333333,"cross_entropy_loss":0.37310030861430116,"epoch":5}