{"val_loss":0.4190702873673902,"val_mse_loss":0.20366767280794384,"loss":0.3415639981891175,"cross_entropy_loss":0.3415639981891175,"val_accuracy":0.8591,"mse_loss":0.17098845194660875,"_step":10,"_runtime":10.7384227,"epoch":10,"_timestamp":1.7415909337753627e+09,"val_cross_entropy_loss":0.4190702873673902,"_wandb":{"runtime":10},"confusion_matrix_table":{"_type":"table-file","sha256":"ca9ffc8da045ec2fd93b1301dd4d273e294554e837118c5fb1a9888672e04d69","size":2930,"artifact_path":"wandb-client-artifact://ndbqrr2f65vkt32d0448e5f0kuekbazfx3sk0r4rwjkk8uxochziiu7fnt4ywnk59m0184jhsoe3ar9yr0iwkgjr63f5p73l2v5452pa1vbcm0nal8amiptp7cdyynu0/confusion_matrix_table.table.json","_latest_artifact_path":"wandb-client-artifact://e9ag1uzhbja1oeztyfe2sdg8deqlugx6xytip4o8bq0u9s3aix3q6inij23p6pmjjgjwfl3tm7eq83izaz5oh8zz9bcz868dnjlc9nqm9e8z8fq7147t85c75bfg6y7o:latest/confusion_matrix_table.table.json","path":"media/table/confusion_matrix_table_10_ca9ffc8da045ec2fd93b.table.json","ncols":3,"nrows":100},"accuracy":0.8826666666666667}