{"val_accuracy":0.1,"_wandb":{"runtime":38},"_runtime":38.5085979,"_timestamp":1.74123736821839e+09,"accuracy":0.09862181387077652,"val_loss":2.3027209994530886,"loss":2.304281985833262,"epoch":10,"_step":9}