{"val_loss":0.49169964601160443,"accuracy":0.8616627148784826,"_wandb":{"runtime":14},"loss":0.4679036077892197,"_step":4,"val_accuracy":0.8514,"epoch":5,"_runtime":14.7063173,"_timestamp":1.7412408676341186e+09}