{"accuracy":0.9923703703703703,"_step":11,"_timestamp":1.7422041900741553e+09,"test_accuracy":0.9744,"epoch":10,"_wandb":{"runtime":41},"val_accuracy":0.9771666666666666,"_runtime":41.7803957,"loss":0.02277597269335199,"val_loss":0.08820532039670301,"test_confusion_matrix_table":{"path":"media/table/test_confusion_matrix_table_10_5b74629492eb59c0091d.table.json","ncols":3,"nrows":100,"_type":"table-file","sha256":"5b74629492eb59c0091dd0fa427cf7a8f6a01def80f89981b0d41b0f0f93a894","size":1789,"artifact_path":"wandb-client-artifact://le9y9hotboqy3b8uq6dzwe1yt9g6c33dx38ynatc8n4hingtlfnuapkcda1d44751o170vklns4gx5019o61gwkpypwignf2pjfq4k276hlait636lo20mc30lxx52xv/test_confusion_matrix_table.table.json","_latest_artifact_path":"wandb-client-artifact://w4pqxryarrvl5urq3xb7ycw4o5u316nszm9sep1chqg4yvycedv4c0ec22zfxf7dwflvug94wdmqgn2d1lx5bhkph7n8au77gkuzwyuy9teh5dz28p252682cafv6dv1:latest/test_confusion_matrix_table.table.json"}}