{"loss":0.46142237582941986,"epoch":10,"val_loss":0.5244670333242283,"_runtime":114.1161809,"_step":9,"_wandb":{"runtime":114},"_timestamp":1.741254414796094e+09,"val_accuracy":0.8526,"accuracy":0.8728703703703704}