{"_timestamp":1.741156286718141e+09,"_runtime":7.2990523,"val_accuracy":0.1055,"epoch":10,"_wandb":{"runtime":7},"val_loss":2.3372371492091224,"_step":9,"accuracy":0.09938888888888889,"loss":2.351377786098419}