{"_runtime":4.8056847000000005,"_step":4,"loss":2.3031938147912667,"accuracy":0.10064814814814815,"_timestamp":1.7411551311934688e+09,"val_loss":2.309642265177853,"_wandb":{"runtime":4},"epoch":5,"val_accuracy":0.10266666666666667}