{"val_loss":2.234902175057007,"_step":9,"epoch":10,"_timestamp":1.7411550699824002e+09,"loss":2.243516743985229,"val_accuracy":0.148,"accuracy":0.1318888888888889,"_wandb":{"runtime":8},"_runtime":8.166063}