{"accuracy":0.19244444444444445,"_runtime":23.3939056,"_wandb":{"runtime":23},"val_accuracy":0.1601,"val_loss":8.3244217316246e+13,"epoch":10,"_step":9,"_timestamp":1.7412350315085347e+09,"loss":7.425107984056999e+12}