{"val_accuracy":0.8498,"val_mse_loss":0.21924257384689316,"confusion_matrix_table":{"_type":"table-file","sha256":"552b8448b2095c827e7f4174d66e9088d24f1c7349f77dce06c86cabf14fc9c4","size":2933,"artifact_path":"wandb-client-artifact://qe6mu1poe54m7mjamziklop32ps64aiu47wffoz7276hw4dmqfe7pzjzc46qvf2ie6cyofx4afu1zlas82gduc88cu2cw9z1xgb23bn3m3fl7yrjqtt0cztl1hite312/confusion_matrix_table.table.json","_latest_artifact_path":"wandb-client-artifact://y4iqxq14x7mfgtlldw5prw8axujumkc31hvld9hkbp9igiumu9q1xy2mecypedbci2gvgbg4n8hxwezwwzfbpl7kztcq8ky7tcsfdq65n6p8pkxhbw29aq1762kq2dt6:latest/confusion_matrix_table.table.json","path":"media/table/confusion_matrix_table_10_552b8448b2095c827e7f.table.json","ncols":3,"nrows":100},"loss":0.38510454688495466,"mse_loss":0.18624955480199296,"val_cross_entropy_loss":0.46589418041472974,"_timestamp":1.7421076249122043e+09,"accuracy":0.8731111111111111,"_runtime":20.6936312,"epoch":10,"val_loss":0.46589418041472974,"_step":10,"_wandb":{"runtime":20},"cross_entropy_loss":0.38510454688495466}