{"_timestamp":1.7421035766406422e+09,"_runtime":47.9821184,"val_accuracy":0.8506,"_step":5,"accuracy":0.8636481481481482,"mse_loss":0.19617312211043658,"loss":0.38968578344656135,"val_cross_entropy_loss":0.4266920420543088,"val_mse_loss":0.21394252813966255,"confusion_matrix_table":{"sha256":"224d49e57b4cb48265f840f8d0dd5540f4b950ead91bf2980bbdcbcc1926d790","size":2932,"artifact_path":"wandb-client-artifact://ttysief2to7d8rk9m9boms3eewqtznpvgebqn3xadn04t2jjxbg2ecsew2izryf5sac5nmuzl23tfzz9h01t43gm08hfst0blt7npsemng9vpdsx2x5mangeexvj14vu/confusion_matrix_table.table.json","_latest_artifact_path":"wandb-client-artifact://xnwk43vy77lrzwx787eadidhz1csq27p6yxnt9r6bjua60zhtt7twd51t7y7uoup7bfnbx5wyxtwa8bruoohiirotvstp60mr0hfid8xlp0j28gvdovxmimbg2jqh9q9:latest/confusion_matrix_table.table.json","path":"media/table/confusion_matrix_table_5_224d49e57b4cb48265f8.table.json","ncols":3,"nrows":100,"_type":"table-file"},"epoch":5,"cross_entropy_loss":0.38968578344656135,"val_loss":0.4266920420543088,"_wandb":{"runtime":48}}