{"_wandb":{"runtime":89},"val_loss":2.3098689540389077,"_step":9,"accuracy":0.0997962962962963,"val_accuracy":0.1,"loss":2.3111165656507797,"_runtime":89.9050156,"epoch":10,"_timestamp":1.7413479224908862e+09}