{"loss":2.3162145509695726,"_step":10,"cross_entropy_loss":2.2820062115502187,"val_loss":2.314267384571185,"val_mse_loss":0.8954710835629943,"mse_loss":0.8958571408473306,"_wandb":{"runtime":15},"accuracy":0.3457962962962963,"_runtime":15.8983905,"confusion_matrix_table":{"artifact_path":"wandb-client-artifact://swwcwnnz9ez4igyr84g8rjfhlfehqm856azdtvs92sftq52nwjhmnaidaikvacnarr7mduqpeezet5kqxhn1l4bi1xr2tcamip99uvamy8kfkjgjszohoib0qf8jppc1/confusion_matrix_table.table.json","_latest_artifact_path":"wandb-client-artifact://6ngsktqj70zr00hyzh511i8ekz7atep6u609by327zgdva3gcq6etn50nro82of2oqr5hi9ky1zaa5rxysnjnz7lmvecq0ia0djgglig0vcptidp5es5gtqis3p7n29k:latest/confusion_matrix_table.table.json","path":"media/table/confusion_matrix_table_10_c4f35cc487cf617c59d3.table.json","ncols":3,"nrows":100,"_type":"table-file","sha256":"c4f35cc487cf617c59d3ad3706ef73126d01f1e634ccc453191b6368c32ebfbf","size":2971},"_timestamp":1.7421348421534855e+09,"val_accuracy":0.4519,"val_cross_entropy_loss":2.280054455426621,"epoch":10}