{"accuracy":0.09955555555555555,"_runtime":4.8672641,"_step":4,"loss":2.306359287975787,"val_loss":2.309259384418525,"val_accuracy":0.10266666666666667,"_timestamp":1.741154281209793e+09,"epoch":5,"_wandb":{"runtime":4}}