{"val_cross_entropy_loss":0.44857944892709645,"val_accuracy":0.8419,"_step":5,"cross_entropy_loss":0.37672488196704546,"_timestamp":1.741590265971284e+09,"epoch":5,"accuracy":0.8623518518518518,"_runtime":32.7868585,"loss":0.4633044234628314,"val_loss":0.5336281001681678,"mse_loss":0.194842558819669,"_wandb":{"runtime":32},"confusion_matrix_table":{"_type":"table-file","sha256":"3e88b9d7d0f1f97e6868712cf948133006808f822e25d77c481708b5ae851b04","size":2931,"artifact_path":"wandb-client-artifact://clx10zodtu6bf1bnn6jznoxh23zcz3lx9d22oa4zeyt833obg9st3wm4io9s35spe9nnqwu3zyc2d5afwrx9p0aa5f0b3v3aal1ie3gp5kich5sicdo4h41aecw94r1e/confusion_matrix_table.table.json","_latest_artifact_path":"wandb-client-artifact://ll5uhnvvnse1hv6lnm3x0rkgf10ztlavo5v73p15qwlul58dpgqj3cx1sbosmtkj64ighu01sylrjxcfame621374pyxz69y4zz31rhcs91bhv8xpg4n3up4v1b6zjel:latest/confusion_matrix_table.table.json","path":"media/table/confusion_matrix_table_5_3e88b9d7d0f1f97e6868.table.json","ncols":3,"nrows":100},"val_mse_loss":0.2300457378376174}