{"loss":0.2620218202438136,"val_mse_loss":0.1811537226382899,"cross_entropy_loss":0.2620218202438136,"_step":10,"_timestamp":1.7421920116567068e+09,"val_cross_entropy_loss":0.364689338028176,"val_accuracy":0.8766,"accuracy":0.9050185185185186,"mse_loss":0.13805882662391622,"confusion_matrix_table":{"size":2931,"artifact_path":"wandb-client-artifact://8fmakzk5pcv7raak27tczipgrs4ca5r3m0fee9vhngl8xb3u6beu0qmzxgpo4k1w4kspbygqjn3evg5ty60r4fdyrufr9czwc6ktkcgrz8ql57bkc7lu0tqhuzq5dimg/confusion_matrix_table.table.json","_latest_artifact_path":"wandb-client-artifact://vawer07ezb6nvih1um6kz48824ae2478kvmo94slbjvrhfa56lmsyoyto3mivtrsz7t63hjk2law7t8do1ujs0vmc69dw9jru6p99uidwedm38luwrvcxnrm458c1ape:latest/confusion_matrix_table.table.json","path":"media/table/confusion_matrix_table_10_cb396843524d3e6fea45.table.json","ncols":3,"nrows":100,"_type":"table-file","sha256":"cb396843524d3e6fea45e48e0fc62d7ba0832d3f3823ca75a07f258465539211"},"_wandb":{"runtime":51},"epoch":10,"val_loss":0.364689338028176,"_runtime":51.7021409}