{"_step":4,"val_loss":2.088566949465726,"epoch":5,"_timestamp":1.741238713637803e+09,"_runtime":16.7250275,"accuracy":0.4670880288651641,"val_accuracy":0.46,"_wandb":{"runtime":16},"loss":2.1229495928051687}