{"_wandb":{"runtime":4},"accuracy":0.10816666666666666,"_runtime":4.1353283,"_timestamp":1.7411578625054932e+09,"_step":4,"epoch":5,"val_accuracy":0.10216666666666667,"loss":2.3028976336816873,"val_loss":2.303259206941239}