{"epoch":10,"val_accuracy":0.8549,"_timestamp":1.7413648629559948e+09,"loss":0.3825320186898398,"accuracy":0.8740370370370371,"_step":9,"_runtime":17.3656946,"val_loss":0.45955409274457426,"_wandb":{"runtime":17}}