{"val_accuracy":0.3819,"epoch":5,"accuracy":0.3722962962962963,"val_loss":55.47194908005254,"_wandb":{"runtime":14},"_timestamp":1.7415332963916311e+09,"_runtime":14.0947801,"_step":4,"loss":60.217634018983176}