{"_runtime":39.3718422,"_timestamp":1.7415883383706884e+09,"accuracy":0.8786481481481482,"val_accuracy":0.8603,"loss":0.3467646091897795,"cross_entropy_loss":0.3467646091897795,"_wandb":{"runtime":39},"confusion_matrix_table":{"path":"media/table/confusion_matrix_table_5_b8aa6d91ce2dfdffc898.table.json","ncols":3,"nrows":100,"_type":"table-file","sha256":"b8aa6d91ce2dfdffc898dfe1cff8690f5320f1b5772c05951394ed000bf8f8fd","size":2932,"artifact_path":"wandb-client-artifact://er4v4ft1iqz1av99zu2almof06dbz1xi39tc2vlio7qqkxx7i582l9oz9sc9mwkeo8jp4yhb1a38rccr9izc9nt0ci54fdv14sv1lptsfyrfy54zboiam4xe0fi2bvlt/confusion_matrix_table.table.json","_latest_artifact_path":"wandb-client-artifact://iethmvwjxes7ndvoq4x8hddzn78luwpungr0um79ttg0eh12h9drlufw3487g6qpjzdxzh2855jv4q5uel79mymc7sdfctb2xp6zjhir8i1v8b0kqan5ss43u5skl4nc:latest/confusion_matrix_table.table.json"},"val_mse_loss":0.20776544357978619,"epoch":5,"val_loss":0.41998913110446895,"_step":5,"mse_loss":0.17636696042630912,"val_cross_entropy_loss":0.41998913110446895}