{"_wandb":{"runtime":16},"_step":5,"loss":0.38913102857964593,"epoch":5,"_timestamp":1.742108854229138e+09,"cross_entropy_loss":0.38913102857964593,"confusion_matrix_table":{"size":2934,"artifact_path":"wandb-client-artifact://8fm2n82r1uhti96f20c8k0rv5wbt92ujxmj2ukt0l6l9lrv9zmnvsgmirfluxaapaqcnz5048hjiv14nicxhuac1irdgda55z5eoby9lcs05m3vmuqirpbhcm62jbmu6/confusion_matrix_table.table.json","_latest_artifact_path":"wandb-client-artifact://zng8basso515bk7ioajhqb0dsms4b05j2gvu87bawlgi4fz1yvyy48xmhdm9gizo2usuoqmm9r9jjyfpmwrg3ov9p6akqt8xmm52m4aqbnigsbpsv13gsyr2c06wcp6n:latest/confusion_matrix_table.table.json","path":"media/table/confusion_matrix_table_5_8ee8fef963e0dfbb411c.table.json","ncols":3,"nrows":100,"_type":"table-file","sha256":"8ee8fef963e0dfbb411cd1340f520edb9d8dca590bbfa9b62f77b83e7bab55da"},"val_accuracy":0.8492,"val_cross_entropy_loss":0.4287263922685019,"mse_loss":0.19741128073869343,"val_mse_loss":0.21723643554883884,"_runtime":16.8603312,"accuracy":0.8616851851851852,"val_loss":0.4287263922685019}