{"epoch":10,"loss":2.3153141360528497,"val_loss":2.3135036276151606,"_wandb":{"runtime":9},"_runtime":9.0729879,"_timestamp":1.741154386040924e+09,"_step":9,"accuracy":0.0999074074074074,"val_accuracy":0.10083333333333333}