{"loss":2.3143301290977623,"epoch":5,"val_loss":2.3144813397127435,"val_accuracy":0.1055,"_step":4,"accuracy":0.09938888888888889,"_timestamp":1.741154819712173e+09,"_runtime":3.3180838,"_wandb":{"runtime":3}}