{"_step":4,"accuracy":0.4787897884539344,"val_loss":1.3371046452311741,"val_accuracy":0.4834,"_wandb":{"runtime":6},"loss":1.3710209707590146,"_timestamp":1.7412417168072238e+09,"_runtime":6.938459,"epoch":5}