{"_timestamp":1.7411577387864604e+09,"accuracy":0.10225925925925926,"_wandb":{"runtime":3},"val_loss":2.4429156909183662,"epoch":5,"loss":2.4414603210183525,"val_accuracy":0.10283333333333333,"_runtime":3.2574691,"_step":4}