{"_wandb":{"runtime":6},"loss":2.4074351656502184,"_runtime":6.3870346,"epoch":10,"val_loss":2.3868007445397628,"val_accuracy":0.10033333333333333,"_step":9,"_timestamp":1.7411546304747524e+09,"accuracy":0.09996296296296296}