{"_timestamp":1.7411564927437186e+09,"val_accuracy":0.10266666666666667,"_wandb":{"runtime":5},"val_loss":2.306368435196868,"_runtime":5.8367124,"epoch":5,"accuracy":0.0997037037037037,"loss":2.309552064667633,"_step":4}