{"epoch":5,"val_accuracy":0.6438,"loss":1.0386541635724629,"accuracy":0.6407362099644128,"val_loss":1.0038498266191218,"_wandb":{"runtime":6},"_step":4,"_timestamp":1.7412374859120336e+09,"_runtime":6.5604518}