{"val_mse_loss":0.20241982086274915,"epoch":10,"loss":0.3467005359613371,"_timestamp":1.7421053378471315e+09,"_runtime":111.5739715,"confusion_matrix_table":{"nrows":100,"_type":"table-file","sha256":"157530b8c516e4b414033ebcf8ed25488dce2d20a1557d152a3b579f6187f702","size":2935,"artifact_path":"wandb-client-artifact://kphrz1l60zsybgpojef7yrruddzcbstjuh8ruwseedgtwh22e699ktxjm7k85d0tvomwx5iim014g3c8jdn5l0ckt6gfcggeehbq37l16fszyvhdsvn737hus8cc5cj3/confusion_matrix_table.table.json","_latest_artifact_path":"wandb-client-artifact://wo3evso9bpc3plbagqu8n97d0fk5xpukl6zmxti5bj8bo0qymcdt99xiwokldrz9e3znbpj4ism9e85kngf24vxouv0du11dao5ntowh8cj8tasrhew7553iso5ppf77:latest/confusion_matrix_table.table.json","path":"media/table/confusion_matrix_table_10_157530b8c516e4b41403.table.json","ncols":3},"mse_loss":0.17517809139551208,"_wandb":{"runtime":111},"accuracy":0.8791481481481481,"_step":10,"val_cross_entropy_loss":0.40170922330759334,"val_loss":0.40170922330759334,"val_accuracy":0.8605,"cross_entropy_loss":0.3467005359613371}