{"val_loss":0.7147347542140938,"cross_entropy_loss":0.6931420472251305,"_timestamp":1.7415851837386436e+09,"_wandb":{"runtime":15},"mse_loss":0.34647201248603793,"_runtime":15.8596417,"confusion_matrix_table":{"path":"media/table/confusion_matrix_table_10_42f1f3dfd714979efbda.table.json","ncols":3,"nrows":100,"_type":"table-file","sha256":"42f1f3dfd714979efbdaf16788f4b607b741ba3b7e68a9d0c84dce2016b54c8f","size":2944,"artifact_path":"wandb-client-artifact://53vmpid0fi0tpeza2uihg2jtwyjk3rnlwbka51up6qc1eu4psv4f45niwjxw1ebdczflz5gciz27wuewkgb9pxgbzwsz5q8w5qoug2rw87cq2uvjn6y7bnen3z2sf7rn/confusion_matrix_table.table.json","_latest_artifact_path":"wandb-client-artifact://sjoistcb0ckkjubnbi5i5mc7admnve2luinacbi10l7440hlp285p361cjhm4oql7fov64rwvrok4eh6inq5l8vta27s6gei123hqw0brcbmkh06s1clf0747a46w1ee:latest/confusion_matrix_table.table.json"},"val_accuracy":0.7494,"epoch":10,"loss":0.6931420472251305,"val_cross_entropy_loss":0.7147347542140938,"_step":10,"accuracy":0.7540370370370371,"val_mse_loss":0.35219261381675626}