{"loss":0.31662349222068087,"val_accuracy":0.8653,"accuracy":0.8866481481481482,"confusion_matrix_table":{"nrows":100,"_type":"table-file","sha256":"f6094c39fa6af0c9155a8aead5ef8d048ed0e1ceb9939722f5959e6656a10f86","size":2930,"artifact_path":"wandb-client-artifact://7jpk6m7z149v0zxhfnmlwqdbf6mdo11fec9bztbdi8g9d6ioxvby9wknrahfeibuxvux4hg9vlpmho7euaht49f5humfn5hch3qv3p05w6pgj4zn0y9oh9hfv2kwfg5z/confusion_matrix_table.table.json","_latest_artifact_path":"wandb-client-artifact://quxqkfqpunby1dkhipav1b8srisx4n97q9hw4b1oc7tds0qq2pwsnp1pyx7yd5kfwxikhh4cgmkd0xf6mthx67li7kepavgoizsrwlpu9for63h27cxu935txivo8595:latest/confusion_matrix_table.table.json","path":"media/table/confusion_matrix_table_10_f6094c39fa6af0c9155a.table.json","ncols":3},"_timestamp":1.7421096589558437e+09,"_wandb":{"runtime":13},"mse_loss":0.16222228478287645,"val_mse_loss":0.20006795672622402,"cross_entropy_loss":0.31662349222068087,"val_loss":0.4047993126680999,"val_cross_entropy_loss":0.4047993126680999,"_runtime":13.0021081,"epoch":10,"_step":10}