{"accuracy":0.09944444444444445,"loss":2.4414741300385705,"epoch":5,"_timestamp":1.7412501339380639e+09,"val_accuracy":0.1,"_step":4,"_runtime":6.3453847,"_wandb":{"runtime":6},"val_loss":2.4299635080611943}