{"mse_loss":0.19141259420670428,"_step":5,"accuracy":0.8695185185185185,"_runtime":17.0684956,"val_accuracy":0.8531,"confusion_matrix_table":{"artifact_path":"wandb-client-artifact://e0yo8d7t7p5d5dspgt67ik7eps2vn49hdc2x6jle7t4o60wuwxqvkw0jw3z6ucl0hc9s0mx3nyhkkyhuzjtakdc2r3c7cozz3js8l0tivhpyset63zq63g8ndakjrone/confusion_matrix_table.table.json","_latest_artifact_path":"wandb-client-artifact://4h1r65s6p82k2xgzvu9mh8rjgorpoptfvn5to62dhkrz79xklwwyu0jt7d48tna8zqse1h5ao66tl3qb7qbb0w0phko22mvpmj02jtvl03ezoypf5bmk9tinia61sy1y:latest/confusion_matrix_table.table.json","path":"media/table/confusion_matrix_table_5_e837d8f2e553745785e6.table.json","ncols":3,"nrows":100,"_type":"table-file","sha256":"e837d8f2e553745785e682b4d742c37aee5dd143aa3f24b9efa40cc672c51028","size":2932},"_timestamp":1.7421104912597847e+09,"loss":0.38939504768200156,"cross_entropy_loss":0.38939504768200156,"epoch":5,"val_cross_entropy_loss":0.452136798223741,"val_loss":0.452136798223741,"val_mse_loss":0.21785057090565524,"_wandb":{"runtime":17}}