{"val_accuracy":0.1,"accuracy":0.1018745057334915,"loss":2.444504131877982,"epoch":5,"_runtime":23.9264422,"val_loss":2.4415264215596144,"_wandb":{"runtime":23},"_timestamp":1.741243076099869e+09,"_step":4}