{"accuracy":0.1000925925925926,"_wandb":{"runtime":39},"val_cross_entropy_loss":2.302597434214072,"val_mse_loss":0.9000024866298352,"confusion_matrix_table":{"path":"media/table/confusion_matrix_table_10_3a5e256cb12d2d5189da.table.json","ncols":3,"nrows":100,"_type":"table-file","sha256":"3a5e256cb12d2d5189da1c363d9fd263bbd628492564bad9d615d9c78283fc84","size":2912,"artifact_path":"wandb-client-artifact://l4vun61wlb3ik8wp1mv9jky5ldcdorr9oka1f3ipnqbg0csuna46ul87e9w8aw0o74wdu3bjq4xvijtkrc8gbsc1a5ccuz72vt7on1urzffb79asaegx8i6z6lwvwweh/confusion_matrix_table.table.json","_latest_artifact_path":"wandb-client-artifact://5l9g3s58niiwpoenw4s53dhfqdg65h93lhxuegsd4ifwmvep188bmj79w4bobpo13za7pnr00zcht84xrylwtdcph0et1e23xgc9juwd5j38gv7tof4gqgwvu5tbehh7:latest/confusion_matrix_table.table.json"},"val_loss":2.302695869594811,"_timestamp":1.7415855991608095e+09,"cross_entropy_loss":2.3025926764762636,"val_accuracy":0.1,"loss":2.302691009869239,"_step":10,"mse_loss":0.9000015373154897,"epoch":10,"_runtime":39.6469094}