{"_runtime":3.5798131,"_wandb":{"runtime":3},"loss":2.2963282694733453,"accuracy":0.07183333333333333,"val_accuracy":0.07483333333333334,"_step":4,"_timestamp":1.7411546170455375e+09,"epoch":5,"val_loss":2.292988139052684}