{"val_loss":0.37447518977509675,"cross_entropy_loss":0.2883658065538722,"confusion_matrix_table":{"size":2930,"artifact_path":"wandb-client-artifact://39lugfo9v185qw4xon5ccb9145zttc19krem6r7bjbor5khfgwx41xcxic0aawf5flhbwkm3plm3umirq93ci6iqlmv5uynxy4if50y5ciujkhd1bpq33ipkic863pqo/confusion_matrix_table.table.json","_latest_artifact_path":"wandb-client-artifact://xz0efxcawpyd1wlsmpnify2uipn7qw4grynxvvp866m5zcqwcpt88y2u6wzr0pm4jlhyh2pr2agl1vi7tsn8cdo0kiod8ftynf498vdf8wnjgti3tmo0doklr284zmo2:latest/confusion_matrix_table.table.json","path":"media/table/confusion_matrix_table_10_ec97042e99321031e4ad.table.json","ncols":3,"nrows":100,"_type":"table-file","sha256":"ec97042e99321031e4ad304eecda41f517c56f48cf831171c01909900f917ec0"},"_timestamp":1.7421987296758673e+09,"epoch":10,"_step":10,"accuracy":0.8984629629629629,"_runtime":71.48586,"val_cross_entropy_loss":0.37447518977509675,"val_mse_loss":0.18299703236498074,"_wandb":{"runtime":71},"mse_loss":0.14887726752515687,"loss":0.2883658065538722,"val_accuracy":0.8741}