{"accuracy":0.10016666666666667,"epoch":5,"loss":2.3026217484581126,"val_accuracy":0.1,"_runtime":9.7477818,"_step":4,"val_loss":2.302598613096114,"_timestamp":1.7413451299022975e+09,"_wandb":{"runtime":9}}