{"epoch":10,"accuracy":0.0997037037037037,"_wandb":{"runtime":8},"val_accuracy":0.10266666666666667,"_timestamp":1.7411535721948357e+09,"_runtime":8.2614338,"_step":9,"loss":2.4787709292756253,"val_loss":2.4736471917217955}