{"epoch":10,"_wandb":{"runtime":12},"val_loss":2.3026423767554247,"_timestamp":1.7413587087320323e+09,"_runtime":12.7791435,"loss":2.3027734183309447,"accuracy":0.0990925925925926,"_step":9,"val_accuracy":0.1}