{"_wandb":{"runtime":14},"val_loss":0.4389387571053709,"epoch":10,"loss":0.3860032990117852,"val_accuracy":0.8672,"val_cross_entropy_loss":0.3730351725039728,"confusion_matrix_table":{"sha256":"dc69dcd3c02788d5845f76b217519f1821875f3d92ca87611ef3ee8c0d17da84","size":2931,"artifact_path":"wandb-client-artifact://mavk1rjbq6h1bf4nbi3si7gmveneylx6j7li3zx29xbrblvedxfoe2dvyzgt64wztr9k3hutd8mmvcueljhu6j2153o3mp7mzvx8k20sjwizxekafwdbd1opl8iurkba/confusion_matrix_table.table.json","_latest_artifact_path":"wandb-client-artifact://v53ze9tehy7r90gsveqkpoc779am4tumhzm7xqrwefxml84x76y9vwzyc1dr2t332o6cv278ms8s6c71472r6lpgmlmlibuaici1f9soub7etuvaakzem6zque0j1mzk:latest/confusion_matrix_table.table.json","path":"media/table/confusion_matrix_table_10_dc69dcd3c02788d5845f.table.json","ncols":3,"nrows":100,"_type":"table-file"},"cross_entropy_loss":0.3204951708555597,"_step":10,"val_mse_loss":0.18994930081176423,"_runtime":14.4579073,"accuracy":0.8834074074074074,"_timestamp":1.7421932368874297e+09,"mse_loss":0.16605868113364738}