{"confusion_matrix_table":{"ncols":3,"nrows":100,"_type":"table-file","sha256":"a404027b4f7be3db182aa30b26d33b757cfe50526a1c136a4bbe0e32fbce8dcd","size":2932,"artifact_path":"wandb-client-artifact://6srjfldjgdj86qwsb5rb4g9kei4w47qrkt9pqqnrpst2zf4h5tn7t0b25rnvtcuc1713wto5ehfp1wvpkjpxv9j86b0dk0gtz2w13guc67yt86o9zf8e22w0ftl14g2z/confusion_matrix_table.table.json","_latest_artifact_path":"wandb-client-artifact://dkj2rmdam5gu884k5b7dr8xpdk3j4dcnwy7hr3aqz1m8229gc81co44bjvnln1acpdrdgm336jsa3adtouc8nj9x29pu9xxojllabphju02tv3eg7i1lpjpnq20wm7cd:latest/confusion_matrix_table.table.json","path":"media/table/confusion_matrix_table_5_a404027b4f7be3db182a.table.json"},"accuracy":0.8655185185185185,"_wandb":{"runtime":17},"val_cross_entropy_loss":0.41705312809218886,"val_loss":0.47993549246509526,"_runtime":17.3689165,"cross_entropy_loss":0.374275780204525,"loss":0.4369621459150929,"_timestamp":1.7415869106086755e+09,"val_accuracy":0.8533,"mse_loss":0.1911909095183366,"val_mse_loss":0.2111325497908621,"_step":5,"epoch":5}