{"_runtime":15.6562632,"val_loss":2.3091437755477737,"val_accuracy":0.4265,"_wandb":{"runtime":15},"_step":4,"loss":2.32401754685936,"epoch":5,"accuracy":0.39944444444444444,"_timestamp":1.7413694619796104e+09}