{"_wandb":{"runtime":6},"epoch":10,"_timestamp":1.741156752572556e+09,"_step":9,"_runtime":6.7181732,"loss":2.3042521404796426,"accuracy":0.0995925925925926,"val_loss":2.303178496037476,"val_accuracy":0.10533333333333333}