{"_step":9,"accuracy":0.5889370798734678,"_wandb":{"runtime":26},"val_loss":1.5776173633736224,"_runtime":26.9407366,"epoch":10,"val_accuracy":0.5835,"loss":1.5949808896812665,"_timestamp":1.7412457842868152e+09}