{"val_accuracy":0.12,"_runtime":5.4169907,"val_loss":2.302528065103456,"confusion_matrix_table":{"path":"media/table/confusion_matrix_table_5_2413b8e8f69d1a367aae.table.json","ncols":3,"nrows":100,"_type":"table-file","sha256":"2413b8e8f69d1a367aae2c7e79986ff9d61c842c79c98778139cea876ab0b9c2","size":2930,"artifact_path":"wandb-client-artifact://6dizmmqohwg9t3fg84wvxpnmb59ecutw8htqvtdm01b1d27a6l9eiw7636cqjs1gaxugfs95az17rm1nzqvy0ro4v7m13yiduq7j36jrl5d6bsyg14xfypxhi461clh5/confusion_matrix_table.table.json","_latest_artifact_path":"wandb-client-artifact://uuy1h1xki8h73egllajum4y620c9be8i94eo5puin16dymndx5t1utg9ov09z4yu04lpki927h5o749bws1oym7r2rr73luu90gmbkyt0adx379os1zfx6d6ltv2165w:latest/confusion_matrix_table.table.json"},"accuracy":0.1274074074074074,"_timestamp":1.7415768839266217e+09,"_wandb":{"runtime":5},"_step":5,"epoch":5,"loss":2.302529120015056}