{"_step":4,"val_accuracy":0.20566666666666666,"epoch":5,"accuracy":0.10064814814814815,"_runtime":2.8405684,"_wandb":{"runtime":2},"_timestamp":1.7411545410536494e+09,"loss":2.3010561373428153,"val_loss":2.299537121808126}