{"confusion_matrix_table":{"ncols":3,"nrows":100,"_type":"table-file","sha256":"8a6e0df6c5b2779ccd91c14446cd096b16f6ed11ec76e8360e67e1d20846aea7","size":2934,"artifact_path":"wandb-client-artifact://dk1blbhhwt2r8v3p11ir0z13i38fvmu5ig3xujvokyhop9re7mltudohi4t905wfraq20vxxepz295ytz5v7z23sng5itkyxjupw9u0xar4kcz74gm39uqsmaekcfk4i/confusion_matrix_table.table.json","_latest_artifact_path":"wandb-client-artifact://q3anwldkt391926wwocjocbihtuo3y6gxtkvyte46agl0secmzmhlsqbsubtu9ibf8abimktrdeohp2ylyh7cvxsh7fou7umxpwce7pu6jaxs0j5nixqqhahwv22uymu:latest/confusion_matrix_table.table.json","path":"media/table/confusion_matrix_table_5_8a6e0df6c5b2779ccd91.table.json"},"cross_entropy_loss":0.3464527653328066,"val_cross_entropy_loss":0.4162876497925904,"val_mse_loss":0.20804348094589872,"epoch":5,"_timestamp":1.7421054437802484e+09,"mse_loss":0.1757841479370188,"_step":5,"_runtime":17.3565946,"val_loss":0.4162876497925904,"_wandb":{"runtime":17},"val_accuracy":0.857,"loss":0.3464527653328066,"accuracy":0.8781481481481481}