{"loss":2.3160667560257044,"val_loss":2.314420368856748,"_runtime":3.3789949,"val_accuracy":0.10316666666666667,"accuracy":0.09964814814814815,"_wandb":{"runtime":3},"_timestamp":1.7411577016282396e+09,"_step":4,"epoch":5}