{"accuracy":0.10064814814814815,"_runtime":3.5401054,"epoch":5,"_step":4,"_timestamp":1.7411522125025346e+09,"loss":2.3148635360203174,"_wandb":{"runtime":3},"val_accuracy":0.09416666666666666,"val_loss":2.3147336094680213}