{"_wandb":{"runtime":5},"epoch":10,"_runtime":5.0725538,"_timestamp":1.7411568576461518e+09,"accuracy":0.0997037037037037,"val_loss":2.6128143567137365,"_step":9,"loss":2.619819970410741,"val_accuracy":0.10266666666666667}