{"loss":2.322649020579233,"_timestamp":1.7412304408906262e+09,"val_accuracy":0.1,"accuracy":0.10095393436140768,"epoch":10,"_wandb":{"runtime":45},"_runtime":44.9245883,"_step":9,"val_loss":2.3135767822417965}