{"accuracy":0.18412962962962964,"val_loss":2.226322177998128,"loss":2.2357127212843824,"val_accuracy":0.18416666666666667,"_runtime":5.8156656,"_step":9,"_timestamp":1.7411571369051077e+09,"epoch":10,"_wandb":{"runtime":5}}