{"epoch":5,"loss":1.8602468754627208,"_wandb":{"runtime":31},"accuracy":0.44070465323058683,"val_loss":1.73555069087483,"_step":4,"val_accuracy":0.4632,"_timestamp":1.7412379790724344e+09,"_runtime":31.0130692}