{"accuracy":0.876462962962963,"cross_entropy_loss":0.34952796212683845,"_timestamp":1.74219043042511e+09,"val_mse_loss":0.1996574493712041,"confusion_matrix_table":{"size":2932,"artifact_path":"wandb-client-artifact://xaefrgybfljalxmhxge521eh1nyurucbno2utxpede39vi6vjbz3t4bwoiytewsvxosnuvbfpqw86tzzok8q5h6ffnyz7spmaqey4bvyhe6yqp1lncqqrrcaf3dfliz2/confusion_matrix_table.table.json","_latest_artifact_path":"wandb-client-artifact://oeig50p0g0nuibvluiaoduwnyb63sxlhdvg4f5mqtf1053nj1tloa4cdy53sz21g253g5fwqsmkn1pbso2dn4he5nln90267qmi1h90idbkirf6hpd7h2f9od9swmkat:latest/confusion_matrix_table.table.json","path":"media/table/confusion_matrix_table_10_7f3b651e7f7a711afe20.table.json","ncols":3,"nrows":100,"_type":"table-file","sha256":"7f3b651e7f7a711afe20650eb76013083d7a8577de6d6d00a089e1ad964a67fe"},"epoch":10,"_runtime":91.9233425,"val_accuracy":0.8622,"val_cross_entropy_loss":0.39996499442810146,"_step":10,"mse_loss":0.17674897076839197,"loss":0.43719298330398654,"_wandb":{"runtime":91},"val_loss":0.4875474996229335}