{"epoch":10,"_timestamp":1.741157682756046e+09,"loss":2.4817285435145977,"_runtime":5.9113872,"_step":9,"accuracy":0.09996296296296296,"_wandb":{"runtime":5},"val_accuracy":0.10033333333333333,"val_loss":2.4945936242557147}