{"_wandb":{"runtime":5},"accuracy":0.16085185185185186,"val_accuracy":0.17016666666666666,"val_loss":2.2430289690716267,"_timestamp":1.7411538363582258e+09,"_step":9,"_runtime":5.2236201,"epoch":10,"loss":2.25609260284636}