{"_wandb":{"runtime":4},"epoch":10,"_timestamp":1.741149094075354e+09,"_runtime":4.9524885,"_step":9}