{"epoch":5,"_wandb":{"runtime":4},"_timestamp":1.7411491039040499e+09,"_runtime":4.0727209,"_step":4}