{"val_accuracy":0.09633333333333334,"_wandb":{"runtime":7},"loss":2.3791264342135614,"val_loss":2.3699028555339714,"_timestamp":1.7411535870508976e+09,"_step":9,"epoch":10,"accuracy":0.09246296296296297,"_runtime":7.0342913}