{"val_cross_entropy_loss":0.38999874907155124,"val_mse_loss":0.19226197551301835,"cross_entropy_loss":0.3431300339684768,"accuracy":0.8796296296296297,"_timestamp":1.7421902110473495e+09,"epoch":10,"_step":10,"mse_loss":0.1731993436925981,"val_accuracy":0.8672,"_runtime":89.8457827,"_wandb":{"runtime":89},"val_loss":0.4738352769293845,"confusion_matrix_table":{"sha256":"281db5b1480d55eb9d2a18a4d9f872aaeccdb27c15a2d98f5d30e7b5af7e0557","size":2931,"artifact_path":"wandb-client-artifact://z90hjyed3u08qc84v3n49z667ktklehxhh8xdvp7ca5khh0fsmejbh7rij0tmnljhudra5xdqn53d0dyvry8u84b1t1ts9ij8ct9wi2fj499zmfd7qydihp6mt18dn4e/confusion_matrix_table.table.json","_latest_artifact_path":"wandb-client-artifact://j65q3kd56n946snrr93lyhpjol0n9u46masv8qhcvmlzbm5m8jypdn9a8p6cinvu38a937e9h1qwdkp4w61fo2m8cgbl077oxqzyhx0n7l2kxo2cz1ayg6ikxuv0cjsy:latest/confusion_matrix_table.table.json","path":"media/table/confusion_matrix_table_10_281db5b1480d55eb9d2a.table.json","ncols":3,"nrows":100,"_type":"table-file"},"loss":0.4271041099471876}