{"epoch":5,"loss":0.3663562161020895,"val_accuracy":0.8513,"confusion_matrix_table":{"_type":"table-file","sha256":"042ac64c1bc4bb527233fe9cc825390341221a26b4d2c778c50c2ce8087dc4a0","size":2934,"artifact_path":"wandb-client-artifact://hdgsp9ji66i4gx6pkgixkrfegc0ld06a02ya63cscl3hswxtanm8ve4zg4jh7w8vj6g5neq6c4v8d356vdssbke1lhckjpsk7kh8fu0fo2l6r5xoqc1da51ldeoat5hb/confusion_matrix_table.table.json","_latest_artifact_path":"wandb-client-artifact://cfc49kazxta9oojjnmmltggi95mghfjz8x2fvdg9rs6pfhmyeuwagpj9i97rs3xr25pbegp2wsqqghcfiyxgp3ppzpcx50kbcpuvfchu3vhkhwactj1f5yoo4av9xd9d:latest/confusion_matrix_table.table.json","path":"media/table/confusion_matrix_table_5_042ac64c1bc4bb527233.table.json","ncols":3,"nrows":100},"_wandb":{"runtime":68},"_timestamp":1.7421346020506065e+09,"cross_entropy_loss":0.3663562161020895,"accuracy":0.871037037037037,"val_loss":0.42011729981492946,"_step":5,"_runtime":68.0439485,"val_cross_entropy_loss":0.42011729981492946,"mse_loss":0.18592950718720108,"val_mse_loss":0.21229296481382762}