{"val_accuracy":0.09733333333333333,"accuracy":0.1002962962962963,"_timestamp":1.7411573194457166e+09,"_wandb":{"runtime":6},"epoch":10,"loss":2.311951037125477,"val_loss":2.3109220189187103,"_runtime":6.3292201,"_step":9}