{"_wandb":{"runtime":23},"val_loss":1.4484055602408334,"_timestamp":1.741237743704929e+09,"loss":1.383014822712032,"val_accuracy":0.3871,"epoch":5,"_step":4,"accuracy":0.4161971134835904,"_runtime":22.9884651}