{"val_mse_loss":0.9000115611494868,"_wandb":{"runtime":62},"val_cross_entropy_loss":2.3026425983026857,"val_loss":2.3078015702187473,"_runtime":62.381128,"cross_entropy_loss":2.302893870756647,"mse_loss":0.9000617862766942,"epoch":5,"_step":5,"accuracy":0.10003703703703704,"confusion_matrix_table":{"size":2912,"artifact_path":"wandb-client-artifact://h3oibvvw3tl9mydgu85r5q3lpgvaxsxo2dn1gsn2tbgfejarckoafwi4zv6nzuivsueplwvzbukveoxnbuj6ozqyuqpcum5e5pmzcxk8m2le5gxqt69oi1pu1pbboxxf/confusion_matrix_table.table.json","_latest_artifact_path":"wandb-client-artifact://ggf5l28q5yvzkv5e1hd1mob5ejar02nrght773inp73n0dextdtttdukvxlrwprfh3cm42zk9xu8g6wqfjs3rhl9szf9gvh05exwk1mb65123nmt5v8lwv3f2idy8ti1:latest/confusion_matrix_table.table.json","path":"media/table/confusion_matrix_table_5_fde76a3ad560a8d9e3d8.table.json","ncols":3,"nrows":100,"_type":"table-file","sha256":"fde76a3ad560a8d9e3d8af65329ead9e0fc5eb7c4f2377967c2e27d07ba92fba"},"loss":2.307881809090901,"val_accuracy":0.1,"_timestamp":1.741584046632382e+09}