{"_wandb":{"runtime":6},"loss":2.2922750113003905,"val_loss":2.292537592267172,"_step":9,"_runtime":6.2923389,"epoch":10,"accuracy":0.15238888888888888,"val_accuracy":0.15,"_timestamp":1.7411572124721403e+09}