{"loss":2.1608473880260433,"_runtime":25.8970838,"_wandb":{"runtime":25},"epoch":5,"val_accuracy":0.244,"_timestamp":1.741241846797582e+09,"val_loss":2.1351912650969678,"accuracy":0.22690740740740742,"_step":4}