{"val_accuracy":0.2045,"epoch":5,"loss":2.2675935895093184,"_step":4,"accuracy":0.1812777777777778,"_wandb":{"runtime":4},"_timestamp":1.741152988062072e+09,"_runtime":4.0733801,"val_loss":2.235394003457889}