{"val_loss":2.2932416791210413,"_timestamp":1.7411525285077636e+09,"epoch":10,"_wandb":{"runtime":6},"loss":2.2924594257292843,"accuracy":0.1172037037037037,"val_accuracy":0.10966666666666666,"_runtime":6.2846148,"_step":9}