{"_timestamp":1.7411518212979486e+09,"_runtime":5.6760664,"val_accuracy":0.0935,"epoch":5,"loss":2.3015910498796326,"accuracy":0.10033333333333333,"val_loss":2.3018804959268486,"_wandb":{"runtime":5},"_step":4}