{"_timestamp":1.7415776481695867e+09,"val_accuracy":0.2851,"epoch":5,"_runtime":6.786994,"_wandb":{"runtime":6},"loss":2.298631915237369,"accuracy":0.26855555555555555,"val_loss":2.2981846237959096,"confusion_matrix_table":{"sha256":"2088d0862b637192f3c0ca0f39ba8ab3e804e5c9b2c991570ba9d3ee4c43b76a","size":2967,"artifact_path":"wandb-client-artifact://3npplrx2m6bda7urgwhmpnlchxntdmzp6d8vhl8dpuqza6q6le256yxnv5q8bq7mv69jcuu6597dzzy2uc1q8ezyfmry92s7x8awyj4ybigmha37o9l9zgc475mca7dk/confusion_matrix_table.table.json","_latest_artifact_path":"wandb-client-artifact://7z5zie2xknybtepvqyl7bqq0tz5xygmfbpd6sdcxctbpf2t8jr9ne1oeryzzewb162zfrxaqagwk1zbbznsv2s4b00o1x4ydj2szgqa2p9alwr1sclq9molm3xq6erev:latest/confusion_matrix_table.table.json","path":"media/table/confusion_matrix_table_5_2088d0862b637192f3c0.table.json","ncols":3,"nrows":100,"_type":"table-file"},"_step":5}