{"val_loss":2.302587641930821,"_step":9,"_runtime":8.9333813,"val_accuracy":0.1,"_wandb":{"runtime":8},"_timestamp":1.7412429607566798e+09,"epoch":10,"accuracy":0.10034454653230587,"loss":2.3039540802059837}