{"_runtime":11.6666121,"_wandb":{"runtime":11},"_step":4,"_timestamp":1.7412416678633862e+09,"val_loss":83.34088289900245,"val_accuracy":0.4014,"accuracy":0.39182359628311586,"loss":86.96347687025487,"epoch":5}