{"cross_entropy_loss":0.3196279794077815,"_runtime":46.5688778,"accuracy":0.8823518518518518,"val_cross_entropy_loss":0.3918383645372136,"_timestamp":1.7421977448185146e+09,"val_mse_loss":0.1994618171209765,"confusion_matrix_table":{"size":2933,"artifact_path":"wandb-client-artifact://ry6i0rc94e2b1j0a6xv0fz4iojhc3q0og639hut7jzbb7vomwtuyyjdg3uird1v5e9yvq8iqq2it7ymdyxnup7indaj628lsaa4qoe4oh1av3kothan1b4zzgoz2z3ru/confusion_matrix_table.table.json","_latest_artifact_path":"wandb-client-artifact://mw1mkobi91kwba0gmj7p0pl15ffyv1c4328xcyf559jw6jnrui4zdnuo7s3fo7gdq4jy41zfnqp9ed503jc0wm03v525vyzaoo0pr4314ozwl590qbsnp5ntwmk721f6:latest/confusion_matrix_table.table.json","path":"media/table/confusion_matrix_table_10_fc49249683229698bc61.table.json","ncols":3,"nrows":100,"_type":"table-file","sha256":"fc49249683229698bc61acaf488316b768f55adf475936afda61550f1c436f27"},"_step":10,"val_accuracy":0.8597,"epoch":10,"loss":0.40644903538774924,"mse_loss":0.16736438683337457,"_wandb":{"runtime":46},"val_loss":0.477879346516414}