{"_runtime":4.0409168,"_timestamp":1.7411573387097015e+09,"epoch":5,"val_loss":2.3069559204465446,"val_accuracy":0.146,"_step":4,"loss":2.310364905102411,"_wandb":{"runtime":4},"accuracy":0.14401851851851852}