{"_wandb":{"runtime":7},"epoch":10,"_timestamp":1.7411491612057893e+09,"_runtime":7.7275291,"_step":9}