{"epoch":5,"val_accuracy":0.1,"val_loss":6.700868183690938,"_timestamp":1.7412492393252764e+09,"_runtime":7.3643625,"_step":4,"loss":7.5344009038196225,"accuracy":0.10268518518518518,"_wandb":{"runtime":7}}