{"val_loss":2.3103636283210873,"val_accuracy":0.1,"epoch":5,"accuracy":0.09986292234736219,"loss":2.324266339463914,"_step":4,"_timestamp":1.741235065310148e+09,"_wandb":{"runtime":3},"_runtime":3.8853429}