{"_wandb":{"runtime":12},"val_loss":0.4680026833590565,"epoch":10,"confusion_matrix_table":{"path":"media/table/confusion_matrix_table_10_6e8e14f6cbbe196d0336.table.json","ncols":3,"nrows":100,"_type":"table-file","sha256":"6e8e14f6cbbe196d03365be6027a4d9b98afc4c712f028e9c03e5d9fd78da524","size":2933,"artifact_path":"wandb-client-artifact://oz3we53lsjw86gbl4n0poq80ommjhmvlaytstkb02p37l9gv6szypom3le7njuj5zjgkpbzaukyezkckmfhfbzs6qgaldm2hdm281zm4fjh8zyehavhdinz9h3v9acop/confusion_matrix_table.table.json","_latest_artifact_path":"wandb-client-artifact://h31o0gr1bqnjc859dzskik3avjqzybjz7wfwk81i4rw6lsexxj0vppgrjpms9tdlnc0iwzp89q6n1bdxm1yd1tdsmid07mwrdb0n6cumx2as7bfh3cao368mjiw29woj:latest/confusion_matrix_table.table.json"},"val_accuracy":0.8578,"_timestamp":1.7421088225989258e+09,"loss":0.402861504150998,"_step":10,"_runtime":12.3293373,"val_mse_loss":0.2054768083783602,"cross_entropy_loss":0.33541519367851824,"mse_loss":0.17287755550866946,"accuracy":0.8785925925925926,"val_cross_entropy_loss":0.4001833909920903}