{"_wandb":{"runtime":10},"_timestamp":1.741234450764099e+09,"_step":9,"loss":2.3039538937063493,"val_accuracy":0.1,"_runtime":10.1010115,"val_loss":2.302591770038179,"accuracy":0.1005668346176645,"epoch":10}