{"epoch":5,"accuracy":0.09351851851851851,"loss":2.3242283765900416,"val_loss":2.3349585237606054,"_wandb":{"runtime":4},"val_accuracy":0.10516666666666667,"_timestamp":1.7411538249283292e+09,"_runtime":4.5560361,"_step":4}