{"_step":9,"_timestamp":1.7411542004962137e+09,"_runtime":9.4002668,"epoch":10,"loss":2.3297434786501885,"_wandb":{"runtime":9},"accuracy":0.10064814814814815,"val_loss":2.333305065523883,"val_accuracy":0.09416666666666666}