{"_step":9,"epoch":10,"_timestamp":1.7411522255086987e+09,"val_loss":2.301879883710742,"val_accuracy":0.13016666666666668,"_wandb":{"runtime":5},"_runtime":5.7181791,"loss":2.3019421615334936,"accuracy":0.13212962962962962}