{"val_loss":2.3063649685137233,"accuracy":0.10153703703703704,"val_cross_entropy_loss":2.3029500867109425,"confusion_matrix_table":{"_type":"table-file","sha256":"88f44e1bb5c1672f9adb05ebfd911dde84797f91cf645b82e9a89f538015d355","size":2912,"artifact_path":"wandb-client-artifact://tti7g93ljxoxm60ptm38hhn9pbvowbyqppq4ikagcz9cfb77ymma64vqk74qnitvs5cvr7o9rhq5784xiitl5py3b01iw1ld2ye8w2bom1sl4hmeol5f8crmxi197zzz/confusion_matrix_table.table.json","_latest_artifact_path":"wandb-client-artifact://18x6zzy4xzc7ym2q7vvmibvzjada6pyn2aaeq2vns9ubpd259h9dwrpn9pef1plt6j7bdyc6pg67k8vp6jp76kjh98wflhkoc2vumfs08ukcguaa1soi0icrbwn06fm6:latest/confusion_matrix_table.table.json","path":"media/table/confusion_matrix_table_5_88f44e1bb5c1672f9adb.table.json","ncols":3,"nrows":100},"val_mse_loss":0.9000740041063302,"epoch":5,"_wandb":{"runtime":64},"_runtime":64.2159899,"_step":5,"_timestamp":1.7415842969126437e+09,"loss":2.3056838881933746,"cross_entropy_loss":2.3029017654451946,"mse_loss":0.9000631849484011,"val_accuracy":0.1}