{"val_loss":0.3557693072459424,"_wandb":{"runtime":37},"mse_loss":0.13870224625292296,"_step":10,"val_accuracy":0.8769,"epoch":10,"_runtime":37.5054086,"cross_entropy_loss":0.2615331714298544,"loss":0.2615331714298544,"val_mse_loss":0.17848285422754007,"_timestamp":1.7421984928032534e+09,"accuracy":0.905,"confusion_matrix_table":{"size":2930,"artifact_path":"wandb-client-artifact://z19nvmeocpa53gyxue08jhmuzy8w0kiejdx9e84yys2d9390zzfrnzanh50murqmxa44pn4cy3asdndphyq81uvm6l5es50cj3f915pjevfshkgs55b220ptmczx853s/confusion_matrix_table.table.json","_latest_artifact_path":"wandb-client-artifact://vt7g5o3h6sti4e4k8ih21zq894ags4duk485co2c3mkc4sqnrc7dibu0kxbizw104l4dzusqk6koa8ett0kfdu73kq34wdd238coj029c2z1vbtkovt6tas4pxviy4ys:latest/confusion_matrix_table.table.json","path":"media/table/confusion_matrix_table_10_104a20ead7dc7a9ba244.table.json","ncols":3,"nrows":100,"_type":"table-file","sha256":"104a20ead7dc7a9ba244896e9bc0eabbf4d9b1b46cf7d550dc7db5d7286ea6c8"},"val_cross_entropy_loss":0.3557693072459424}