{"cross_entropy_loss":0.3404612222938644,"accuracy":0.8792037037037037,"_step":10,"loss":0.3404612222938644,"val_cross_entropy_loss":0.38444092819641484,"_runtime":30.5860377,"confusion_matrix_table":{"sha256":"a8b25e29681f2856152af415a73dc3c318b566a6db67fa74db1ac459a5617bfd","size":2934,"artifact_path":"wandb-client-artifact://8kklfygw1hazwefjhuc2dzx4l5ugf5k75y4uk08r7c9rt6evl3g7ql7l7sxmqnn4xze70na6cjlk6r5z30b6x9fmt6xze9u20qbnbf9wfizxavxnoqxm0psw3c5ntkal/confusion_matrix_table.table.json","_latest_artifact_path":"wandb-client-artifact://n4xfh1zmab0ol47o3g1wif8kr1leunpfn9u1smvyt39g5d8ta97p8iwpj3z7l8awqwmx7k7g6bi7cokvxvz2cwxxi37ybbxc22z7uple24oqjb5ff5s7cc8p2we4e4hn:latest/confusion_matrix_table.table.json","path":"media/table/confusion_matrix_table_10_a8b25e29681f2856152a.table.json","ncols":3,"nrows":100,"_type":"table-file"},"_timestamp":1.7421096385461066e+09,"val_mse_loss":0.19473058272460783,"mse_loss":0.17345423328857745,"epoch":10,"_wandb":{"runtime":30},"val_loss":0.38444092819641484,"val_accuracy":0.8641}