{"confusion_matrix_table":{"sha256":"41ffb4db4a808138298b2fd350e5ecb6435d554d73877f222f27f9a26e34c4a2","size":2932,"artifact_path":"wandb-client-artifact://i5evkwdcqaghe3xs6dnw6woqoa9875d7627cy67hekood18egu4vytmxlgo4372fjw5ddvrjijklrem8eq2p2yhpkai3kjp17yo5vcona3l724kl31d9ji33tr0kdcn0/confusion_matrix_table.table.json","_latest_artifact_path":"wandb-client-artifact://2qasemgopfoo3exo5xvv3kn8cjahz58hbta3gg7tsdzuty0soxcew15i2zwvfs03kh17v7t8434x67wnkbhc7mcvg6oxyqz9fkucao7bpm2o2u0ozfqds8k0h827t5bv:latest/confusion_matrix_table.table.json","path":"media/table/confusion_matrix_table_10_41ffb4db4a808138298b.table.json","ncols":3,"nrows":100,"_type":"table-file"},"val_loss":0.3844361736660332,"epoch":10,"_wandb":{"runtime":15},"_timestamp":1.74211183624494e+09,"val_cross_entropy_loss":0.3844361736660332,"val_accuracy":0.8671,"mse_loss":0.15573789338140384,"loss":0.30181578288851435,"accuracy":0.8926481481481482,"_step":10,"cross_entropy_loss":0.30181578288851435,"val_mse_loss":0.19303642290589756,"_runtime":15.596369}