{"val_loss":2.3062975218479136,"epoch":5,"_timestamp":1.7413469293126252e+09,"_step":4,"accuracy":0.09788888888888889,"val_accuracy":0.1,"_runtime":7.6824414,"loss":2.3051731589946596,"_wandb":{"runtime":7}}