{"loss":2.271268918135761,"val_accuracy":0.102,"_timestamp":1.7411537810532544e+09,"epoch":5,"accuracy":0.10903703703703704,"_wandb":{"runtime":3},"val_loss":2.2710090340732636,"_runtime":3.386539,"_step":4}