{"_step":10,"accuracy":0.09818518518518518,"val_accuracy":0.1,"loss":4.4443953057640275,"confusion_matrix_table":{"_type":"table-file","sha256":"e057170823602e16cc6d65e01f04cd68537bdc19067d65140986d32eda76ff73","size":2912,"artifact_path":"wandb-client-artifact://phu5lanpw5gw108v7e5yio2mmoytznn1v2eb3gyrqjqpuhapw7mfa7hm2j1gwbz3hgn1eo2taj845538zdotg4sz151gqlo3j6iq4gckn2ir65djbt606t15mb653r5k/confusion_matrix_table.table.json","_latest_artifact_path":"wandb-client-artifact://vczpirorhlz969qzq9mymten07n54og83kjnrjk8na2oyi8ug5vsjp9me3i1kmjyjsj73w80ydopswzm31bm9tfzt1k767rsze3ubaxdwd2iy9vpshz5eclot7gep9cl:latest/confusion_matrix_table.table.json","path":"media/table/confusion_matrix_table_10_e057170823602e16cc6d.table.json","ncols":3,"nrows":100},"_wandb":{"runtime":21},"_timestamp":1.7415750072255473e+09,"val_loss":4.103147618386045,"epoch":10,"_runtime":21.643893}