{"epoch":10,"loss":2.1141677884298375,"_step":9,"_runtime":6.9255122,"val_loss":2.0842334057930056,"val_accuracy":0.3506666666666667,"_wandb":{"runtime":6},"_timestamp":1.7411541760925963e+09,"accuracy":0.32994444444444443}