{"_timestamp":1.741369140145959e+09,"_runtime":24.2039318,"epoch":10,"_wandb":{"runtime":24},"loss":2.3516094410352957,"accuracy":0.13498148148148148,"val_accuracy":0.1838,"val_loss":2.3515807792641246,"_step":9}