{"cross_entropy_loss":0.49931476443610306,"_timestamp":1.7421911043556266e+09,"accuracy":0.8249444444444445,"confusion_matrix_table":{"_latest_artifact_path":"wandb-client-artifact://3kh11mc47j0ada5v5xupycmxv1hpk4jr8iacciktcvh15ingf0o48617miubjr9bryhq2bi2qkd5zgpxuf4s73e2upioki1g110hrjnkml81jfeirbigbwm3romn2mon:latest/confusion_matrix_table.table.json","path":"media/table/confusion_matrix_table_10_76eace51114123ddcd79.table.json","ncols":3,"nrows":100,"_type":"table-file","sha256":"76eace51114123ddcd795a4dce19604c6ae8a0b8031dee19c052058ef6440799","size":2940,"artifact_path":"wandb-client-artifact://t1j3l36ymm5wnxnpkyd3npas8i90i3g7bfnqgn3phl2oiot16yzb6xgcpd8p13ov872c56qmfsrc2s6gpump21gnrco7d0uvqv72oyk21dqzo3knz5nhhd5gyn8nhdgk/confusion_matrix_table.table.json"},"_wandb":{"runtime":16},"epoch":10,"_step":10,"_runtime":16.5186466,"val_mse_loss":0.2587119712233347,"val_loss":0.5159623351566981,"val_cross_entropy_loss":0.5159623351566981,"loss":0.49931476443610306,"mse_loss":0.2520112335017674,"val_accuracy":0.8238}