{"_wandb":{"runtime":16},"val_accuracy":0.1,"epoch":5,"_timestamp":1.7413485091081223e+09,"_step":4,"val_loss":2.3030740186076213,"_runtime":16.122769,"loss":2.3030988120989595,"accuracy":0.09837037037037037}