{"_timestamp":1.7413433283104684e+09,"val_accuracy":0.1,"_step":9,"epoch":10,"_wandb":{"runtime":38},"loss":2.304785297924056,"val_loss":2.304874265483588,"_runtime":38.7950235,"accuracy":0.1005}