{"epoch":10,"loss":1.7910491207607242,"accuracy":0.4361345887702649,"_step":9,"_timestamp":1.74123455373243e+09,"_runtime":12.311963800000001,"_wandb":{"runtime":12},"val_accuracy":0.3882,"val_loss":1.8004692161859674}