{"_timestamp":1.7415327774171937e+09,"_step":9,"val_loss":2.3010671819102515,"epoch":10,"val_accuracy":0.1002,"_runtime":27.0393678,"loss":2.301279165673322,"accuracy":0.12303703703703704,"_wandb":{"runtime":27}}