{"accuracy":0.09881481481481481,"_timestamp":1.7412576909245727e+09,"loss":2.3046233299152994,"epoch":5,"_runtime":7.9284525,"_step":4,"_wandb":{"runtime":7},"val_accuracy":0.1,"val_loss":2.3044378979024613}