{"_runtime":5.8671985,"epoch":5,"_timestamp":1.7412370801095505e+09,"val_loss":2.3025899373283836,"val_accuracy":0.1,"_wandb":{"runtime":5},"_step":4,"loss":2.3039544608227165,"accuracy":0.10019635447540012}