{"val_accuracy":0.8446,"_step":10,"loss":0.37542095149139554,"confusion_matrix_table":{"nrows":100,"_type":"table-file","sha256":"d787a8439f6a13472f9de98b6cbe59551ed2d3954ca6fc11969adad7861a2997","size":2932,"artifact_path":"wandb-client-artifact://249lr2dblo18bdljht24nqmdilelbrmzm52ayqd4an2px0o9vtvm3pif82gh6o50jhe8wwwx9bu50c5h6tdy5o1tnu9aymrozjx6oz8i901te4g90fbdgaezz1am5yg8/confusion_matrix_table.table.json","_latest_artifact_path":"wandb-client-artifact://eoua8ogkffqjmtzvp6ui0iguiyv3xxhqbrd5nx73q5qecy5soy1x7w33tc0j09dvr8xwm8q183pr555rmr4onwcl7d3cje4ospsk0sjrigz8u5l08x5w4uudtpibarlf:latest/confusion_matrix_table.table.json","path":"media/table/confusion_matrix_table_10_d787a8439f6a13472f9d.table.json","ncols":3},"val_cross_entropy_loss":0.44428425027506346,"_timestamp":1.7415839396169057e+09,"accuracy":0.8711481481481481,"_wandb":{"runtime":13},"val_loss":0.44428425027506346,"cross_entropy_loss":0.37542095149139554,"mse_loss":0.1858367690278353,"val_mse_loss":0.22029752846459225,"_runtime":13.7686438,"epoch":10}