{"loss":0.28292169654406407,"val_cross_entropy_loss":0.3677298713229382,"val_accuracy":0.8774,"_step":10,"_runtime":58.8142985,"mse_loss":0.1477475038642676,"confusion_matrix_table":{"ncols":3,"nrows":100,"_type":"table-file","sha256":"e35d715142e2baf550886e21b34663618d12ae3577f56d298421b5b1f33e1ae9","size":2929,"artifact_path":"wandb-client-artifact://a13pqt2z0su6o3zx5cyras5qtmbx0mz425wr4vop2qou6nyfn51mdqalfgf32ti43k2hfgut3fx0y71xwx0pb031wsgduqx90dbo5uidzc4c75t12gfnzyiam0ptg4jp/confusion_matrix_table.table.json","_latest_artifact_path":"wandb-client-artifact://ygenljx10s5ghupcanrkurnu4qsb08e74bsp2tnhumxf72dsjwu1xuh54ywdftjt026u96y6phya08vf8ktbovuj5rcxn2t9qe3fpssxdujcx27uk58p75i4f0ihd0m7:latest/confusion_matrix_table.table.json","path":"media/table/confusion_matrix_table_10_e35d715142e2baf55088.table.json"},"val_mse_loss":0.1822652498237753,"epoch":10,"_wandb":{"runtime":58},"val_loss":0.3677298713229382,"_timestamp":1.7421114378390923e+09,"accuracy":0.8972962962962963,"cross_entropy_loss":0.28292169654406407}