{"loss":0.42465163491096036,"_runtime":10.9054988,"val_cross_entropy_loss":0.3807533477651452,"accuracy":0.8757962962962963,"_wandb":{"runtime":10},"_step":5,"mse_loss":0.17773617193518285,"val_mse_loss":0.19397509854273393,"confusion_matrix_table":{"_type":"table-file","sha256":"15f70d71aa8922078d40d7463fef3e5aaeb263688ac764949b45b1cc62b91a88","size":2933,"artifact_path":"wandb-client-artifact://m7xqsveea30yjywjdtaaemk9s4ro46nsyp2rmc28vrwsmbeeluhxcq35iooje8qsir0r6avj05ub7z4wtg09wznl83ndf5tmcjsvpbih8wa0uslyv869gjeimm7pc2t4/confusion_matrix_table.table.json","_latest_artifact_path":"wandb-client-artifact://vlpnfnixrbh4kvovs6nvlhu6g87csriwojpcsll23nifvo751ueymt1eg7dle2owvu7t2n903o1hkedlnkpupsbn47ecd7xg2d1nln0iwdf62s0dr38geuvct0mmu6ue:latest/confusion_matrix_table.table.json","path":"media/table/confusion_matrix_table_5_15f70d71aa8922078d40.table.json","ncols":3,"nrows":100},"epoch":5,"_timestamp":1.7415875054267318e+09,"val_loss":0.4625398924598779,"cross_entropy_loss":0.34267096572664585,"val_accuracy":0.8669}