{"val_loss":0.5404735298590085,"_step":4,"_runtime":9.2732955,"val_accuracy":0.8106,"epoch":5,"accuracy":0.819962962962963,"_wandb":{"runtime":9},"_timestamp":1.741340913677207e+09,"loss":0.5276351786313237}