{"_wandb":{"runtime":37},"accuracy":0.8679259259259259,"val_accuracy":0.8548,"_timestamp":1.7415334107156212e+09,"val_loss":0.4158122361106943,"loss":0.37319467887838725,"_step":4,"_runtime":37.1214546,"epoch":5}