{"loss":2.233876414307527,"val_accuracy":0.3585,"accuracy":0.3447962962962963,"epoch":10,"_runtime":6.2153492,"val_loss":2.2245439887423886,"_wandb":{"runtime":6},"_timestamp":1.7411526410338242e+09,"_step":9}