{"_runtime":33.5289764,"confusion_matrix_table":{"_type":"table-file","sha256":"ac40d3442d57800a86d34c05686a672da02d2c3c763e72dee7b63555a40548dd","size":2929,"artifact_path":"wandb-client-artifact://h2m62fpmcxjqklxitnpq2dw6ers9hdy0g3ltl9htu4flt3a9zrz8e0hnvd9g6eo2o50g7p5vu2iwaq0pt00gzem6kbs1503rpxabkn04rashvtpqbf20h9oi9p5umshw/confusion_matrix_table.table.json","_latest_artifact_path":"wandb-client-artifact://f6eiuiccx4an44y1nnaot7gmgia28w1xju0n1k7q4bxdymabjuft2zk1o81u3dn5yob26erqa626okogn6t3o3t367mmort0m02jaldz7sjb1une1m3dq0fx60p69oki:latest/confusion_matrix_table.table.json","path":"media/table/confusion_matrix_table_5_ac40d3442d57800a86d3.table.json","ncols":3,"nrows":100},"epoch":5,"accuracy":0.8657777777777778,"val_mse_loss":0.209882467405359,"_wandb":{"runtime":33},"loss":0.4645251908609265,"_timestamp":1.7415913192170868e+09,"mse_loss":0.19326303178718268,"val_loss":0.49006157113582544,"val_accuracy":0.8501,"_step":5,"cross_entropy_loss":0.3765278463014133,"val_cross_entropy_loss":0.40430407094766885}