{"val_accuracy":0.15533333333333332,"val_loss":2.319367838956638,"_wandb":{"runtime":5},"_step":9,"_timestamp":1.7411568684866495e+09,"_runtime":5.249593,"epoch":10,"loss":2.3338133641615473,"accuracy":0.11611111111111111}