{"_step":9,"epoch":10,"loss":2.3054200479172313,"val_loss":2.302689413261985,"val_accuracy":0.1,"accuracy":0.10094157769869513,"_wandb":{"runtime":42},"_runtime":42.8656436,"_timestamp":1.741242458260662e+09}