{"_wandb":{"runtime":3},"accuracy":0.09938888888888889,"_step":4,"epoch":5,"_runtime":3.8985484,"_timestamp":1.7411558551912017e+09,"loss":2.3241588757729668,"val_accuracy":0.1055,"val_loss":2.32748925127839}