{"loss":2.3045487217656877,"_step":5,"epoch":5,"confusion_matrix_table":{"ncols":3,"nrows":100,"_type":"table-file","sha256":"fde76a3ad560a8d9e3d8af65329ead9e0fc5eb7c4f2377967c2e27d07ba92fba","size":2912,"artifact_path":"wandb-client-artifact://0n63bii58ykmeq9fzhl6g3gv5ee9l54tqopec8v2dwhf10nr475pqn0ozgn0n3c51i5643w47ua18qpqsgpaom698tako95kwbvvcr0n2yz7otah8zar1yfg0opr4c6r/confusion_matrix_table.table.json","_latest_artifact_path":"wandb-client-artifact://r5ubhz3on085j656ul6v1gfb9v4p65mtkcwbbo0te3uxfd540lh7eofw3ibwguwvo446qtx13daacllqaie71ijsx3bhkzgb0sz6uinej8z6skxv0rdy7cgxyu08nf1i:latest/confusion_matrix_table.table.json","path":"media/table/confusion_matrix_table_5_fde76a3ad560a8d9e3d8.table.json"},"val_accuracy":0.1,"val_loss":2.304492962972135,"accuracy":0.09622222222222222,"_wandb":{"runtime":16},"_timestamp":1.7415769807812943e+09,"_runtime":16.8601173}