{"_timestamp":1.7413626390686722e+09,"val_accuracy":0.1,"_runtime":11.0596923,"val_loss":2.303200207988542,"_wandb":{"runtime":11},"accuracy":0.09944444444444445,"_step":4,"epoch":5,"loss":2.303642616823225}