{"val_loss":0.37973655192490197,"_step":10,"loss":0.3289200620676938,"epoch":10,"_runtime":35.4629776,"val_accuracy":0.8668,"_timestamp":1.7421897371656518e+09,"val_cross_entropy_loss":0.37973655192490197,"val_mse_loss":0.192882739621734,"confusion_matrix_table":{"sha256":"46ce5759d4212be68354a7d4244d13f82f3517bf66d4fe8983231109a739ca7f","size":2931,"artifact_path":"wandb-client-artifact://l53gnms31lixm4wk5q48bnizv4kqpz8482e9dp6f7i5uw1000xyocokromwmkm55msksrc775rmsri5ih44ed4hu893p26pcbgf90idlp85fnl7auhhq1uoktw9ul6zj/confusion_matrix_table.table.json","_latest_artifact_path":"wandb-client-artifact://kba2xk5401mkm7yg79ejm2oeik8rc0twn61w8c8ck2udreu35q1ps50mj5ukig6mf1ttl4oc0hwv84nsuepymqpvva68wdrdk3oo0si4672vm26udqg4jl3d985j6s1m:latest/confusion_matrix_table.table.json","path":"media/table/confusion_matrix_table_10_46ce5759d4212be68354.table.json","ncols":3,"nrows":100,"_type":"table-file"},"_wandb":{"runtime":35},"cross_entropy_loss":0.3289200620676938,"mse_loss":0.16877239752208187,"accuracy":0.8821296296296296}