{"val_loss":2.1245891603000033,"val_accuracy":0.5125,"_step":5,"_timestamp":1.7421350939218414e+09,"epoch":5,"_runtime":25.7865095,"val_mse_loss":0.8621474253126448,"loss":2.1527335933460017,"accuracy":0.5054444444444445,"confusion_matrix_table":{"_latest_artifact_path":"wandb-client-artifact://qcq2c9xq73row1nsbtpzns49wnp0d84lrchhnfqs7r5qwpv3z9y7uioielpk6b9nyvjgeg9n4rtsr1uhy66m8uzp5ku681eatd5ogfzt9f19t8qq8prtw8j4bm7u38in:latest/confusion_matrix_table.table.json","path":"media/table/confusion_matrix_table_5_42da8fad0ea65de342c1.table.json","ncols":3,"nrows":100,"_type":"table-file","sha256":"42da8fad0ea65de342c10c1ba14a71c3b2ad8956c6b91cb81dbbc457364ed276","size":2940,"artifact_path":"wandb-client-artifact://o5b6ve5bnpd1jupbwr1pr474s48yov5sot40expzf3208j59a9hq4e7umyd8dgx3gk7xcigxxd0nxoz0mwhrhsyjs1sq3glscdw5dm75qsdknharhy53uw4ynh1cjf7w/confusion_matrix_table.table.json"},"cross_entropy_loss":2.1527335933460017,"val_cross_entropy_loss":2.1245891603000033,"mse_loss":0.8684234812059675,"_wandb":{"runtime":25}}