{"_runtime":20.5851842,"_step":9,"_wandb":{"runtime":20},"val_loss":2.3025861526638067,"_timestamp":1.7412381757219155e+09,"epoch":10,"accuracy":0.10064814814814815,"loss":2.302582410100652,"val_accuracy":0.1}