{"_timestamp":1.742107182893343e+09,"_step":10,"val_mse_loss":0.2060627220383677,"val_accuracy":0.8607,"_runtime":64.543775,"epoch":10,"_wandb":{"runtime":64},"cross_entropy_loss":0.3299826423034226,"mse_loss":0.16294125970143553,"val_cross_entropy_loss":0.4350948405085244,"confusion_matrix_table":{"artifact_path":"wandb-client-artifact://ajucs6o8ztawmlkq3ewsbzl4w0es5iyrfuo0qlh16zevq0en26r56373r1xpq6sukneg6x0cwed2g4vp1f7hh1t5vikm7go7kaxeqm1km4ks2ms3fgx6pxoe160nzeu4/confusion_matrix_table.table.json","_latest_artifact_path":"wandb-client-artifact://l8l3zybqeb5uqwz8omb81fccityw3zels8eiysjtoq8h2egaioli11g0xntp8fxawidl3aai0r2s1s0k3imdlsnq9j6kslys5syifrtnoon34m58hd3ess78zw82boei:latest/confusion_matrix_table.table.json","path":"media/table/confusion_matrix_table_10_72abbda0442019a0cc8f.table.json","ncols":3,"nrows":100,"_type":"table-file","sha256":"72abbda0442019a0cc8f8bf731b4d0c9134a10150ca1f94f715bbe04f901aa87","size":2933},"accuracy":0.8884074074074074,"val_loss":0.4350948405085244,"loss":0.3299826423034226}