{"val_accuracy":0.8656,"_runtime":18.0605026,"loss":0.30936807587476717,"accuracy":0.8875740740740741,"_timestamp":1.741237891172371e+09,"val_loss":0.37422688569124285,"_step":9,"epoch":10,"_wandb":{"runtime":18}}