{"_wandb":{"runtime":44},"epoch":10,"_runtime":44.100732,"loss":0.40991915123775374,"cross_entropy_loss":0.32267924126959296,"accuracy":0.8817407407407407,"_step":10,"val_loss":0.48802383959641865,"val_mse_loss":0.21109062977782547,"confusion_matrix_table":{"size":2930,"artifact_path":"wandb-client-artifact://ictxdhpt5pybjt9pgklowxlmku3wmo45zgwtl0ve11drrg0pegaiz4injjj85bfhjijlcz8s24wqsty5ubcaegq85vxamz72ktd34x15rnverzxu7i4f210ev4exattk/confusion_matrix_table.table.json","_latest_artifact_path":"wandb-client-artifact://6mc56rab0vkhjqu9i303b26glr52ffs3by50q18um1s124o0zf5gcrxflp04bwg8g82a4tk7x130rhpcqzh1sp779mtouo40sn6ublg2n5yjnhcs8v1u51hch9cluyug:latest/confusion_matrix_table.table.json","path":"media/table/confusion_matrix_table_10_cf5d219ce04c53e9a525.table.json","ncols":3,"nrows":100,"_type":"table-file","sha256":"cf5d219ce04c53e9a5251ef87cd67c96b32197fab47cba350f6d10b4ae797c3a"},"_timestamp":1.742197609420787e+09,"val_accuracy":0.85,"mse_loss":0.16879230285032454,"val_cross_entropy_loss":0.40165765107605667}