{"epoch":5,"accuracy":0.34814814814814815,"_wandb":{"runtime":11},"loss":1.491709532359944,"confusion_matrix_table":{"artifact_path":"wandb-client-artifact://3twbg3w1g0shlk78siv5wv2a0fz46074v1f68w2wga58rcrxrek0f7x26w669sbq0cj4096d47cfrn7sx987d1vxmdryuvwu8wz7ibyj6mexqbyoyxutbyu2vuf3wzbn/confusion_matrix_table.table.json","_latest_artifact_path":"wandb-client-artifact://c5ivbv6n8ozaic1am9rn9zdlqvxarfmr6hg0xspciqz7ob4b793kedz8sxirmu9zauj9zz32yu4rqazcp3v1aktxoy4juk0j2k1ip4x31a4wf0i32ntiums22tkzn033:latest/confusion_matrix_table.table.json","path":"media/table/confusion_matrix_table_5_7a5a9d5b97118a022df6.table.json","ncols":3,"nrows":100,"_type":"table-file","sha256":"7a5a9d5b97118a022df62a820ff339537ed725d1b4f2972bda86acd88c83be96","size":2926},"val_cross_entropy_loss":1.4489528047058962,"_runtime":11.0703174,"val_accuracy":0.3656,"_step":5,"val_mse_loss":0.7054733174843348,"val_loss":1.4489528047058962,"mse_loss":0.7185236240047722,"_timestamp":1.742190047244641e+09,"cross_entropy_loss":1.491709532359944}