{"_timestamp":1.7412590010745509e+09,"val_accuracy":0.5903,"loss":0.9848806211492251,"_step":4,"epoch":5,"val_loss":0.9897277356226923,"_wandb":{"runtime":46},"accuracy":0.5962037037037037,"_runtime":46.7070164}