{"_timestamp":1.7411570942749693e+09,"epoch":10,"_wandb":{"runtime":5},"loss":2.306694800007864,"accuracy":0.09996296296296296,"val_loss":2.306660787616426,"_step":9,"_runtime":5.8510538,"val_accuracy":0.10033333333333333}