{"_step":9,"val_accuracy":0.1,"accuracy":0.10095393436140768,"_runtime":52.2340039,"loss":2.3237292961050287,"val_loss":2.31426178312727,"epoch":10,"_timestamp":1.7412299150671527e+09,"_wandb":{"runtime":52}}