{"_runtime":7.3096491,"loss":0.6406291019362117,"_timestamp":1.7421118660163481e+09,"val_cross_entropy_loss":0.6398991354144635,"val_accuracy":0.7813,"_step":5,"confusion_matrix_table":{"path":"media/table/confusion_matrix_table_5_f14dee67ccc7572f4f3f.table.json","ncols":3,"nrows":100,"_type":"table-file","sha256":"f14dee67ccc7572f4f3f46d866f2a6d0ce642aab4a9053ab6075616218d9d27e","size":2940,"artifact_path":"wandb-client-artifact://3k86b1wcenoz990sr7411xudesldy0tb14mxqupn5ykybdfu6p2ff85ube2ytkgkzg3qlf1ryazp3btovaz106basbyrqdzmkzm85yi3238681krool3ziv85cwdluz8/confusion_matrix_table.table.json","_latest_artifact_path":"wandb-client-artifact://gqfsi00u8umq5x44s2pudgge3rszfp0ixhxwo3qmv2ja5tsptzp63vo5jumgojvxnfa9m370sbfizdjn1g1rfkqnkihdoyzegrdsleimc94udnenkyq43qk9m1a60cm7:latest/confusion_matrix_table.table.json"},"accuracy":0.7822407407407408,"cross_entropy_loss":0.6406291019362117,"val_mse_loss":0.31406015885872673,"mse_loss":0.3147031218238699,"_wandb":{"runtime":7},"epoch":5,"val_loss":0.6398991354144635}