{"val_accuracy":0.142,"_timestamp":1.7411530714785976e+09,"val_loss":2.4918648945944786,"epoch":10,"_wandb":{"runtime":6},"_step":9,"accuracy":0.14151851851851852,"_runtime":6.3058942,"loss":2.493326969551459}