{"_runtime":21.0069522,"epoch":10,"_wandb":{"runtime":21},"_timestamp":1.7413577579084828e+09,"loss":2.3033032240678555,"_step":9,"accuracy":0.1010925925925926,"val_loss":2.3030019569122855,"val_accuracy":0.1}