{"accuracy":0.09918518518518518,"epoch":5,"val_loss":2.3025940253088537,"_runtime":8.8778811,"_wandb":{"runtime":8},"_timestamp":1.7413405988680768e+09,"_step":4,"loss":2.3026234421874,"val_accuracy":0.1}