{"_step":10,"val_cross_entropy_loss":0.47411963732975326,"_wandb":{"runtime":23},"val_accuracy":0.8396,"_runtime":23.0871164,"accuracy":0.8652592592592593,"val_loss":0.47411963732975326,"_timestamp":1.7421957324229171e+09,"mse_loss":0.19639156244825587,"epoch":10,"val_mse_loss":0.22748768507311537,"cross_entropy_loss":0.4041751985464562,"loss":0.4041751985464562,"confusion_matrix_table":{"_latest_artifact_path":"wandb-client-artifact://f36bqvq0hgb5roer1nof0qglsabkgqi2pxwgzru4bo1wd96iqyuyvgm6vk00vb75xk6p1ajiu6woo7nxufe166snzffyucjjpm5ka950ipvx37ni9bk00urt6qi890gm:latest/confusion_matrix_table.table.json","path":"media/table/confusion_matrix_table_10_dfc33602214e4f46ba24.table.json","ncols":3,"nrows":100,"_type":"table-file","sha256":"dfc33602214e4f46ba24f4cba2334877f81633fc379a2875e16e57fddec48f35","size":2929,"artifact_path":"wandb-client-artifact://u9t7azyetcbyjtjlmnbhco0rowd9fq2d8dj1q8ube6jiaml5cgd00r0thddx7wfadvcjilznz4h1ks088lwj9xpkf5bm62yk5qpnzms1kjw36jofmf35b329p2dljlm7/confusion_matrix_table.table.json"}}