{"cross_entropy_loss":0.3923497985520886,"_timestamp":1.7421118135359745e+09,"_step":5,"val_accuracy":0.8539,"mse_loss":0.19455127884393336,"val_loss":0.4476153428446358,"_wandb":{"runtime":14},"val_cross_entropy_loss":0.4476153428446358,"val_mse_loss":0.21705129915524327,"confusion_matrix_table":{"sha256":"dba56c22494c84de24f99240e7b82a989f6df204ae3e560b8adeb67784b391cb","size":2935,"artifact_path":"wandb-client-artifact://ttyfz2vpc95xlbu7dxrwsaa656kyn3ppwjxcfg4eeozb5kirkomv3lpju8fpnfsxxsju2yne6n9qsx9c92p9efbbtiwt4vnhzskmb5eqe3ybk2kcdouogacrb0zv821j/confusion_matrix_table.table.json","_latest_artifact_path":"wandb-client-artifact://312bjk9hzfd089qlxynamvdjlxodl11bz0u73sm4h3wdwd15n7p155qjay574qksi8u3ms9n9jwbqsbf8rjmjb6dbpgxaz34v5mldb31weoaf23rkrhykr4nu8orkx9r:latest/confusion_matrix_table.table.json","path":"media/table/confusion_matrix_table_5_dba56c22494c84de24f9.table.json","ncols":3,"nrows":100,"_type":"table-file"},"_runtime":14.4598504,"accuracy":0.867037037037037,"loss":0.3923497985520886,"epoch":5}