{"epoch":5,"_runtime":7.2269315,"_step":4,"val_accuracy":0.1984,"loss":33.83588652584644,"accuracy":0.2010058323448003,"val_loss":39.73198839680878,"_wandb":{"runtime":7},"_timestamp":1.7412377937199428e+09}