{"val_loss":2.2810691535354395,"_wandb":{"runtime":3},"accuracy":0.21722222222222223,"_timestamp":1.7411541190907426e+09,"val_accuracy":0.23483333333333334,"loss":2.2880811371200696,"_step":4,"epoch":5,"_runtime":3.4076781}