{"val_loss":2.302284485558739,"_timestamp":1.7411571044095623e+09,"epoch":10,"_runtime":5.356176,"_wandb":{"runtime":5},"_step":9,"loss":2.302336891367752,"accuracy":0.09925925925925926,"val_accuracy":0.09766666666666667}