{"_timestamp":1.7421951747372296e+09,"epoch":10,"_step":10,"confusion_matrix_table":{"_latest_artifact_path":"wandb-client-artifact://kwj5zi4dvi31eauegvptv7s8ws0gqvv5wd59wpxzulk5dfcp7ragzywbh17eeomah8tid92ua1bgufz6bkudaayebi1zpwim51ro69kc8vuw218vdvc97wqstjibpquh:latest/confusion_matrix_table.table.json","path":"media/table/confusion_matrix_table_10_e057170823602e16cc6d.table.json","ncols":3,"nrows":100,"_type":"table-file","sha256":"e057170823602e16cc6d65e01f04cd68537bdc19067d65140986d32eda76ff73","size":2912,"artifact_path":"wandb-client-artifact://9f8vdi46mpmuwld4u768xt6co98u2ytwh5dvsqnq71uatvspe4dzt7tevpkol2voexmyibueuynfk2osrdtqjntvyr94hlisq035v3jwgo2fxtvwdawo2bdujs3ttrto/confusion_matrix_table.table.json"},"val_cross_entropy_loss":2.302628517816602,"cross_entropy_loss":2.302711845610305,"val_accuracy":0.1,"_wandb":{"runtime":15},"val_mse_loss":0.9000087061291986,"_runtime":15.2755668,"loss":2.3029874503321883,"accuracy":0.0961111111111111,"mse_loss":0.9000253608595019,"val_loss":2.3029330570047106}