{"val_accuracy":0.349,"loss":2.2409151609226727,"_wandb":{"runtime":6},"_step":9,"_timestamp":1.7411551670527713e+09,"epoch":10,"accuracy":0.23344444444444445,"val_loss":2.2232660551882946,"_runtime":6.9898112}