{"_step":4,"_timestamp":1.7412568801337852e+09,"loss":2.3030809363919684,"val_loss":2.3032217964326995,"_runtime":8.8178122,"epoch":5,"val_accuracy":0.1,"_wandb":{"runtime":8},"accuracy":0.10168518518518518}