{"epoch":5,"loss":2.3193928046700756,"_wandb":{"runtime":4},"accuracy":0.09996296296296296,"_runtime":4.5005201,"val_loss":2.3215700671210286,"_timestamp":1.741157039389652e+09,"val_accuracy":0.10033333333333333,"_step":4}