{"_runtime":103.9927322,"loss":2.3090577110270125,"val_accuracy":0.1,"_wandb":{"runtime":104},"_timestamp":1.7413435209957895e+09,"epoch":10,"_step":9,"accuracy":0.10031481481481481,"val_loss":2.3097623499477247}