{"_runtime":12.9973481,"_step":4,"accuracy":0.1007962962962963,"val_accuracy":0.1,"val_loss":2.313928573005621,"epoch":5,"_timestamp":1.7413693364786615e+09,"loss":2.3322360811185057,"_wandb":{"runtime":13}}