{"_step":9,"val_accuracy":0.10316666666666667,"loss":2.3009903050320086,"_wandb":{"runtime":5},"_runtime":5.75373,"val_loss":2.2992537217116,"_timestamp":1.7411537405195749e+09,"epoch":10,"accuracy":0.09964814814814815}