{"val_accuracy":0.8703,"cross_entropy_loss":0.32158349551318577,"accuracy":0.8862592592592593,"_runtime":35.0211291,"_step":5,"_wandb":{"runtime":35},"epoch":5,"val_cross_entropy_loss":0.3794535072043799,"_timestamp":1.7415913963251002e+09,"val_loss":0.3794535072043799,"val_mse_loss":0.1900304045891095,"confusion_matrix_table":{"size":2929,"artifact_path":"wandb-client-artifact://emuf1qz2piz10k1ei43kytu7tniv7b0c5ehyw0i23nboxsjr3hz7teki2jc8kqkat3z1kj040a7fe8wdjtfyw2cv32mosmypegca0al7j9g9kmqdwxixi9ez731zazuz/confusion_matrix_table.table.json","_latest_artifact_path":"wandb-client-artifact://dj05tijqxqczti52s16vrx4ioer4j6blvnqn13s0holq51y5yo3dk9mzbyyaisd9ejhb7mmdwvfy20sdrv8ftvdanh4le4vtqsglr0pc36z81q56cspm3x2mf58znctz:latest/confusion_matrix_table.table.json","path":"media/table/confusion_matrix_table_5_226d013ee5206f7355a1.table.json","ncols":3,"nrows":100,"_type":"table-file","sha256":"226d013ee5206f7355a193452624d9b0e4b9d5be9115edf37ac81d6fa551f539"},"mse_loss":0.16581213164225697,"loss":0.32158349551318577}