{"val_loss":2.306021185533084,"loss":2.3057454600754,"accuracy":0.0995925925925926,"_runtime":25.3112104,"_timestamp":1.7412509968510144e+09,"epoch":5,"_step":4,"val_accuracy":0.1,"_wandb":{"runtime":25}}