{"confusion_matrix_table":{"path":"media/table/confusion_matrix_table_10_843f691a9edd0164d4c8.table.json","ncols":3,"nrows":100,"_type":"table-file","sha256":"843f691a9edd0164d4c825b986739a05c127b3db9d935aebb314ba8f7427ebb9","size":2933,"artifact_path":"wandb-client-artifact://53ewsc6cwh73tumwhvoso8hi98q7lgvd0nzfdybv0vl530k3n4xn5kbln1erx8heakkaazh2rvj77gceslt913pe89c2j99gf75sk885crxlqwzx70osyg308di3y0uv/confusion_matrix_table.table.json","_latest_artifact_path":"wandb-client-artifact://6b4bcncgihvrw74pdpllymvsz17hvix7ey6dp38pyeyyuk1hwagi68yv04azxgno9iklhrdws6hvzasp3jxeu8vk58pu6wsfmdn3txchp2yjc6tog5kpcy6emtuakvor:latest/confusion_matrix_table.table.json"},"accuracy":0.8747222222222222,"val_loss":0.4465302468287109,"val_accuracy":0.8552,"_step":10,"epoch":10,"_timestamp":1.7421119597517898e+09,"val_mse_loss":0.21750912893749236,"mse_loss":0.1838157197051816,"_wandb":{"runtime":15},"val_cross_entropy_loss":0.4465302468287109,"cross_entropy_loss":0.37732625168131884,"_runtime":15.1254862,"loss":0.37732625168131884}