{"_wandb":{"runtime":109},"val_loss":1.797645693578761,"epoch":5,"_timestamp":1.7412301623013368e+09,"_runtime":109.780912,"loss":1.793626381848315,"accuracy":0.19933684054534678,"val_accuracy":0.2003,"_step":4}