{"_runtime":3.7791975,"accuracy":0.10064814814814815,"_step":4,"loss":2.305417721829808,"val_loss":2.3053340944949645,"_wandb":{"runtime":3},"_timestamp":1.741153031395284e+09,"epoch":5,"val_accuracy":0.09416666666666666}