{"mse_loss":0.17003241066456012,"accuracy":0.8817222222222222,"val_mse_loss":0.2082403574368678,"_runtime":19.3833115,"cross_entropy_loss":0.32953231186829945,"_step":10,"confusion_matrix_table":{"nrows":100,"_type":"table-file","sha256":"b0bfca7e0ced573b9176465d4594a6a41da7d357217778c77ce07d1940c4a024","size":2932,"artifact_path":"wandb-client-artifact://rz3tosku1r2i9rfpj7juik73uqoz7umzste57wtdupv4xz459vzpkdd59yde55ovuaryf2bse8nzur1uj57t9kxam0qz48j29subjdx76dnpk3g5elekkolwt7ky06w1/confusion_matrix_table.table.json","_latest_artifact_path":"wandb-client-artifact://mfwuqchns13ly1jw462uzvh49cdwjg7rxoxeihh4ybb2ac90i6jznwu6pganejtgw0lpxubdx6eenizdoqkpdl0umj943tgfz27z2rkr16lvcqh93gfwf6e0avzm5g4k:latest/confusion_matrix_table.table.json","path":"media/table/confusion_matrix_table_10_b0bfca7e0ced573b9176.table.json","ncols":3},"_timestamp":1.742195323425331e+09,"epoch":10,"loss":0.394573710403935,"val_loss":0.48155745471045525,"val_accuracy":0.8521,"_wandb":{"runtime":19},"val_cross_entropy_loss":0.4161414105242103}