{"val_accuracy":0.10083333333333333,"_runtime":7.5271428,"_step":9,"loss":2.4534398900156966,"_timestamp":1.741152200424044e+09,"epoch":10,"accuracy":0.0999074074074074,"val_loss":2.4474255305324166,"_wandb":{"runtime":7}}