{"_wandb":{"runtime":22},"epoch":5,"accuracy":0.10003703703703704,"val_accuracy":0.1,"loss":2.304612632437047,"val_loss":2.304574548271766,"_runtime":22.0256208,"_step":4,"_timestamp":1.7415343366214564e+09}