{"loss":0.3813225778436897,"val_cross_entropy_loss":0.45855856376126586,"cross_entropy_loss":0.3813225778436897,"_runtime":9.6386357,"_step":5,"_timestamp":1.741590719923342e+09,"val_mse_loss":0.22905581770999398,"val_accuracy":0.8428,"epoch":5,"_wandb":{"runtime":9},"val_loss":0.45855856376126586,"mse_loss":0.19125746577465055,"accuracy":0.8675,"confusion_matrix_table":{"size":2931,"artifact_path":"wandb-client-artifact://23budibsqlr76wquuy2cre521wlx5l3z10zqh4gq544fgtq0szev9nar3whoxsttsc7xjjhfhho7ndynm2rt71xc5skw2r5pa1q1xmihqmmbfh1tyfio0s8lpyzra1ul/confusion_matrix_table.table.json","_latest_artifact_path":"wandb-client-artifact://jk0jpeck1p3iim644szky7pmfn4toi4g56mpzdt9yqk883khlecw3vg8iyz2rr3qfspu8emgj5eh9qc59b2po54k8ft1wauxxdlziggglzpfwxndutc0pe7m3da4fhpr:latest/confusion_matrix_table.table.json","path":"media/table/confusion_matrix_table_5_7a4287cc5976aff90d95.table.json","ncols":3,"nrows":100,"_type":"table-file","sha256":"7a4287cc5976aff90d95fbb2ee1af8d9a7964714c7b41f4b96acba657a9249f8"}}