{"_runtime":7.5934878999999995,"accuracy":0.10401851851851852,"_step":9,"_timestamp":1.7411547066498218e+09,"val_accuracy":0.1035,"val_loss":2.293893385846054,"_wandb":{"runtime":7},"epoch":10,"loss":2.3061907443272167}