{"val_accuracy":0.2801666666666667,"_runtime":6.0735769,"accuracy":0.2511481481481482,"_wandb":{"runtime":6},"val_loss":1.9007437958461397,"loss":1.9513756700826346,"_step":9,"_timestamp":1.741155571955935e+09,"epoch":10}