{"_timestamp":1.7413685968233812e+09,"val_loss":2.3034875952095164,"_wandb":{"runtime":37},"accuracy":0.10051851851851852,"epoch":10,"loss":2.303879487406377,"_runtime":37.8048123,"_step":9,"val_accuracy":0.1}