{"epoch":10,"_wandb":{"runtime":21},"loss":0.39649842973623217,"accuracy":0.8722037037037037,"_runtime":21.1536559,"_step":9,"_timestamp":1.7415324856136808e+09,"val_loss":0.5505595611538022,"val_accuracy":0.8474}