{"val_mse_loss":0.2323415251588318,"val_accuracy":0.8344,"_step":10,"_wandb":{"runtime":23},"confusion_matrix_table":{"nrows":100,"_type":"table-file","sha256":"4669759390ce5f2b075a971aab7a86bd561d49932b7801cfb3380a664ef4e1ff","size":2936,"artifact_path":"wandb-client-artifact://pwqo7hygnwsibkd92zqs7qq47y8i78xhwppst0p43qq4pct0x19z8vnzuvv0ixwnaipi4essp7lfw6e2y0983a3xflfk69faz6gz44ow8sfpbiy2nq7sr3zb289epi78/confusion_matrix_table.table.json","_latest_artifact_path":"wandb-client-artifact://8up2xlaqcnyosrgil82ov9ftc2pqe6iok1iiejyp4n6mjhcvqbvvet3z6hkl80w2nso8t3fc82osyz5vvfc35kco095rbp6pqo2ofs4f6el9ltxfykctykjd4l8vxd5f:latest/confusion_matrix_table.table.json","path":"media/table/confusion_matrix_table_10_4669759390ce5f2b075a.table.json","ncols":3},"cross_entropy_loss":0.41055589748999216,"accuracy":0.856,"loss":0.41055589748999216,"epoch":10,"val_loss":0.47575814350750945,"_runtime":23.2704249,"mse_loss":0.20006860345515443,"val_cross_entropy_loss":0.47575814350750945,"_timestamp":1.7421928519157882e+09}