{"val_loss":0.4021095335425527,"val_mse_loss":0.1991019864030025,"epoch":10,"accuracy":0.8880185185185185,"mse_loss":0.16171672425122044,"val_accuracy":0.8637,"_timestamp":1.7421065669601924e+09,"_wandb":{"runtime":13},"confusion_matrix_table":{"artifact_path":"wandb-client-artifact://qn92jaxw2ramtvs6pbob1irechj578w6lcxstfckpcij10ao5iosfrjt9xlqlzp6926ii937298mrdg8bbnav4j0wuhhco4m1ivm8tle7ykdhbzt5m09eysq428old5q/confusion_matrix_table.table.json","_latest_artifact_path":"wandb-client-artifact://u09n9rwqw2f6c9wfwajve8g80tb88tm8sl8ewj95f5yhblk3b4zmqr77py441n9xl3ov3x4m5jlv1820plsk27w3s8v0tkdih7o2qeyypjsez5ode4o05k8ns2rkd8bm:latest/confusion_matrix_table.table.json","path":"media/table/confusion_matrix_table_10_5876c3b404bdfbce224d.table.json","ncols":3,"nrows":100,"_type":"table-file","sha256":"5876c3b404bdfbce224d89f11237f6e216ea1af0d02cd87537bf4485d4ca744e","size":2930},"cross_entropy_loss":0.3171194282528976,"loss":0.3171194282528976,"_step":10,"_runtime":13.3650698,"val_cross_entropy_loss":0.4021095335425527}