{"epoch":5,"cross_entropy_loss":0.3589835479593967,"val_accuracy":0.8587,"loss":0.3589835479593967,"val_loss":0.4197073228264255,"_wandb":{"runtime":51},"accuracy":0.8774814814814815,"val_mse_loss":0.2065812839282873,"_timestamp":1.7421983840490468e+09,"_step":5,"val_cross_entropy_loss":0.4197073228264255,"mse_loss":0.17916793152324764,"_runtime":51.559756,"confusion_matrix_table":{"sha256":"7205ae2604b7f9e5b9cd5e96fe88b93c1729380bccbaf174745f148cd72d3ea1","size":2930,"artifact_path":"wandb-client-artifact://hcbypop1iktk11829y0j0obath8so8hvun7nx8gombks514369ncfy9kafyzdpg08nw7ifwxzh0pg58yyge7mcuxe113udrpmya8kgnm95g0hxwct4jge4aotfovmg7r/confusion_matrix_table.table.json","_latest_artifact_path":"wandb-client-artifact://yi9yxr2nh5dmwuf3g5taff1lghw0hdaxz03odc4yd2r9djf48rerjntw6kogxheagmexk063q69c2br8bto504h7thqew8u7n7xpfv63zdmnjkpg4grjkh06bh8rz1wc:latest/confusion_matrix_table.table.json","path":"media/table/confusion_matrix_table_5_7205ae2604b7f9e5b9cd.table.json","ncols":3,"nrows":100,"_type":"table-file"}}