{"_runtime":32.8202626,"val_cross_entropy_loss":0.4047767484047995,"mse_loss":0.182000159481336,"val_loss":0.4047767484047995,"val_accuracy":0.859,"val_mse_loss":0.20214083699911645,"confusion_matrix_table":{"artifact_path":"wandb-client-artifact://jg1ss1hfwi87quto84wfvbnq9g8z07a6f1mc062g7cetibpis5hcglqhdqw1m18jl7ol7vrpk2rg7z7ov58s2yq93rl6okmm2i4ol3x4lrdu4eltfuby6l7c1o69w9s6/confusion_matrix_table.table.json","_latest_artifact_path":"wandb-client-artifact://k6ffq3t39n70dq5wccxzzu8kwlotkckikiupyaznaidjuamfcgqjg4fqmzbkq8ra9inch2ahx3zjouzl8cc1wgqrlpcmong1v2lh0fk5sqt4kps1ng2tohqij8sn6oqu:latest/confusion_matrix_table.table.json","path":"media/table/confusion_matrix_table_5_84d4392353396f81bf17.table.json","ncols":3,"nrows":100,"_type":"table-file","sha256":"84d4392353396f81bf178e5463864b195cfe592116c90e0cd3bcf4f3348c2e34","size":2932},"accuracy":0.8733148148148148,"_step":5,"_timestamp":1.7415917235053923e+09,"cross_entropy_loss":0.35958116151671704,"epoch":5,"_wandb":{"runtime":32},"loss":0.35958116151671704}