{"_wandb":{"runtime":32},"val_loss":1.2227579638114359,"val_accuracy":0.5574,"val_mse_loss":0.5822303823126543,"epoch":5,"_timestamp":1.7415842253929968e+09,"_runtime":32.363918,"accuracy":0.5153703703703704,"loss":1.2574789275799603,"confusion_matrix_table":{"path":"media/table/confusion_matrix_table_5_efa7c9313f06855e3dda.table.json","ncols":3,"nrows":100,"_type":"table-file","sha256":"efa7c9313f06855e3dda6868bed8f70cac69b957232118d2013a270131e322c4","size":2950,"artifact_path":"wandb-client-artifact://n1hbfrxrzjco3pzbt7myh25s14ggmkqinnve8lj1a7ptusdhbaf1e99v5iezqonqzg4n5iuwehnbelhika99gayh12rvswjbvk7pnwzy7vpoxikygd9p5gv094pt8pex/confusion_matrix_table.table.json","_latest_artifact_path":"wandb-client-artifact://y3bif2b5mrc3lwejypqmp4cqd84yqlz5z5vz9d99x4gqmq0g8dten638r5y03b664p8kj5vro9gv59cwpcqdytexcygidvxrlbq9g6yd7u8fflmga5a4kuhr12devrg1:latest/confusion_matrix_table.table.json"},"mse_loss":0.6056075057185905,"val_cross_entropy_loss":1.13162002987158,"cross_entropy_loss":1.1704835821749966,"_step":5}