{"val_loss":0.41228790661451203,"confusion_matrix_table":{"size":2931,"artifact_path":"wandb-client-artifact://5s7l4fkiife2yrg8da7pqxqjqpmu0iqxo1rliyxw8fd4pfooa3h46arty0r0e217uh92duojsqcwuko0rzp2b697wxl2b54ab9gp4mar87zz0a9my9yqhfb9q35ekn6j/confusion_matrix_table.table.json","_latest_artifact_path":"wandb-client-artifact://gjccyhethvd0260ken3nwcqb19p415y9gz8ho5kcvzo8xmbdkc6h86tstxhvyoimwd5qhk9pecfrbosrf7iiv49jop669luqzsl25n59tvzvyg5wpf1csmyjgnle1h4o:latest/confusion_matrix_table.table.json","path":"media/table/confusion_matrix_table_5_ecca12b891c03084c7c7.table.json","ncols":3,"nrows":100,"_type":"table-file","sha256":"ecca12b891c03084c7c7a10baed6e54b0f24e459d3e462ed72a20d60785d0d44"},"accuracy":0.8713333333333333,"loss":0.36568188112237976,"epoch":5,"_runtime":10.528014,"_timestamp":1.741577091104321e+09,"_step":5,"val_accuracy":0.8627,"_wandb":{"runtime":10}}