{"_timestamp":1.74115546787997e+09,"val_accuracy":0.4655,"_step":4,"epoch":5,"accuracy":0.41783333333333333,"val_loss":1.8638898102051273,"_wandb":{"runtime":3},"_runtime":3.6869203,"loss":1.9406568598489848}