{"_timestamp":1.741151633186865e+09,"loss":2.3050667707559596,"_runtime":7.2465794,"epoch":10,"val_accuracy":0.09416666666666666,"_wandb":{"runtime":7},"val_loss":2.3058933814950273,"_step":9,"accuracy":0.10064814814814815}