{"epoch":10,"val_loss":2.312340950266612,"_runtime":34.4681109,"_timestamp":1.7411529583426678e+09,"val_accuracy":0.12366666666666666,"loss":2.3186901031016696,"_wandb":{"runtime":34},"_step":9,"accuracy":0.1167962962962963}