{"_timestamp":1.7421971144289932e+09,"confusion_matrix_table":{"nrows":100,"_type":"table-file","sha256":"68bfdce2751faac38af4f475abfb5b6ebe48828aaf5768bfca71436f441ca70d","size":2930,"artifact_path":"wandb-client-artifact://lwc6ioi9gh7y1ailqquz6a8i4lxhlztz4dhwzhcm3jzgvzwmiu7zxcf4czxk3e1gfvrodjwf7d376lr2o4wb123gqqynjja0gr1qokcql5f6deko83uvxgk8686v24gr/confusion_matrix_table.table.json","_latest_artifact_path":"wandb-client-artifact://qm6zoqk522s48vi8czsr5804opfrab7fturoaakuor2wtl9y0csfb5snu5hp7n3ssjkjnawguzvlw7raargcahy20587ck1le3eulhw7e15oucj44e8qaauz46d0o2dp:latest/confusion_matrix_table.table.json","path":"media/table/confusion_matrix_table_10_68bfdce2751faac38af4.table.json","ncols":3},"epoch":10,"loss":0.29406028296097236,"val_loss":0.3763968190124785,"val_accuracy":0.866,"_step":10,"val_mse_loss":0.1915710399913648,"_wandb":{"runtime":14},"cross_entropy_loss":0.29406028296097236,"accuracy":0.8930185185185185,"mse_loss":0.15303782128284937,"val_cross_entropy_loss":0.3763968190124785,"_runtime":13.988227}