{"_runtime":4.3852525,"_step":4,"accuracy":0.09944444444444445,"loss":2.3172650305836378,"val_accuracy":0.105,"_timestamp":1.7411561022950892e+09,"_wandb":{"runtime":4},"epoch":5,"val_loss":2.3124906602235415}