{"_step":4,"val_accuracy":0.444,"_timestamp":1.7411579585059912e+09,"epoch":5,"loss":1.9361365730824895,"val_loss":1.7643495742885504,"_wandb":{"runtime":4},"accuracy":0.2948703703703704,"_runtime":4.967728}