{"val_cross_entropy_loss":0.37101175396439223,"val_loss":0.37101175396439223,"_step":10,"confusion_matrix_table":{"artifact_path":"wandb-client-artifact://7otkimo4c5kzwf351kl6di7snc7i7nqe2lvfdz2098n4rps3ay5db94g1f3a3z1fqaf9czi0jl6mx9uune9jp0q617de31r9h1jrglhef7tmd512tmooswu2znsgs457/confusion_matrix_table.table.json","_latest_artifact_path":"wandb-client-artifact://gpprss3zmngwanfm5xdhf6y13sazrzi9h20a7zk57j3a376d1hrel3xokxvbnyro5rpfwf91u6w0sduq7nmom7evrx6r6qtlfzzxev7t176dtg5kekxjhiayu9j3csrt:latest/confusion_matrix_table.table.json","path":"media/table/confusion_matrix_table_10_1345b6764b7f298198e2.table.json","ncols":3,"nrows":100,"_type":"table-file","sha256":"1345b6764b7f298198e2902144920dae679ec00dcc4ad9c2479ffaad81cb0575","size":2927},"accuracy":0.8956851851851851,"val_mse_loss":0.17988834730848455,"loss":0.30144266600036185,"_timestamp":1.7421121026107078e+09,"_wandb":{"runtime":93},"_runtime":93.5426146,"cross_entropy_loss":0.30144266600036185,"epoch":10,"val_accuracy":0.8801,"mse_loss":0.15301044566055316}