{"val_accuracy":0.2003,"_wandb":{"runtime":9},"_step":4,"epoch":5,"_timestamp":1.7412498918586738e+09,"accuracy":0.19548148148148148,"_runtime":9.3872984,"val_loss":1.837227230776571,"loss":1.8364075383981189}