{"val_accuracy":0.777,"accuracy":0.788962962962963,"confusion_matrix_table":{"size":2938,"artifact_path":"wandb-client-artifact://lp1d9fwhojmtcr6ru7n3l26g7fwma78qppvor0xxc5mhggn0r2nqmt7z7lvqrlx22sz00mlpahf0c277jyjf1cgpjm5bn7pksyogbanuwlqed3v2ajun4dq5loquovml/confusion_matrix_table.table.json","_latest_artifact_path":"wandb-client-artifact://konsr4rl2pjuvqxss7o9xg9huhj1sfankiohnp4baci4zx9b2qkfurixfmd96d09q1zdf3zflbq33rosnewcb3e76l0b2s7z3vfl9p73mtj7qdbow1a008jb4t37o3q4:latest/confusion_matrix_table.table.json","path":"media/table/confusion_matrix_table_10_04fac598904823258feb.table.json","ncols":3,"nrows":100,"_type":"table-file","sha256":"04fac598904823258febe7474ec13a9e7b636c239adb44d5dca5390958bb5abe"},"val_cross_entropy_loss":0.6472693446793585,"_wandb":{"runtime":46},"loss":0.7838429171118675,"cross_entropy_loss":0.5925800446852365,"val_mse_loss":0.3179073095949457,"_step":10,"epoch":10,"mse_loss":0.29301912099828137,"val_loss":0.8396448710295816,"_timestamp":1.7421911879292393e+09,"_runtime":46.9094585}