{"val_accuracy":0.4273,"val_loss":23141.557265714553,"_step":4,"_wandb":{"runtime":9},"_runtime":9.2803315,"_timestamp":1.7412500249958477e+09,"epoch":5,"loss":15503.051842215127,"accuracy":0.44007407407407406}