{"_runtime":20.0794833,"mse_loss":0.6472541529090823,"val_mse_loss":0.622082330937786,"val_loss":1.2366880414443326,"cross_entropy_loss":1.2674853095244096,"val_accuracy":0.5443,"_timestamp":1.7421347017074537e+09,"val_cross_entropy_loss":1.2061913081678068,"epoch":10,"confusion_matrix_table":{"nrows":100,"_type":"table-file","sha256":"9a71df9d68bfd5687e120a935cfab20654bd57b3df2bca5999ca132cb0640fc1","size":2943,"artifact_path":"wandb-client-artifact://i6bkatygebvxvfl6dnm6xerwp8joo58qe2u1y0asmjjjtsrnfqub2dp6gt0y5q7lvfjvvv91cgpqpxe7jjhe3e0zr7rbdx9l5emij9sy9eqvjjg1ujjh7y7dw09vslg7/confusion_matrix_table.table.json","_latest_artifact_path":"wandb-client-artifact://tdm7ggcgmpq409ktblhhpfla62km9tuq2f0yjosoayvt2fhcz427v9mcd9xn1l4kzzvplois2pxa6npqrxfaznpvm1l0xqffzeg2cdgbxuyglzkk366qjzb25cqy52jh:latest/confusion_matrix_table.table.json","path":"media/table/confusion_matrix_table_10_9a71df9d68bfd5687e12.table.json","ncols":3},"_step":10,"accuracy":0.47714814814814815,"_wandb":{"runtime":20},"loss":1.2971111979860752}