{"val_mse_loss":0.19422333750540893,"epoch":10,"_wandb":{"runtime":30},"_step":10,"loss":0.4132719689296349,"confusion_matrix_table":{"artifact_path":"wandb-client-artifact://d5mjc0dxvfwa7m6w4m0a6yae9ryubik0vldkw842gdgpzm54nta32kh9b1kj7s7x2j1yhpt591hh569ynib73m2jw7oijyhcs9aaznsski3ct0aj6ncci3aiyqq59kz9/confusion_matrix_table.table.json","_latest_artifact_path":"wandb-client-artifact://wdxhcyahgsa7b53h8sjo5nda7aj3e0ldsacsa9m8ejk57gzzna1j2g3y58iqgh9twsuvm5wu2nsso6jgncyiuxesetglv04c5uz6tu22739w5iiv3chpo2pjue48dror:latest/confusion_matrix_table.table.json","path":"media/table/confusion_matrix_table_10_1e1c60389e7dfd9451fd.table.json","ncols":3,"nrows":100,"_type":"table-file","sha256":"1e1c60389e7dfd9451fd2fef774218c0883cf621ee25e7e07db8bfff5359ecf1","size":2931},"mse_loss":0.17605689177054062,"_timestamp":1.742195143569222e+09,"val_cross_entropy_loss":0.38042178273695754,"_runtime":30.8155081,"val_accuracy":0.8668,"accuracy":0.8756666666666667,"cross_entropy_loss":0.33741756154706476,"val_loss":0.45614667848102236}