{"val_loss":0.5250186703042946,"val_accuracy":0.8149,"_step":9,"loss":0.48766848641445,"_timestamp":1.7412538343625035e+09,"_wandb":{"runtime":13},"accuracy":0.8296666666666667,"epoch":10,"_runtime":13.1535378}