{"val_accuracy":0.1,"loss":2.317365617987875,"_wandb":{"runtime":34},"_runtime":34.2128529,"_step":9,"val_loss":2.3102109447696684,"epoch":10,"accuracy":0.09838992684855674,"_timestamp":1.7412302112214894e+09}