{"_step":4,"loss":2.2446145316552317,"val_accuracy":0.2375,"epoch":5,"_runtime":4.8877977,"_timestamp":1.7411552705482514e+09,"accuracy":0.1832777777777778,"_wandb":{"runtime":4},"val_loss":2.2135190538942005}