{"_runtime":6.6020692,"loss":2.2790511329588217,"val_accuracy":0.32283333333333336,"accuracy":0.13662962962962963,"_timestamp":1.741156317850607e+09,"epoch":10,"_step":9,"val_loss":2.270058614693698,"_wandb":{"runtime":6}}