{"cross_entropy_loss":0.3394107725772805,"loss":0.3394107725772805,"_step":5,"_wandb":{"runtime":8},"accuracy":0.8792962962962962,"epoch":5,"mse_loss":0.17375063182944073,"val_cross_entropy_loss":0.39347788519118787,"_runtime":8.9647917,"confusion_matrix_table":{"sha256":"a5e8d26287fd9866109728a15e7c8664c64d3bad1346ae21f8563c346b646b84","size":2928,"artifact_path":"wandb-client-artifact://k4p6q33uycbb4rr05u9f4h2yzxole5gq79f8vf9q7mmsy3wnhaylev36u9ssbm854e7wrbxo5ym5tp1s4eqf6g31t43sku3bfiq1jch4budbqozqn1din2ac1si5qd36/confusion_matrix_table.table.json","_latest_artifact_path":"wandb-client-artifact://aehz986w1zph9dgmbociknk5cqboajl0z2qjqe2s3ihenzj0bnp1wl5y0hryzdkqz8nq071dtja5syapv8f1wcqrvr0dxkqpn7rl2gvlokia260qo4875h5ecdnldsj7:latest/confusion_matrix_table.table.json","path":"media/table/confusion_matrix_table_5_a5e8d26287fd98661097.table.json","ncols":3,"nrows":100,"_type":"table-file"},"val_mse_loss":0.19922402909155582,"val_loss":0.39347788519118787,"val_accuracy":0.8597,"_timestamp":1.7415872632445002e+09}