{"_runtime":16.4466072,"mse_loss":0.900015518419605,"_wandb":{"runtime":16},"cross_entropy_loss":2.302662614365543,"val_mse_loss":0.8999981694108495,"val_accuracy":0.1,"_step":10,"val_cross_entropy_loss":2.3025753779301295,"confusion_matrix_table":{"ncols":3,"nrows":100,"_type":"table-file","sha256":"fde76a3ad560a8d9e3d8af65329ead9e0fc5eb7c4f2377967c2e27d07ba92fba","size":2912,"artifact_path":"wandb-client-artifact://6v2wuq7rimq4zpntwh9c8pbkqpa0vqupghokqj7fujtpdyw0rrt5xvziwu4n5woeb8xyyn1a49j6fqxk22jd6khms6nrd705qik081er6hdkolz0xoee89aql07wnz1x/confusion_matrix_table.table.json","_latest_artifact_path":"wandb-client-artifact://h5w7qae9m9n9whqc1am2b7iyyoefndegy8c90wt8lclhk88aa0he7i0a81szdohtsol1mbrosulp6txxfksavebkzbln8yihhu7i09jc7qa04mttpztzvk6wubt5nbxz:latest/confusion_matrix_table.table.json","path":"media/table/confusion_matrix_table_10_fde76a3ad560a8d9e3d8.table.json"},"loss":2.302662614365543,"epoch":10,"accuracy":0.10042592592592593,"val_loss":2.3025753779301295,"_timestamp":1.7415855495627515e+09}