{"accuracy":0.9029444444444444,"val_loss":0.36558611310532785,"cross_entropy_loss":0.2770487086902704,"_step":10,"epoch":10,"confusion_matrix_table":{"_latest_artifact_path":"wandb-client-artifact://dnha2akk21wzkqr74eh8so6tntq6xms0vcd5i6kbejz7isd1h5tk07cymyfsyn19duruzkvo8jf8m9r0xlz0boah7zp2jh1ougctn452zqkhghbw4e1vr9uzzkbx6pdq:latest/confusion_matrix_table.table.json","path":"media/table/confusion_matrix_table_10_034088c0949ac96de05b.table.json","ncols":3,"nrows":100,"_type":"table-file","sha256":"034088c0949ac96de05b9e2a47bb168885829da9f3d8307782d761ec56e86f51","size":2932,"artifact_path":"wandb-client-artifact://udby5lhh4pg15bkom0c98gduvy92me6496gfvqqrsj8omorj7h869u30vxwod6dvg0fhwmnypm6h6jifjlsqc5jdwho5rg7t8rw2wp5d751d01cqbh0meo2wl3cqfcz4/confusion_matrix_table.table.json"},"loss":0.2770487086902704,"val_accuracy":0.8778,"_wandb":{"runtime":67},"_timestamp":1.7421085519816601e+09,"val_cross_entropy_loss":0.36558611310532785,"mse_loss":0.14275187319428737,"_runtime":67.5388968,"val_mse_loss":0.1788389133227802}