{"_wandb":{"runtime":6},"val_loss":2.26679233105879,"_runtime":6.3526665,"_timestamp":1.7411559963028085e+09,"loss":2.275998387454331,"val_accuracy":0.2965,"epoch":10,"_step":9,"accuracy":0.3096851851851852}