{"loss":1.6318462314859579,"_runtime":7.822849,"_step":4,"_wandb":{"runtime":7},"accuracy":0.5727037037037037,"val_loss":1.6106761293795353,"val_accuracy":0.5759,"epoch":5,"_timestamp":1.7412527673334754e+09}