{"val_loss":6.5710414809745945,"_runtime":49.3714039,"accuracy":0.10016666666666667,"_timestamp":1.7412354975350187e+09,"epoch":10,"_wandb":{"runtime":49},"_step":9,"loss":7.377004657784946,"val_accuracy":0.1}