{"val_loss":2.3027468491991465,"val_accuracy":0.10966666666666666,"_timestamp":1.741155910797241e+09,"_runtime":5.6865838,"_step":9,"_wandb":{"runtime":5},"epoch":10,"accuracy":0.10803703703703704,"loss":2.302747439692437}