{"val_loss":2.302617380446303,"_timestamp":1.7412540062109125e+09,"val_accuracy":0.1,"epoch":10,"accuracy":0.09798148148148147,"_runtime":59.5953639,"loss":2.3028054794504613,"_step":9,"_wandb":{"runtime":59}}