{"accuracy":0.10083333333333333,"_wandb":{"runtime":16},"loss":2.302594796274608,"val_loss":2.3025949300138087,"epoch":10,"val_accuracy":0.1,"_timestamp":1.7415323670646462e+09,"_step":9,"_runtime":16.4977021}