{"loss":2.3190366747046967,"_runtime":4.0170374,"val_accuracy":0.17383333333333334,"_timestamp":1.7411561126449933e+09,"accuracy":0.16798148148148148,"val_loss":2.3089216105480466,"epoch":5,"_step":4,"_wandb":{"runtime":4}}