{"_runtime":9.8059849,"val_loss":0.43158739042783,"mse_loss":0.20122788945939465,"confusion_matrix_table":{"nrows":100,"_type":"table-file","sha256":"c4a6277c22a992a2a213299c04f4e1b2527bb2c3c5b5b83e4a8f133951bdfc9e","size":2933,"artifact_path":"wandb-client-artifact://pxjne4l7xkh4ix873vjwrii5o405lhf05bs8wbqw7agih0eo175rglrizgjxsm5haxglkqkpzmjc0echwf1v2rmxasetxv4c8cwzd5ze9rk3xqbljed1156nar5krgyk/confusion_matrix_table.table.json","_latest_artifact_path":"wandb-client-artifact://pqr27ez0fzc5o2amx20xzwsnanbjji3iwlqdqlf4oom8hgcimtckzfh3a2bk89idla9cl308glog45e029q4ok4dls811x4ox0mzz0bw5aycdm1qa732r900xii90q7g:latest/confusion_matrix_table.table.json","path":"media/table/confusion_matrix_table_5_c4a6277c22a992a2a213.table.json","ncols":3},"val_mse_loss":0.21942073341105228,"_wandb":{"runtime":9},"val_accuracy":0.8455,"epoch":5,"_step":5,"_timestamp":1.741586979393875e+09,"loss":0.39669873012094164,"accuracy":0.8589074074074075,"val_cross_entropy_loss":0.43158739042783,"cross_entropy_loss":0.39669873012094164}