{"_step":10,"_timestamp":1.741577633743375e+09,"epoch":10,"_wandb":{"runtime":13},"confusion_matrix_table":{"artifact_path":"wandb-client-artifact://o1p3bpmh3np7u6878coyl3jtzjvbr7j9mfjbinb5dpw4uyixl0st49wavezmpl744z7d6zd2bca3k4g7fs83l862k87zw794jyjqts3guo6kf4jlo3occ7dhvmgwgmjo/confusion_matrix_table.table.json","_latest_artifact_path":"wandb-client-artifact://olbjli95upyvbnhostt55170e7btox4u94njhnexz1v6cgq37njnpp5mxcavkutppoyclziigxk4bej3pzme5u9n4567leznb7k2zv7h4ljc2vwelrjgc8g7rxt2bf1m:latest/confusion_matrix_table.table.json","path":"media/table/confusion_matrix_table_10_e057170823602e16cc6d.table.json","ncols":3,"nrows":100,"_type":"table-file","sha256":"e057170823602e16cc6d65e01f04cd68537bdc19067d65140986d32eda76ff73","size":2912},"val_loss":2.3025942114427687,"val_accuracy":0.1,"loss":2.3025945358647957,"accuracy":0.10031481481481481,"_runtime":13.7896531}