{"_step":9,"loss":1.9340036249901564,"val_accuracy":0.4415,"accuracy":0.3911851851851852,"_wandb":{"runtime":49},"val_loss":1.8747575977981312,"_timestamp":1.7413682930181472e+09,"epoch":10,"_runtime":49.2397852}