{"loss":0.3924976708601216,"_wandb":{"runtime":16},"val_accuracy":0.8705,"val_loss":0.4378159460932244,"accuracy":0.8840185185185185,"confusion_matrix_table":{"path":"media/table/confusion_matrix_table_10_a2530d48b918a0b9471e.table.json","ncols":3,"nrows":100,"_type":"table-file","sha256":"a2530d48b918a0b9471ee072564a6c36f85262deebe4242508b17df798ea6aa1","size":2930,"artifact_path":"wandb-client-artifact://fzn2sxc391dr7joom1t8lqz1ynxu9pod4vxi4q8f5iegkzkentw7fuedetlinuqsyp31x1qtn32u1juj94q2ew5rnuvq315xwge1ese8kk9qhv1h9gprhlkbd5lcpub3/confusion_matrix_table.table.json","_latest_artifact_path":"wandb-client-artifact://w6283pm8a3d5tlwjk54m5fel054vvtvyl2bw07g2rq9xbkzjofkdmd6300pwc6ocjwwvpk43nw2epg7uea0m9eji2f3vixricl8dp6cbclogd1i4ao4bqhnsjl92o069:latest/confusion_matrix_table.table.json"},"val_mse_loss":0.18813058727283685,"cross_entropy_loss":0.3183142464374596,"epoch":10,"val_cross_entropy_loss":0.3635798091695597,"_timestamp":1.7421103543852756e+09,"_step":10,"mse_loss":0.166453529555654,"_runtime":16.0531369}