{"_wandb":{"runtime":20},"confusion_matrix_table":{"size":2931,"artifact_path":"wandb-client-artifact://u3va4y7m19ms2cn63ul0khndiqgodu1dhi8fy36xjm71nqmo4vbg0wof68f6bmt7q196e904kitrtefszdmuialwu8ig2zry9vpye59tubfdbqbrb8knjkymnr6pt7sc/confusion_matrix_table.table.json","_latest_artifact_path":"wandb-client-artifact://v8aj2urmhxef3rck6eiz86n9v6u8vsx2rpbdd2vpj7cpgwersf8xgkm5zd9g4d31c6l1hnyn0il13al82fxl3f8l5oo1t6hb6mkieft3vwg6olj27edpes7giclr4soc:latest/confusion_matrix_table.table.json","path":"media/table/confusion_matrix_table_10_982ff58d1e812e251ab9.table.json","ncols":3,"nrows":100,"_type":"table-file","sha256":"982ff58d1e812e251ab9c39a41fdf5b7d8c5f74e8007984238d13c419f2e6aaf"},"val_cross_entropy_loss":0.3832881233249101,"accuracy":0.8917222222222222,"epoch":10,"_timestamp":1.742194239531306e+09,"val_loss":0.3832881233249101,"val_accuracy":0.8682,"_runtime":20.4187449,"loss":0.30504272744365996,"mse_loss":0.15568913470138412,"_step":10,"val_mse_loss":0.19137579931178292,"cross_entropy_loss":0.30504272744365996}