{"_wandb":{"runtime":5},"val_accuracy":0.102,"epoch":10,"_step":9,"val_loss":2.302659181933516,"_runtime":5.2396251,"accuracy":0.11048148148148149,"loss":2.302546779906938,"_timestamp":1.7411537613901742e+09}