{"epoch":10,"_wandb":{"runtime":6},"accuracy":0.0999074074074074,"_timestamp":1.7411530124318495e+09,"loss":2.3045928981769537,"val_accuracy":0.10083333333333333,"_runtime":6.3737832,"val_loss":2.3042586351755423,"_step":9}