{"epoch":5,"val_accuracy":0.15116666666666667,"_runtime":6.7560284,"val_loss":2.301369288347234,"_step":4,"_wandb":{"runtime":6},"accuracy":0.13975925925925925,"_timestamp":1.7411525819347887e+09,"loss":2.301848018382835}