{"_timestamp":1.7411562232726474e+09,"_wandb":{"runtime":7},"_runtime":7.7103711,"loss":2.477541326362848,"val_loss":2.475536230718325,"accuracy":0.10016666666666667,"val_accuracy":0.0985,"_step":9,"epoch":10}