{"epoch":5,"_wandb":{"runtime":3},"val_loss":2.3301231184486255,"val_accuracy":0.09883333333333333,"_runtime":3.8709943,"_timestamp":1.7411564323988943e+09,"_step":4,"loss":2.325924412595539,"accuracy":0.10674074074074075}