{"loss":0.32754082359849457,"confusion_matrix_table":{"artifact_path":"wandb-client-artifact://h4kahotd39mo53xca0p9ojhq85qnd6pjuo0w8ic9v4ilggogh8o3nmb9z032on1202t7r4mwwj2m3ztwlskv9lc3xpz8sdt8mmympeojjvfl6m1owwl2qux4bn27g7a7/confusion_matrix_table.table.json","_latest_artifact_path":"wandb-client-artifact://705hjndmvf3is9kc93k9ggyz2u2xun8klar0m4mgzc4a51720ziyraelotqyc84eueqs8ugkihp55fq33jvyub2xcu8ipledgj6iawiri15l0yq1inilhvucrq4gncvn:latest/confusion_matrix_table.table.json","path":"media/table/confusion_matrix_table_5_68b8c45eff38b0ae5c6b.table.json","ncols":3,"nrows":100,"_type":"table-file","sha256":"68b8c45eff38b0ae5c6b987866709bea84e5a7c7744a5511425c21d212ff6b09","size":2929},"val_accuracy":0.8674,"_timestamp":1.741589219402515e+09,"cross_entropy_loss":0.32754082359849457,"val_loss":0.3714522497350075,"epoch":5,"_step":5,"_wandb":{"runtime":10},"_runtime":10.3159084,"accuracy":0.8820555555555556,"mse_loss":0.17047707355661823,"val_mse_loss":0.18908326691112468,"val_cross_entropy_loss":0.3714522497350075}