{"cross_entropy_loss":0.37420559403622033,"_timestamp":1.7415892965448642e+09,"accuracy":0.8699629629629629,"_step":5,"mse_loss":0.18779028384783056,"val_cross_entropy_loss":0.4145022368704451,"val_mse_loss":0.20440543604145892,"confusion_matrix_table":{"artifact_path":"wandb-client-artifact://5k1hhw4vx6ffua4m5swxw7yq15rp2fcirghk27wbrvb7vfagjze3kfbgxhiwrdsax44j2hm5y0y9nvkocogf24dcgn91tp6tinjjg97ry5nl3loo84ifpcods7chik9b/confusion_matrix_table.table.json","_latest_artifact_path":"wandb-client-artifact://j8adtfn6yj6aw2t4v0vkcdtoerapsxygiodpgksrxo0v1ah134yk3nipmpymt6sm280hgitcbywfle2kdimdz0vhulwqdtsmwwqkcts40qeof1vkl1re7gx9s1czs2jf:latest/confusion_matrix_table.table.json","path":"media/table/confusion_matrix_table_5_e2835077240089a93a60.table.json","ncols":3,"nrows":100,"_type":"table-file","sha256":"e2835077240089a93a6037db371cf7bdda8cfa3081ad474ecbe418149431651c","size":2931},"epoch":5,"_runtime":18.3954042,"_wandb":{"runtime":18},"val_loss":0.4145022368704451,"val_accuracy":0.8559,"loss":0.37420559403622033}