{"epoch":5,"val_loss":2.3069260801462006,"_runtime":4.5691077,"accuracy":0.03662962962962963,"val_accuracy":0.036333333333333336,"loss":2.306998538523248,"_timestamp":1.7411519875215828e+09,"_step":4,"_wandb":{"runtime":4}}