{"epoch":10,"_wandb":{"runtime":66},"_step":9,"val_loss":2.463763665330903,"val_accuracy":0.1,"_timestamp":1.741340550890426e+09,"_runtime":65.7764572,"loss":2.4641512001925805,"accuracy":0.1025925925925926}