{"_runtime":8.1352342,"val_accuracy":0.2085,"loss":39.31549347566939,"accuracy":0.20628830565440884,"epoch":5,"val_loss":65.05750601044677,"_wandb":{"runtime":8},"_timestamp":1.7411911141478715e+09,"_step":4}