{"loss":0.8672091189804453,"_runtime":9.3308725,"confusion_matrix_table":{"_type":"table-file","sha256":"40f53ed0c2f92ebdcc9e50aa421e5e0e4472aa3a4e22c4c2211dddd08d444466","size":2944,"artifact_path":"wandb-client-artifact://dk05i9weqt6ag5qk7bqfbaiy6ulayo53mrfvklkk0ah2qfip7d1lvvx6hzoo1wv5y3m8ihm61wtku862t6otpnz6a1yg5vrtdhkaww5vyn0wx7ed9wluozsi1rz4mk4i/confusion_matrix_table.table.json","_latest_artifact_path":"wandb-client-artifact://x70i5vklfgev1mus8i8u275e4mhcq6q97pop55xhx1xt6jwhaaoxnkygmq8v83l3ocglfndzemo5frg92w457dw0u2wl7smlyx2v8kjab9mmuhihmsua1o0e05pdhoq8:latest/confusion_matrix_table.table.json","path":"media/table/confusion_matrix_table_10_40f53ed0c2f92ebdcc9e.table.json","ncols":3,"nrows":100},"accuracy":0.6902962962962963,"val_accuracy":0.6852,"epoch":10,"_timestamp":1.7415773653483555e+09,"_wandb":{"runtime":9},"_step":10,"val_loss":0.8634746138540237}