{"_timestamp":1.7421959068324847e+09,"val_mse_loss":0.19849968817848834,"_wandb":{"runtime":38},"_step":10,"epoch":10,"val_cross_entropy_loss":0.3813630213569317,"val_loss":0.46394158444433387,"accuracy":0.883537037037037,"val_accuracy":0.8616,"cross_entropy_loss":0.3161448238348708,"confusion_matrix_table":{"_latest_artifact_path":"wandb-client-artifact://jp32n8d7tmfctzvmuh6zafznlr9pfr7ntsuunsve3ja2j1186wjyobbghpgan9dl4tuq88tlftjyl5of5k7q7mg8weghzcsxcjx5velk0xra0gyjkj15rkvm0co5kjtc:latest/confusion_matrix_table.table.json","path":"media/table/confusion_matrix_table_10_b6fa76a017ea53542411.table.json","ncols":3,"nrows":100,"_type":"table-file","sha256":"b6fa76a017ea5354241168869f3e4524e9f14f69554a5d13b86f84a511fec154","size":2934,"artifact_path":"wandb-client-artifact://5cehyp5z2uexj46sdyknpg59246tsorqh8kq6uvz9oii5sb4fkf191rt9kjhrtbg4abnwauf1ht769icxdrg3ouje0pin53hmvr56fmb90z9ln35w26albzm9m532e2m/confusion_matrix_table.table.json"},"mse_loss":0.1665438522457266,"_runtime":38.0891676,"loss":0.3988965259677663}