{"accuracy":0.7180740740740741,"_runtime":16.1350483,"loss":0.7754413245389467,"confusion_matrix_table":{"_type":"table-file","sha256":"a282f581998211810c5b2d03e9bf357e43ee7a0c9a3a998295dff991829653cb","size":2946,"artifact_path":"wandb-client-artifact://dmgifa5r2l74dpj876zqqd125vntg7d9ya923ithx2xcepzcl3jojfgtme49j8c8oi5wb3qzc8h1bx1ahbg7vddo18i2z4bzu7ixuppo2f4hwh7xoeix86t1qcem5azn/confusion_matrix_table.table.json","_latest_artifact_path":"wandb-client-artifact://06ygt8v9vpdn6eba1oy7clul2352otk3p7omhl9mfph7b4j25edh6lkz9k58iebpa1bpfdb71r5nsjx4mz0uu2fj6ghrnbbgbr2wvg9884wqy2zm68l5v4mt4f6fof84:latest/confusion_matrix_table.table.json","path":"media/table/confusion_matrix_table_10_a282f581998211810c5b.table.json","ncols":3,"nrows":100},"_step":10,"val_accuracy":0.7234,"epoch":10,"val_loss":0.7705707179028543,"_timestamp":1.7415769269697983e+09,"_wandb":{"runtime":16}}