{"accuracy":0.1200925925925926,"epoch":5,"_runtime":4.0762238,"loss":2.3036600534098577,"_timestamp":1.7411541093277388e+09,"val_loss":2.303699548025925,"_wandb":{"runtime":4},"_step":4,"val_accuracy":0.11883333333333333}