{"accuracy":0.7295555555555555,"val_loss":0.7764796988043883,"val_accuracy":0.7222,"loss":0.7513851337366172,"_step":9,"_wandb":{"runtime":118},"_runtime":117.9858135,"_timestamp":1.741254825942791e+09,"epoch":10}