{"epoch":5,"val_accuracy":0.4785,"_runtime":8.5791535,"_timestamp":1.7412432900163753e+09,"accuracy":0.4690925925925926,"_wandb":{"runtime":8},"loss":1.3077417940087508,"val_loss":1.2804575260697981,"_step":4}