{"accuracy":0.8801296296296296,"_wandb":{"runtime":17},"loss":0.3372776151913987,"mse_loss":0.1729563959230993,"cross_entropy_loss":0.3372776151913987,"val_cross_entropy_loss":0.3963865687218375,"val_loss":0.3963865687218375,"confusion_matrix_table":{"ncols":3,"nrows":100,"_type":"table-file","sha256":"80f164fe021299c1e34411d2ab97180e6682582039867d7ff7fbb5d020ee4fdc","size":2931,"artifact_path":"wandb-client-artifact://vga7ebjsx05tq3p9de50no72ayzeajkxxh1eqazfi1u0dt6q0xp93vm6c07z9m7nq863cxmxjv8opd00nxd0e0zbkc572j9oftilrtubz24zcgsan6u1pkpjqxx7unq2/confusion_matrix_table.table.json","_latest_artifact_path":"wandb-client-artifact://vb3rojfo1tjrl5w7uk83ar12qx67th59ytmaaa06kwch6akzhvmeg3bhix2ct4wo7w6m50qz592bd886iicev2d1a03omxs4mbog9n9qn581uagf5m2e8hcyzduk8r0y:latest/confusion_matrix_table.table.json","path":"media/table/confusion_matrix_table_5_80f164fe021299c1e344.table.json"},"_runtime":17.3632793,"epoch":5,"_timestamp":1.7415875380352476e+09,"val_mse_loss":0.2012018553199446,"val_accuracy":0.86,"_step":5}