{"loss":2.230354520516517,"_step":9,"epoch":10,"_runtime":6.6359248,"accuracy":0.16031481481481483,"val_loss":2.214725377117335,"_wandb":{"runtime":6},"val_accuracy":0.17533333333333334,"_timestamp":1.7411515677146175e+09}