{"val_loss":2.303846239759648,"epoch":5,"_step":4,"_timestamp":1.741346169033909e+09,"val_accuracy":0.1,"_wandb":{"runtime":12},"accuracy":0.09803703703703703,"loss":2.3040005715575895,"_runtime":12.1016745}