{"_wandb":{"runtime":5},"epoch":5,"_runtime":5.870531,"loss":2.304030461182413,"val_accuracy":0.1,"_step":4,"accuracy":0.09932572614107883,"val_loss":2.3026000446263017,"_timestamp":1.7412392914142613e+09}