{"val_accuracy":0.7668,"_step":4,"val_loss":0.6560467459350943,"epoch":5,"_runtime":6.3801222,"loss":0.6534715191744815,"_timestamp":1.7413433860363972e+09,"_wandb":{"runtime":6},"accuracy":0.763537037037037}