{"val_accuracy":0.1,"_step":9,"_runtime":9.570853,"_wandb":{"runtime":9},"epoch":10,"_timestamp":1.7412379414713166e+09,"val_loss":2.3069905918708717,"loss":2.3079396119683446,"accuracy":0.10151155898043865}