{"_wandb":{"runtime":3},"accuracy":0.22896296296296295,"val_loss":2.220204545069514,"_timestamp":1.741157198857042e+09,"val_accuracy":0.2475,"_step":4,"loss":2.2386823844927344,"_runtime":3.3482324,"epoch":5}