{"loss":2.3026848983527715,"val_accuracy":0.1,"val_mse_loss":0.9000017380107392,"val_loss":2.3026809920782725,"mse_loss":0.9000025480390166,"_timestamp":1.741586750979658e+09,"_step":10,"accuracy":0.10038888888888889,"_wandb":{"runtime":64},"_runtime":64.74643090000001,"confusion_matrix_table":{"_latest_artifact_path":"wandb-client-artifact://9efjw83l9sy42mjli8ts973m7407vmrcvm9q3jr7kgo6kqkpf1qh7pfrmn04g3ghpzrcnxv01vpufgd536ob49jmr5vtx9kcblezpvnkyqnqumsarbz58v3rzidynakw:latest/confusion_matrix_table.table.json","path":"media/table/confusion_matrix_table_10_e057170823602e16cc6d.table.json","ncols":3,"nrows":100,"_type":"table-file","sha256":"e057170823602e16cc6d65e01f04cd68537bdc19067d65140986d32eda76ff73","size":2912,"artifact_path":"wandb-client-artifact://ga1etmqs1iauo0p396vz79vc713mk9o2u4hh7pmijfhq6rushfma89atwm9uem7f6dc6go8isrus7s9gzwsl2313l0cc92zutvwspnzllcwnd9eeoz3q6pxvinhcy4gj/confusion_matrix_table.table.json"},"epoch":10,"cross_entropy_loss":2.3025977545763237,"val_cross_entropy_loss":2.3025936671083675}