{"val_accuracy":0.1,"epoch":5,"_timestamp":1.741345490969162e+09,"_runtime":7.0962142,"_step":4,"val_loss":2.3265721010945226,"_wandb":{"runtime":7},"loss":2.326604829005347,"accuracy":0.10101851851851852}