{"val_accuracy":0.8421,"confusion_matrix_table":{"sha256":"5eeea31801e1903182a3c3353d14dbbbdd5a081b6085ac83ce484d757f838539","size":2928,"artifact_path":"wandb-client-artifact://vc7rk0i0zurc0tjvzfd9j4ynvk49fis5yjl6v21y3kv7fg0pdmy19i9x769506vv7bdle67ixj0qkc4gebnda69cw55m4xju1u6pnojbtw5tagyzd8zzlw4d4zgf40gv/confusion_matrix_table.table.json","_latest_artifact_path":"wandb-client-artifact://tgnu9eklba935qeh1vay9dopofrmqjjcnqhjag54hxm1cdk2qv4a05j218vnenim77ksl9mb06e5zkk9idfot1b8qwn3zbhvv0rukehvaurf6jco0zlmmbpk7l713pjh:latest/confusion_matrix_table.table.json","path":"media/table/confusion_matrix_table_5_5eeea31801e1903182a3.table.json","ncols":3,"nrows":100,"_type":"table-file"},"accuracy":0.8730925925925926,"_runtime":8.596453,"_wandb":{"runtime":8},"val_cross_entropy_loss":0.42375644069894053,"val_loss":0.48478089793529033,"_step":5,"cross_entropy_loss":0.3537967218334045,"mse_loss":0.1815664739552877,"loss":0.41449443734356595,"_timestamp":1.7415871569531372e+09,"epoch":5,"val_mse_loss":0.21911505085628855}