{"epoch":5,"val_loss":0.39795067262384365,"accuracy":0.8736111111111111,"loss":0.3513940911324822,"val_cross_entropy_loss":0.39795067262384365,"val_mse_loss":0.19984879361284255,"mse_loss":0.18071600720241596,"_runtime":7.9756349,"val_accuracy":0.8612,"cross_entropy_loss":0.3513940911324822,"confusion_matrix_table":{"nrows":100,"_type":"table-file","sha256":"389847e42521ecce9361693c6a9338d1722ae5ed9cbe5537d0d2449ec6cc2784","size":2929,"artifact_path":"wandb-client-artifact://a4h3x11ikldygoykaawu06z6qcylncy94tkr80gmn30o6kouy5p9z3jui4npmhr880bi1k9afe26n42sc5sx03pqgq156dvxbjb8rfx62cc3jm30lz4fi4mmb8drg9tt/confusion_matrix_table.table.json","_latest_artifact_path":"wandb-client-artifact://sf1gccih2vjimitp3kehk3xs2ueia9ysl1oiejzr6k2ahixo6rhsb5mcyzxww55ejbcnfjhm2t6q6gxafgdhvdly6ouuo24tmvv7sijqlxjtbojv2mfmng5enub58yoq:latest/confusion_matrix_table.table.json","path":"media/table/confusion_matrix_table_5_389847e42521ecce9361.table.json","ncols":3},"_timestamp":1.7415890299591167e+09,"_step":5,"_wandb":{"runtime":7}}