{"_runtime":5.3653591,"accuracy":0.5772538552787663,"val_accuracy":0.6142,"_timestamp":1.741240970679203e+09,"_wandb":{"runtime":5},"_step":4,"epoch":5,"val_loss":1.1867046939499777,"loss":1.3199737963753615}