{"loss":0.36479189101261666,"epoch":10,"val_loss":0.43296153048904673,"_runtime":12.8572159,"_wandb":{"runtime":12},"accuracy":0.8690255535784894,"val_accuracy":0.8524,"_timestamp":1.7412356149063377e+09,"_step":9}