{"val_loss":1.032097510353285,"accuracy":0.5942222222222222,"_timestamp":1.7411527271941087e+09,"_runtime":6.3546783,"_wandb":{"runtime":6},"val_accuracy":0.5868333333333333,"_step":9,"loss":1.0926932430831056,"epoch":10}