{"_step":9,"val_loss":1.3013500236024955,"accuracy":0.46680497925311204,"val_accuracy":0.4996,"_wandb":{"runtime":8},"epoch":10,"_timestamp":1.7412391776484935e+09,"_runtime":8.7497229,"loss":1.3102784370855483}