{"mse_loss":0.14537283579438717,"_timestamp":1.7421108992671397e+09,"val_accuracy":0.8659,"val_loss":0.4035812769130893,"val_cross_entropy_loss":0.4035812769130893,"_wandb":{"runtime":64},"cross_entropy_loss":0.2830733614776444,"confusion_matrix_table":{"sha256":"4e5b72af4f593776aedf98662f895dd7b2da553a106132116deca866b48e52b3","size":2929,"artifact_path":"wandb-client-artifact://c2eatmjrrqh9u1o6c93c488b4ycf18s7yjkscpdrmyo8gronvuehx3yx3fmztwdtn0d67q74cx9l8gk30clzdvljkb41reqh404zbivlipgcnteafjvtku7gwznano0l/confusion_matrix_table.table.json","_latest_artifact_path":"wandb-client-artifact://c9rghmcoetbwly06gx4q4bdoxjlyuhsbix9ot2otxito36uyole6az4yrudz8qhku6lhix5rewjf1b5y44tvuaro2kpa90hrqpas3frp6uj32obk4kx8q2b4cri6n9gx:latest/confusion_matrix_table.table.json","path":"media/table/confusion_matrix_table_10_4e5b72af4f593776aedf.table.json","ncols":3,"nrows":100,"_type":"table-file"},"accuracy":0.9005555555555556,"val_mse_loss":0.19971773386205977,"loss":0.2830733614776444,"_runtime":64.5032453,"_step":10,"epoch":10}