{"epoch":5,"val_accuracy":0.3942,"_wandb":{"runtime":13},"val_loss":2.295952905797131,"loss":2.3090080842463045,"_step":4,"accuracy":0.40621295198577356,"_timestamp":1.741235212889324e+09,"_runtime":13.3486726}