{"val_loss":2.3032383830850653,"_timestamp":1.7413643593839524e+09,"_wandb":{"runtime":18},"val_accuracy":0.1,"_step":9,"epoch":10,"loss":2.3032989971046587,"accuracy":0.09907407407407408,"_runtime":18.9595577}