{"_timestamp":1.7411520240615675e+09,"_step":4,"epoch":5,"accuracy":0.11242592592592593,"_wandb":{"runtime":3},"loss":2.3551794238580004,"val_loss":2.348739864668531,"val_accuracy":0.12233333333333334,"_runtime":3.6541277}