{"epoch":10,"_timestamp":1.7411561381881545e+09,"_step":9,"loss":2.163093200691668,"val_accuracy":0.24366666666666667,"_runtime":8.2755812,"accuracy":0.21103703703703705,"_wandb":{"runtime":8},"val_loss":2.139514125391725}