{"_step":10,"_runtime":13.7890276,"loss":0.4004965216611726,"accuracy":0.8812037037037037,"confusion_matrix_table":{"artifact_path":"wandb-client-artifact://dzzz6mn05l9xodu463bm32ky5z19qx40prxkj9fi3fvsxl2kr5e5ucpc7wvyykkthj4ku4l6rqr2mryzzq4g4v7ciia098daojy64l3ltcpgpb6p5cm7xksvxzwlti7w/confusion_matrix_table.table.json","_latest_artifact_path":"wandb-client-artifact://4gyd1wz3fk2ttq2n2hhs0ecj296i012jqndr4p0z97skret8kd6gq2zzftcrboqwcskq5zun6avsi1d4tad29q7g54glglag0hm831z8v4k8121x7v6p7lzigtt5927w:latest/confusion_matrix_table.table.json","path":"media/table/confusion_matrix_table_10_f0c96fc207fe0aee970c.table.json","ncols":3,"nrows":100,"_type":"table-file","sha256":"f0c96fc207fe0aee970c5fc7d882ff47de87715a0005ebdb873a35d12ae7a175","size":2933},"val_loss":0.4597844587642282,"val_cross_entropy_loss":0.3900034011741061,"mse_loss":0.17003600869579094,"val_accuracy":0.8614,"cross_entropy_loss":0.3308345868224511,"_wandb":{"runtime":13},"epoch":10,"val_mse_loss":0.1973824776767872,"_timestamp":1.7421966403308775e+09}