{"val_loss":0.37147548973033306,"_step":10,"confusion_matrix_table":{"ncols":3,"nrows":100,"_type":"table-file","sha256":"d9cb2d9f53a3213e53364c337c15fbb0e33cbee9f191d4d1a0cb2ac64967fc0c","size":2929,"artifact_path":"wandb-client-artifact://dl9j0hg5rjsj48od5z1rcactlg5hukeweqbinyza22h4zpywh42fwbfbrgyxqhhieivo9c43f6skfkjkeaakrcopgqa6kcxmuh6wyu928r9tf10tgr74ty5ge14w8ucc/confusion_matrix_table.table.json","_latest_artifact_path":"wandb-client-artifact://z9f3u6lfqzx3w00tv0tf1x2v86ip8x7i991j70h9qhjoqvecintk4h9cw1j9awr8lxxu8d89p5cy4o8dly25w1xpacf1prf662ayulw780yyhlnn8admyhwv813aht7d:latest/confusion_matrix_table.table.json","path":"media/table/confusion_matrix_table_10_d9cb2d9f53a3213e5336.table.json"},"val_cross_entropy_loss":0.37147548973033306,"cross_entropy_loss":0.3062419995306745,"loss":0.3062419995306745,"mse_loss":0.15599578088195015,"accuracy":0.8932037037037037,"_wandb":{"runtime":34},"val_mse_loss":0.1845894666631835,"_runtime":34.0910288,"val_accuracy":0.8726,"epoch":10,"_timestamp":1.7421056357517438e+09}