{"_step":10,"val_loss":0.5974631972147298,"val_mse_loss":0.2802436812667793,"mse_loss":0.26198620564414854,"confusion_matrix_table":{"ncols":3,"nrows":100,"_type":"table-file","sha256":"6ec6e57db0e98b405af015f836038a8125aff5bd87521b584c0a6b63c4a5d5fa","size":2935,"artifact_path":"wandb-client-artifact://zxgednyp3fpuolh1x1c0ikqm2j11krlugndc80w33z6fniv0rc3fwq7di9eddaobo66hetvta0of6gk0x01kn5llyjuu9qstx17t2cttkegjmr944p6idmtkca7d9ftm/confusion_matrix_table.table.json","_latest_artifact_path":"wandb-client-artifact://zfnccpe76ek57z2y5aipni9w1fk6kheuv2xojo7p63brqbsbnvi6c1kfbnvjm6r8tw2z0wag3ekyu8qt9geg9ptlsamhfjmg0qjie36vle020n1ycn1au8tvjatbexa7:latest/confusion_matrix_table.table.json","path":"media/table/confusion_matrix_table_10_6ec6e57db0e98b405af0.table.json"},"val_cross_entropy_loss":0.5974631972147298,"val_accuracy":0.8045,"cross_entropy_loss":0.548729452423004,"epoch":10,"accuracy":0.8177037037037037,"loss":0.548729452423004,"_timestamp":1.7421969830570128e+09,"_runtime":16.9319319,"_wandb":{"runtime":16}}