{"loss":2.315646829142032,"epoch":5,"accuracy":0.09964814814814815,"val_loss":2.314190403718393,"_runtime":4.7357541,"val_accuracy":0.10316666666666667,"_timestamp":1.7411580869002938e+09,"_wandb":{"runtime":4},"_step":4}