{"accuracy":0.09898922499011467,"_timestamp":1.7412374697346117e+09,"loss":2.369317915459859,"_runtime":33.1669256,"epoch":10,"_step":9,"val_loss":2.34322405286201,"val_accuracy":0.1,"_wandb":{"runtime":33}}