{"_wandb":{"runtime":52},"val_accuracy":0.8413,"loss":0.45329691435996916,"val_cross_entropy_loss":0.5005393011997843,"val_mse_loss":0.22812953378618578,"mse_loss":0.19677721689805558,"epoch":10,"_runtime":52.6017307,"cross_entropy_loss":0.45329691435996916,"confusion_matrix_table":{"nrows":100,"_type":"table-file","sha256":"fd2c434476f9b031cefc3c3ab23711532322cda97c3bbe6b07fc462ee8c4a06e","size":2930,"artifact_path":"wandb-client-artifact://icnyt5cxfr6qbs318xt1pepinqn3xeywfzb4gwxpj7ow5sf4c7q0vhibsjl0p9ebu1wrkjbtahgz93qb4zch6yj4xwnjgsnro4q4t409gzfdphigv2teoxrqtausbxkg/confusion_matrix_table.table.json","_latest_artifact_path":"wandb-client-artifact://gy2h034pg3ve1c6u5naxeuyj6d20ojk3npnwg86btz3u54k4dlqe2mjt0ane14xs8mez4gmh78mplr0ay6y5jdff7dn434c0e43g2685311ustuhmiw2hrv5sk2pns3a:latest/confusion_matrix_table.table.json","path":"media/table/confusion_matrix_table_10_fd2c434476f9b031cefc.table.json","ncols":3},"accuracy":0.8654814814814815,"val_loss":0.5005393011997843,"_timestamp":1.7421914914375353e+09,"_step":10}