{"loss":40.842906117336796,"val_accuracy":0.2,"epoch":10,"accuracy":0.2002962962962963,"_step":9,"_timestamp":1.7412504244416335e+09,"val_loss":78.89708637179172,"_wandb":{"runtime":50},"_runtime":50.1242116}