{"_wandb":{"runtime":24},"_runtime":24.7314061,"val_loss":2.3068981563325446,"val_accuracy":0.1,"_timestamp":1.7413642108247695e+09,"accuracy":0.09992592592592593,"epoch":10,"_step":9,"loss":2.306920031435895}