{"_runtime":25.4035085,"_wandb":{"runtime":25},"accuracy":0.22355555555555556,"val_loss":4.951108619164282e+13,"_step":9,"loss":4.919462862298655e+13,"val_accuracy":0.2128,"epoch":10,"_timestamp":1.7412550729139373e+09}