{"val_accuracy":0.867,"_runtime":22.1802767,"epoch":10,"loss":0.3034341060595044,"val_loss":0.37847254050139056,"_wandb":{"runtime":22},"_timestamp":1.7412371079548078e+09,"_step":9,"accuracy":0.8873703703703704}