{"val_loss":1.2179002085860313,"accuracy":0.6725185185185185,"_wandb":{"runtime":76},"loss":1.0774457330667677,"epoch":5,"_runtime":76.7321968,"_step":4,"val_accuracy":0.6273,"_timestamp":1.7415325889937818e+09}