{"val_mse_loss":0.21881453429545855,"val_accuracy":0.8473,"val_cross_entropy_loss":0.45693038960862925,"_wandb":{"runtime":84},"val_loss":0.45693038960862925,"_timestamp":1.7421923902012496e+09,"_step":10,"loss":0.3731879498081914,"accuracy":0.8760370370370371,"epoch":10,"confusion_matrix_table":{"artifact_path":"wandb-client-artifact://vt6qsau4dztj79c56h2vzd1qh2071np0ul3xr4bxt25iw606lta4niqkfngfhjzejnydo23bc37i6mdnryjgszcv1qyjty7msc3w48cbqzq9ja76gadzqt9m8rraes3v/confusion_matrix_table.table.json","_latest_artifact_path":"wandb-client-artifact://496qowzk0jisd0uu4t5tvdj7fdmr0o9ojardre9m6ttubnznubnofharjdf4dubvx5agbyj1uzwkt167d0rjd0fcw4w21g3rtkn2k06qaoes3ggmj2qzrx06vzcmqowe:latest/confusion_matrix_table.table.json","path":"media/table/confusion_matrix_table_10_3c1fd4dadc56a63f0360.table.json","ncols":3,"nrows":100,"_type":"table-file","sha256":"3c1fd4dadc56a63f03604986c2c8c470f66c296ca85dc4b3f0415cd5355cbdaa","size":2931},"_runtime":84.0742759,"cross_entropy_loss":0.3731879498081914,"mse_loss":0.18039810590797978}