{"val_accuracy":0.1195,"_runtime":5.8110248,"epoch":10,"_wandb":{"runtime":5},"_step":9,"_timestamp":1.7411551536373322e+09,"loss":2.3230946684668172,"accuracy":0.12274074074074075,"val_loss":2.3280510559100085}