{"epoch":10,"val_accuracy":0.8036,"_wandb":{"runtime":26},"val_loss":0.9138711718032336,"accuracy":0.8128888888888889,"_runtime":26.9388439,"_step":10,"loss":0.8010397374567404,"confusion_matrix_table":{"nrows":100,"_type":"table-file","sha256":"377528d64a433ba528e7f5eb395de5d3292cf8d094ac74cf2d9c9a274e567212","size":2936,"artifact_path":"wandb-client-artifact://ih764rtgzjucf1e0rbhiodj0g5zwxzxsnxh1izeqmpj7qotiwmucfp0afj4a4jgacurzmb9ytp1nx4d9vj1jh8n6yvmk0bzzry1r1s38c850qznn2lmftnok8uvcqac6/confusion_matrix_table.table.json","_latest_artifact_path":"wandb-client-artifact://x99t9eddzhf5bue75j19xzjzwfwwkft6c9j86qlbrd7esb4eou7fq0ot0f3zpz0fowg5xcb96oxx0ip4wqu06ebwz3zeky8jjbwmgbmpe8lhctppj2e8saxl179dulad:latest/confusion_matrix_table.table.json","path":"media/table/confusion_matrix_table_10_377528d64a433ba528e7.table.json","ncols":3},"_timestamp":1.7415767411845598e+09}