{"val_loss":2.3557779004691604,"_step":4,"epoch":5,"_wandb":{"runtime":23},"_runtime":23.0901559,"val_accuracy":0.1955,"loss":2.379089452631406,"accuracy":0.16875925925925925,"_timestamp":1.7413476901624987e+09}