{"epoch":10,"_step":9,"_wandb":{"runtime":11},"val_loss":2.3012618296697154,"loss":2.3028540323913025,"_timestamp":1.7411515929355133e+09,"accuracy":0.18448148148148147,"_runtime":11.2234635,"val_accuracy":0.18416666666666667}