{"epoch":5,"_timestamp":1.7411554042635717e+09,"_step":4,"accuracy":0.0817962962962963,"loss":2.348799133433599,"_runtime":4.2628311,"val_loss":2.351596442475901,"_wandb":{"runtime":4},"val_accuracy":0.07666666666666666}