{"_runtime":35.9105944,"_timestamp":1.7422042879039762e+09,"test_confusion_matrix_table":{"size":1788,"artifact_path":"wandb-client-artifact://xs84g97rv2tamet9wo0iy82jesu6wrn9meo3sicl4zbwunx7ppjfx32mjgmbv41zxtlb6e3143pv7bqzgnsiul86j471jo0mkvvw4x9ch1ad5lll7wagddzr4s1lyqnd/test_confusion_matrix_table.table.json","_latest_artifact_path":"wandb-client-artifact://oe4p8ytvcdjxaobnhtkhgcl7i0mc2hveuxhunl3kmdccj0ts1vx79b29f6zva3htimlk7s8oqbi6rek1rpakce6yqbilxte3d7v47s75db3jmf30jbp6j7zkzma0qave:latest/test_confusion_matrix_table.table.json","path":"media/table/test_confusion_matrix_table_10_87fa6650156f5921ed50.table.json","ncols":3,"nrows":100,"_type":"table-file","sha256":"87fa6650156f5921ed506ad6db1bdbb08a5484159b14397a16acd5a568480af5"},"accuracy":0.9942962962962963,"val_accuracy":0.9805,"test_accuracy":0.9775,"loss":0.016507095816951107,"val_loss":0.07919263015357926,"_wandb":{"runtime":35},"_step":11,"epoch":10}