{"val_loss":2.302594260966056,"epoch":5,"loss":2.3026025378928363,"_wandb":{"runtime":6},"_timestamp":1.7413458200444286e+09,"_runtime":6.9658834,"_step":4,"val_accuracy":0.1,"accuracy":0.10075925925925926}