{"epoch":10,"loss":0.4762851715205187,"_wandb":{"runtime":11},"_timestamp":1.7413451157422698e+09,"_step":9,"_runtime":11.4886395,"val_loss":0.48246032652025644,"accuracy":0.8338333333333333,"val_accuracy":0.8358}