{"_step":9,"epoch":10,"val_loss":2.302592683538152,"_runtime":7.9076222000000005,"_wandb":{"runtime":7},"accuracy":0.10006668642560759,"_timestamp":1.7412381156611547e+09,"loss":2.3039533966416474,"val_accuracy":0.1}