{"_wandb":{"runtime":9},"_runtime":9.3412312,"_step":4,"loss":1.9337874869140268,"val_loss":1.9081821370268601,"val_accuracy":0.1986,"epoch":5,"_timestamp":1.7412392048823214e+09,"accuracy":0.1978888888888889}