{"_timestamp":1.7412395265438504e+09,"val_loss":0.3959861660608987,"val_accuracy":0.8594,"loss":0.3498107103132084,"_runtime":17.081393,"accuracy":0.8766249011466982,"epoch":10,"_step":9,"_wandb":{"runtime":17}}