{"_runtime":10.2402476,"val_accuracy":0.1,"_wandb":{"runtime":10},"_timestamp":1.7412573841002252e+09,"epoch":10,"accuracy":0.09714814814814815,"_step":9,"loss":2.3045994473624942,"val_loss":2.304460317585269}