{"epoch":10,"accuracy":0.10496296296296297,"val_loss":2.2785631207632604,"val_accuracy":0.11683333333333333,"_wandb":{"runtime":4},"_runtime":4.9970021,"loss":2.308803976183635,"_timestamp":1.7411571789273143e+09,"_step":9}