{"_runtime":64.1855095,"epoch":10,"accuracy":0.09998148148148148,"val_accuracy":0.1,"_wandb":{"runtime":64},"val_loss":2.3028526467459383,"_step":9,"loss":2.3030983960245472,"_timestamp":1.7412405523936896e+09}