{"_wandb":{"runtime":27},"confusion_matrix_table":{"sha256":"e057170823602e16cc6d65e01f04cd68537bdc19067d65140986d32eda76ff73","size":2912,"artifact_path":"wandb-client-artifact://miu3q99g019nscy84joxm9apum0sok3izvhg7dxfzj239zkrky7cnwb5nhwgg210qjmx3mr3puz32i20cqr6qg8ko5gpbnp6b7yvrfwg063udktchcsemu2gm8555qfg/confusion_matrix_table.table.json","_latest_artifact_path":"wandb-client-artifact://0j7m5ntqg3mktw6mxni1zhqgb5fwn8iomi2won33ilgw3jkurl8q5se4w43hzzd1nqrn7bmrb5op93j82jt5ninnt8s502npn62wonwdz8o7abozahux6qrtqbg9x0om:latest/confusion_matrix_table.table.json","path":"media/table/confusion_matrix_table_10_e057170823602e16cc6d.table.json","ncols":3,"nrows":100,"_type":"table-file"},"_timestamp":1.741576868496547e+09,"val_accuracy":0.1,"epoch":10,"accuracy":0.10083333333333333,"_step":10,"loss":2.302600744287035,"val_loss":2.3025951130123645,"_runtime":27.0075043}