{"confusion_matrix_table":{"sha256":"0265796cd8d6663ee12a360530d407c93924766a3ec472c953c3777b7505443e","size":2929,"artifact_path":"wandb-client-artifact://lkt7qqemg6du3eoqory8y9ust6kywobg1rdfxwu0wbag7g838fvx6d91vgpxjof5mqnwa3m5ez3go4ivjc83qmc1dgvklqpevukmb07v5sreynbf8szkm84wfc10agyz/confusion_matrix_table.table.json","_latest_artifact_path":"wandb-client-artifact://bbk2oy91ez7f7bstjq8zqri5fmssb28mdnzmwywck0qi0bu2yjajjvwlj8odu12ih814qi0pnq05jmaebxkun6e0v0o7e86ouue2n54c0mzwrbp6uzdkfkgovpllbklj:latest/confusion_matrix_table.table.json","path":"media/table/confusion_matrix_table_10_0265796cd8d6663ee12a.table.json","ncols":3,"nrows":100,"_type":"table-file"},"val_cross_entropy_loss":0.37078788927475564,"accuracy":0.8829074074074074,"val_accuracy":0.8636,"mse_loss":0.1673607458820264,"loss":0.4013320827747314,"epoch":10,"val_mse_loss":0.19195736163494115,"val_loss":0.45168549757337667,"_runtime":16.5132032,"_timestamp":1.7421932604520543e+09,"_wandb":{"runtime":16},"cross_entropy_loss":0.32015170795534337,"_step":10}