{"loss":2.3100358663504594,"val_accuracy":0.1445,"val_loss":2.309583075433407,"_runtime":4.2221739,"accuracy":0.14003703703703704,"_step":4,"_wandb":{"runtime":4},"_timestamp":1.7411555592197943e+09,"epoch":5}