{"val_accuracy":0.1,"_wandb":{"runtime":12},"val_loss":2.3027330041127585,"_timestamp":1.741250808639429e+09,"loss":2.3027648240436553,"accuracy":0.098,"_runtime":12.7172294,"_step":9,"epoch":10}