{"confusion_matrix_table":{"_latest_artifact_path":"wandb-client-artifact://ogyg7rsgng1bvv99d15kd4tkv1ra620jghea6ypita4ngmpfsq0nmfjj7j1ugfg5c7hx7cqqfbx2tr6k7kz4l8szzd3ijmf8xxneabz4wgt3yqqm9mg3yt2sm0owz8ob:latest/confusion_matrix_table.table.json","path":"media/table/confusion_matrix_table_10_793b9f8232777a7f5c22.table.json","ncols":3,"nrows":100,"_type":"table-file","sha256":"793b9f8232777a7f5c22ef30a2a11bc683885c3a203029675fbbf74b8576cb37","size":2937,"artifact_path":"wandb-client-artifact://kj04lvv9cuzhx2sx3rwuy65ap2185clogsuwyv5m99sdjnmgoy20un9tfnswg7ohavwnhb1hk9gy0dma29vocuig7ruqmy95oky59q8blt8qm5dus4zpza1p3xz73gqk/confusion_matrix_table.table.json"},"val_mse_loss":0.21171818154583752,"_wandb":{"runtime":18},"loss":0.35798273244654194,"epoch":10,"val_cross_entropy_loss":0.439720755343959,"_step":10,"_timestamp":1.7421090376452403e+09,"cross_entropy_loss":0.35798273244654194,"val_accuracy":0.855,"accuracy":0.8788703703703704,"_runtime":18.3881,"val_loss":0.439720755343959,"mse_loss":0.17695775965869676}