{"val_cross_entropy_loss":0.445948211560436,"accuracy":0.8855555555555555,"loss":0.38198696803388105,"val_accuracy":0.8369,"_step":10,"_timestamp":1.7421064718464239e+09,"epoch":10,"mse_loss":0.1653033360217288,"confusion_matrix_table":{"artifact_path":"wandb-client-artifact://jn46im1fek3ti2azpm4ypxs5hzzy852snhxodmtsnswynj9uwj0ezzxed9u1axsxzve3j205sp3ujkduskicg83iiv9stmhfahilupkah045lnrx7l3fiizp9s1jnnwq/confusion_matrix_table.table.json","_latest_artifact_path":"wandb-client-artifact://cl8pprobxicuxo3f9yynmx7z0fhzc6nq2zhtzpl7a1spzy298asyi0onugm946z6hn9n81kdox5mlutmffa22u5ui1ijp8ie5jbeamqd8o3iwmslz4hqrpl1x902lsxc:latest/confusion_matrix_table.table.json","path":"media/table/confusion_matrix_table_10_822ebe14357cce611814.table.json","ncols":3,"nrows":100,"_type":"table-file","sha256":"822ebe14357cce6118145239171ef9bca8dc248f4bf5b2b7627ae5ee39895ebb","size":2927},"_wandb":{"runtime":19},"val_loss":0.5085782266757168,"cross_entropy_loss":0.3196169474318693,"_runtime":19.7748834,"val_mse_loss":0.23284074637329757}