{"loss":0.9333415852102422,"_step":4,"_wandb":{"runtime":11},"val_accuracy":0.6215,"epoch":5,"accuracy":0.6291666666666667,"_timestamp":1.741238809889216e+09,"val_loss":0.9594571066205478,"_runtime":11.906584}