{"confusion_matrix_table":{"sha256":"f12aa40504884cdf77f2d88adc102582c9b98b2e5439eaf67d4fc6f6fe3939e3","size":2930,"artifact_path":"wandb-client-artifact://0zj8r4r5xzhv9gailbxo09t2jfethv144114m5qj9r7a7hg5lvpirhyonslxweotdyfoxtut81ovtcxkc0dq8xzjsu7tb1o0ufjigb2iitrd3ompby6yany2wq8ltfaw/confusion_matrix_table.table.json","_latest_artifact_path":"wandb-client-artifact://y49dc5f7g157hjgzmga7pkmyo6zn346x8qu0lp82nzk8zgscr7nhgw3d9r16ewitx9ar5050t2p7di5lnttxu1ts2ouvuvz9b6io2ev2whq5q21higc6movtnnmgakpe:latest/confusion_matrix_table.table.json","path":"media/table/confusion_matrix_table_5_f12aa40504884cdf77f2.table.json","ncols":3,"nrows":100,"_type":"table-file"},"loss":0.35836484316380307,"accuracy":0.8714259259259259,"epoch":5,"_runtime":30.0754293,"val_mse_loss":0.20916184923524841,"val_cross_entropy_loss":0.4077230824222074,"mse_loss":0.1840329608135319,"_timestamp":1.7421037237955637e+09,"_wandb":{"runtime":30},"_step":5,"val_loss":0.4077230824222074,"val_accuracy":0.8541,"cross_entropy_loss":0.35836484316380307}