{"epoch":10,"val_loss":2.3007937880052727,"_step":9,"_timestamp":1.7411522578225162e+09,"_wandb":{"runtime":6},"accuracy":0.083,"_runtime":6.7097105,"loss":2.3016213023251693,"val_accuracy":0.0825}