{"accuracy":0.889962962962963,"_wandb":{"runtime":11},"cross_entropy_loss":0.3144288107786267,"val_cross_entropy_loss":0.39259581676442024,"val_loss":0.39259581676442024,"val_accuracy":0.8607,"_runtime":11.8431895,"val_mse_loss":0.19636517243379012,"epoch":10,"confusion_matrix_table":{"nrows":100,"_type":"table-file","sha256":"5d55f8a552695c0f4f2bc3145f6a97874ff42b046e76355069734945adf3fc94","size":2931,"artifact_path":"wandb-client-artifact://05m6bfrqram4d8zj0zer5xvf3r3dxopg77oa45h0cyukefxgw5g06r8ixwmk81wtizygzl10zzb8qchgurdevhut78pw47gy3fo81addjfl9mpybi6nx1m83e1akdoo5/confusion_matrix_table.table.json","_latest_artifact_path":"wandb-client-artifact://tfrxrp9531lzz2s5m9lbt32s5zn8n0orjsfkl7jpmgbskvwoaif22hx2ncka8ba3qwc4fumb0oxqtx645qa0j35c2o8lw2zdh6ytot7y37lw4y5s7aj10i4g3q6whans:latest/confusion_matrix_table.table.json","path":"media/table/confusion_matrix_table_10_5d55f8a552695c0f4f2b.table.json","ncols":3},"loss":0.3144288107786267,"mse_loss":0.16013871572855579,"_step":10,"_timestamp":1.7421097538653305e+09}