{"_runtime":5.8780962,"val_accuracy":0.09733333333333333,"_timestamp":1.741156847682215e+09,"_wandb":{"runtime":5},"_step":9,"epoch":10,"val_loss":2.4186503737956286,"loss":2.4201032809827274,"accuracy":0.1002962962962963}