{"_runtime":3.6514394,"val_loss":2.4864230049722345,"accuracy":0.09938888888888889,"loss":2.4922475356191214,"epoch":5,"val_accuracy":0.1055,"_timestamp":1.7411538778556964e+09,"_wandb":{"runtime":3},"_step":4}