{"_wandb":{"runtime":19},"accuracy":0.9023888888888889,"val_cross_entropy_loss":0.36487352841309,"val_mse_loss":0.18290955497367872,"_timestamp":1.7421970929149141e+09,"cross_entropy_loss":0.2699512830543694,"mse_loss":0.14196970117831748,"val_loss":0.36487352841309,"_step":10,"_runtime":19.0865982,"epoch":10,"confusion_matrix_table":{"nrows":100,"_type":"table-file","sha256":"dd4ecd1321c98191ac4afcadbc050eac1d45b81fd9b68b64fd813fcef625faa1","size":2928,"artifact_path":"wandb-client-artifact://7l5t3qps7lkx05xt6zyz6l433x9sqys9i1rsvnxrhyobr8sp4x0t46ytlap3msdqc1mfvp7800f7jc0dhewk0c12tr779mpxwaa5lwwuas4zz5z7w2paqdwqs79s0az1/confusion_matrix_table.table.json","_latest_artifact_path":"wandb-client-artifact://60yt654bra123ps1b94vp2i9ire2ak56xvh20c29i4uxf7k8h7dkmqfh91qcytnc2o686mf92dnd2ww3xm4n2q9edkw17e8ph4r0nr2r27tvut8b9jnqdjg69go4pqh3:latest/confusion_matrix_table.table.json","path":"media/table/confusion_matrix_table_10_dd4ecd1321c98191ac4a.table.json","ncols":3},"val_accuracy":0.874,"loss":0.2699512830543694}