{"_timestamp":1.7412415756131706e+09,"_step":4,"loss":5.505166280457185,"accuracy":0.09926107156979043,"val_loss":4.331652598460968,"val_accuracy":0.1,"_runtime":20.8651127,"_wandb":{"runtime":20},"epoch":5}