{"epoch":10,"_runtime":5.7733958,"_step":9,"val_loss":2.3102433565171143,"val_accuracy":0.09733333333333333,"accuracy":0.1002962962962963,"_timestamp":1.741153772700745e+09,"loss":2.308384789140844,"_wandb":{"runtime":5}}