{"mse_loss":0.17773174258314575,"accuracy":0.8751851851851852,"val_cross_entropy_loss":0.4124156007259668,"confusion_matrix_table":{"ncols":3,"nrows":100,"_type":"table-file","sha256":"0e61db864ff5bf53d6392ee98f2300c989eadac21fb4cdde1299b8d0b086a436","size":2934,"artifact_path":"wandb-client-artifact://og5iurtpftg1hoxiwkg5ca42rdvo1tmxifqyrob6484gptos6cnirp2jlcouw5clds9b3b62vzmwgrhjbnrfay7gnxjnwt3xrow8uy2dz409h66euz7guxfymvswajkp/confusion_matrix_table.table.json","_latest_artifact_path":"wandb-client-artifact://6ldhlp8orln7gs1ar6flo93mbc7mlyv35drpqaga1kfi36wm9o81of5gpxhmk8pcb7gsl1hsp1d12gqmis6ujvcxjkoovwy1m8xnlgrw4fuoxvwuelix3cwo4pwbpt9s:latest/confusion_matrix_table.table.json","path":"media/table/confusion_matrix_table_5_0e61db864ff5bf53d639.table.json"},"loss":0.41408474475584806,"_step":5,"epoch":5,"val_loss":0.4847556170054548,"val_accuracy":0.8504,"_timestamp":1.7415877093167424e+09,"val_mse_loss":0.21218515277937222,"_wandb":{"runtime":10},"cross_entropy_loss":0.3417504530822663,"_runtime":10.1136488}