{"_wandb":{"runtime":8},"epoch":5,"_step":4,"loss":2.2956058735887015,"val_loss":2.294188073453507,"_runtime":8.8696645,"accuracy":0.2712407407407407,"val_accuracy":0.2829,"_timestamp":1.7413644236892009e+09}