{"val_accuracy":0.871,"confusion_matrix_table":{"_type":"table-file","sha256":"f56f4f8b73f14695f2de53124c2eb27a69bc431fb2ae2b78be8a821171963889","size":2930,"artifact_path":"wandb-client-artifact://upxwmf15fknf71roqyy6cw8nxle1b38r0kx15sa1pqrylztwpykrckeylpzll0abse1z0h0va565wqoilqxmeojhap97939rgv3dev1wuw7ewhmdvld44fwp8dwnj55z/confusion_matrix_table.table.json","_latest_artifact_path":"wandb-client-artifact://r2jr8u6w26fwdlv6x10s15mm8s2a7m5e0axshygtchozckfkdcj6f66ga3eo3dja8dpxbe0oi305z4uioxc0zk0fx24018338f4h5sdthmozddl1m3pgsepyemmq64ee:latest/confusion_matrix_table.table.json","path":"media/table/confusion_matrix_table_10_f56f4f8b73f14695f2de.table.json","ncols":3,"nrows":100},"val_cross_entropy_loss":0.36190653026914116,"val_mse_loss":0.18476691830755926,"cross_entropy_loss":0.26910564632875433,"loss":0.26910564632875433,"_step":10,"accuracy":0.9018703703703703,"_wandb":{"runtime":17},"_runtime":17.406734,"epoch":10,"mse_loss":0.14137931887412603,"_timestamp":1.742110464815997e+09,"val_loss":0.36190653026914116}