{"val_accuracy":0.0325,"epoch":5,"loss":2.3088593880383144,"accuracy":0.030814814814814816,"_runtime":3.5562518,"val_loss":2.3085645873167886,"_timestamp":1.7411567066964798e+09,"_step":4,"_wandb":{"runtime":3}}