{"_timestamp":1.7411528273194802e+09,"_runtime":3.9862357,"epoch":5,"val_accuracy":0.24533333333333332,"_wandb":{"runtime":3},"_step":4,"loss":2.2494719034688004,"val_loss":2.222813806368839,"accuracy":0.18785185185185185}