{"val_loss":2.3008359181510216,"_runtime":4.2335956,"epoch":5,"loss":2.301396166541286,"val_accuracy":0.09883333333333333,"_wandb":{"runtime":4},"_step":4,"_timestamp":1.7411524836232352e+09,"accuracy":0.09825925925925925}