{"_runtime":76.6774827,"epoch":10,"val_loss":2.3040056397799855,"val_accuracy":0.1,"_timestamp":1.7413453326850657e+09,"_step":9,"_wandb":{"runtime":76},"loss":2.30405365655327,"accuracy":0.09925925925925926}