{"val_accuracy":0.8593,"cross_entropy_loss":0.3537627040923884,"_runtime":10.4613377,"loss":0.4120272305926439,"val_cross_entropy_loss":0.39355906534690455,"val_loss":0.45206438574056756,"_timestamp":1.7415873750795665e+09,"accuracy":0.8721111111111111,"_wandb":{"runtime":10},"confusion_matrix_table":{"ncols":3,"nrows":100,"_type":"table-file","sha256":"28c4f7814030299021133e874ccec02b0832988ccccfefa318044b63dc030e32","size":2930,"artifact_path":"wandb-client-artifact://r6jqbm7xjoidxomz726qnmqm1oqf2ctew4hvu5ntnul81mpczg2zzuan6uwwfcxrrm5ucz6mg5ni6wp1l0jl0l3j7cqlx5urwbxxc6zjxzl59lk8q9yvmhs6hlghgc53/confusion_matrix_table.table.json","_latest_artifact_path":"wandb-client-artifact://exaxqjg6t1vgftdy9utbfn68wkz0p2h4qo2ybbjz6orsx82ferc9y0bwu42gdjmxi0d27nc6pssx5rqfabzkbubyzny09yd38cot1yl27eqvxlkwhb6x0ywlaahcafal:latest/confusion_matrix_table.table.json","path":"media/table/confusion_matrix_table_5_28c4f781403029902113.table.json"},"mse_loss":0.18243653936675064,"val_mse_loss":0.20070874031988556,"epoch":5,"_step":5}