{"val_loss":0.4616406697421077,"accuracy":0.8720185185185185,"_runtime":6.5709811,"_wandb":{"runtime":6},"val_cross_entropy_loss":0.4616406697421077,"confusion_matrix_table":{"nrows":100,"_type":"table-file","sha256":"6d1b041c5c8c8ebc4a9dfeb2e2c115413972f1ffa2225813937ea224f9845944","size":2937,"artifact_path":"wandb-client-artifact://oxzxqiwr7ui7u8hvfe5ac4am7yh32cqpysfajrtad2j9hcze8yh7dibufsrwx1lj1v1lf1dpvvz488k37qdktqbbbgq2c0n9aurdx4jn9lz2851fz3owr359xfwio1kn/confusion_matrix_table.table.json","_latest_artifact_path":"wandb-client-artifact://o20h2rm8skcc55midsao4zkdxx59sz00708anmym1ue6s3dzknvkwxe280phknzwvs4nekthvlggnhsq30b971ueel7g1ier0gdoayzv2ckf5tk79czzu4ljh8ihcv1y:latest/confusion_matrix_table.table.json","path":"media/table/confusion_matrix_table_5_6d1b041c5c8c8ebc4a9d.table.json","ncols":3},"epoch":5,"val_mse_loss":0.22512244414852076,"mse_loss":0.18516746530385736,"val_accuracy":0.8477,"loss":0.37181833567183803,"cross_entropy_loss":0.37181833567183803,"_timestamp":1.7415872414658203e+09,"_step":5}