{"_step":9,"val_loss":2.3025942828130317,"_wandb":{"runtime":15},"val_accuracy":0.1,"_timestamp":1.7413649677703178e+09,"epoch":10,"_runtime":15.3894145,"accuracy":0.10083333333333333,"loss":2.3025954946568894}