{"epoch":10,"val_loss":0.38950727296368554,"val_mse_loss":0.19117376816245282,"_timestamp":1.7421095220397127e+09,"_runtime":25.1854657,"val_cross_entropy_loss":0.38950727296368554,"accuracy":0.8927037037037037,"val_accuracy":0.8713,"mse_loss":0.15543013714746023,"_step":10,"cross_entropy_loss":0.3014188066240611,"confusion_matrix_table":{"ncols":3,"nrows":100,"_type":"table-file","sha256":"fa55f08fdac8d2ce0b53eed5c6eae5443be9f6d134158c78e4bd07c4a48e4997","size":2927,"artifact_path":"wandb-client-artifact://9hgpsy7bk6ihlmmeqiafzy3afodkqajp9accazp39y9axpco3mjy9jdjt3nvcznvl55088q5rt8kaul9xqy963g02qpmcet6enduelszmio6yy98318a41ygr6hv3dyc/confusion_matrix_table.table.json","_latest_artifact_path":"wandb-client-artifact://qgnbx07odi1zp9sql181rew9q3l9wudxtdoizyrbhpx4p8yrbexshsjowixgfozev9b02ej38zfspuaurhx6cgrt5denu854226f8161on9ru0tcpgnldvvr5e7cbf42:latest/confusion_matrix_table.table.json","path":"media/table/confusion_matrix_table_10_fa55f08fdac8d2ce0b53.table.json"},"_wandb":{"runtime":25},"loss":0.3014188066240611}