{"epoch":10,"accuracy":0.4242037037037037,"_runtime":8.7670562,"_timestamp":1.7411534446442618e+09,"_step":9,"val_accuracy":0.4706666666666667,"loss":2.005976792461872,"val_loss":1.949325217317753,"_wandb":{"runtime":8}}