{"_step":10,"val_mse_loss":0.2398342676606515,"_wandb":{"runtime":12},"cross_entropy_loss":0.45059045889566574,"val_cross_entropy_loss":0.48194306371622697,"val_accuracy":0.8322,"confusion_matrix_table":{"nrows":100,"_type":"table-file","sha256":"7ec856c22b33f2f4265f2800f3884f01038ace6f0a615e36210e02f8335db989","size":2938,"artifact_path":"wandb-client-artifact://2h5oju3s1897m5xbvuaytwmsbxung8xdqdmoz37ff72y3rz1u05cbytjrk208phu30ht3a6au8m7qoa8v59aby8eecyobbi5gdo5jckpdaoxbv1fyvdat9w82ju8tw4h/confusion_matrix_table.table.json","_latest_artifact_path":"wandb-client-artifact://e1b1xd69zep1mqmqg94x6ob5j0xqucxl3iga35oymfkg3yx2dhdp7nain9rza0eo5fvehh1d0fwjnl4wno1hes6oyuadcwpxuaf0h12w4ajbixvhzf50x9ad2wid4gif:latest/confusion_matrix_table.table.json","path":"media/table/confusion_matrix_table_10_7ec856c22b33f2f4265f.table.json","ncols":3},"accuracy":0.8442222222222222,"_timestamp":1.741584874510897e+09,"mse_loss":0.22301167081299647,"loss":0.511974411398086,"val_loss":0.5434864628460998,"_runtime":12.7714638,"epoch":10}