{"_step":4,"accuracy":0.10052978660343806,"_wandb":{"runtime":5},"_timestamp":1.7412346897708287e+09,"_runtime":5.7873659,"val_loss":2.304365319534791,"loss":2.30573628398829,"val_accuracy":0.1,"epoch":5}