{"accuracy":0.8693148148148148,"_runtime":8.1659257,"val_mse_loss":0.20279243774485162,"mse_loss":0.1879739414526056,"cross_entropy_loss":0.372879426577879,"_timestamp":1.7415874109765196e+09,"_wandb":{"runtime":8},"epoch":5,"val_cross_entropy_loss":0.40912152212201375,"loss":0.372879426577879,"_step":5,"confusion_matrix_table":{"nrows":100,"_type":"table-file","sha256":"fcc200eb8086a65d3ce2badef9a83ebb5a50f3db99b686759fce94059fd957ee","size":2931,"artifact_path":"wandb-client-artifact://dgqnpd5enod69q0yjoqeox35rll9opryfvad26da2ihbc09b4rtryyv0xh6plmru6ada2vatekenuq133xhzabxd80sd485v8sjedrnucjc5dtujs2gzf7s8mzugdm2a/confusion_matrix_table.table.json","_latest_artifact_path":"wandb-client-artifact://eksb65qlgip3l7svtb5wea55so3aqf17tv238gjpnsx46frfalwzjwt7ktyxb7e3t9uljlsh8lhgqykixmk9d40fjfoaml1ykeuuu99xoq2hy2vfb5zkbhcg06xp5zaa:latest/confusion_matrix_table.table.json","path":"media/table/confusion_matrix_table_5_fcc200eb8086a65d3ce2.table.json","ncols":3},"val_accuracy":0.8598,"val_loss":0.40912152212201375}