{"val_cross_entropy_loss":0.41986839231720485,"val_loss":0.41986839231720485,"_step":5,"epoch":5,"_timestamp":1.7421081006098623e+09,"cross_entropy_loss":0.34349269933709825,"mse_loss":0.17511150125496025,"_runtime":17.8869826,"val_accuracy":0.8556,"accuracy":0.878,"val_mse_loss":0.21025442539583605,"_wandb":{"runtime":17},"loss":0.34349269933709825,"confusion_matrix_table":{"sha256":"9707663c9545d0c58e978ffe46413b8c95e7a9acd2e9c1f51f2b31439bc26aeb","size":2935,"artifact_path":"wandb-client-artifact://iigk60oxrxtf3ga272pzs7ooyulheezhf9u0thcpvwwiok1zetb77x4w73l6k79kxi0m1dxixfhei02y4423vot4w1mxhew2j1j1x68xndpvc2yj8j6s3o747u87iydb/confusion_matrix_table.table.json","_latest_artifact_path":"wandb-client-artifact://od506fute40w81dge77bu63fsg60k25jv1njr79mb9myesb5t9rt6vs8vb4fu4nov3pkse52d1ey50f2e2doxcb78r8v2eaxa8a4fk9ndskrpbyfzvioakrtjbs7z696:latest/confusion_matrix_table.table.json","path":"media/table/confusion_matrix_table_5_9707663c9545d0c58e97.table.json","ncols":3,"nrows":100,"_type":"table-file"}}