{"_step":10,"mse_loss":0.15752777578216456,"_runtime":16.2537424,"cross_entropy_loss":0.30571871934058403,"val_loss":0.4338154917476365,"accuracy":0.8909814814814815,"_timestamp":1.7421098336300058e+09,"loss":0.30571871934058403,"val_accuracy":0.8488,"confusion_matrix_table":{"sha256":"6c651e3b1999b541f90ece144607df0637195a13bf99e97ea6badee97ac46c5f","size":2931,"artifact_path":"wandb-client-artifact://eqvqo7k50n6xr7ifwj1dkn64u8ltqmnzwovosi3cbxmg1xoktbrl0p7y7rrhsncvz2hl5vliywt5175devyc5wwasaighwgoogy1c88m76zxobpwszfb6ixsl51jqx3o/confusion_matrix_table.table.json","_latest_artifact_path":"wandb-client-artifact://hmev4ilbrdddf90gt5td4a9itx5pwvy48p5rud9nrmk0uf20z2mqzhve93zvjgrjwkg9ztzc2p495luslesfc6nu1q0qyns7rezug92rfl1wq0r0bwbfd8pvgw65x1bu:latest/confusion_matrix_table.table.json","path":"media/table/confusion_matrix_table_10_6c651e3b1999b541f90e.table.json","ncols":3,"nrows":100,"_type":"table-file"},"epoch":10,"val_mse_loss":0.22026505639681876,"val_cross_entropy_loss":0.4338154917476365,"_wandb":{"runtime":16}}