{"_runtime":12.7088732,"accuracy":0.10083333333333333,"epoch":10,"val_accuracy":0.1,"val_loss":2.3025874964808954,"_timestamp":1.7412399274469898e+09,"_step":9,"loss":2.3025807302671013,"_wandb":{"runtime":12}}