{"_timestamp":1.7411524350598364e+09,"_wandb":{"runtime":4},"epoch":10,"loss":2.288199790517018,"val_loss":2.2862030821699126,"val_accuracy":0.21833333333333332,"accuracy":0.1990185185185185,"_step":9,"_runtime":4.9594974}