{"epoch":10,"loss":2.2993794693567544,"_wandb":{"runtime":6},"_timestamp":1.7411571697864993e+09,"_step":9,"accuracy":0.14355555555555555,"_runtime":6.4771927,"val_accuracy":0.15166666666666667,"val_loss":2.2993146400025433}