{"epoch":5,"_runtime":4.1534229,"loss":2.302631713157405,"val_accuracy":0.18733333333333332,"_step":4,"val_loss":2.3009034702157725,"_wandb":{"runtime":4},"accuracy":0.09996296296296296,"_timestamp":1.7411547933354535e+09}