{"_runtime":34.6542553,"_step":10,"_timestamp":1.7421900284407132e+09,"val_accuracy":0.8209,"confusion_matrix_table":{"artifact_path":"wandb-client-artifact://q7lm1amf8emx7d7qtm0h20crqsn6f5jhh5aglwnnc6eb4zobdaqodzp2s33e9g13778uxluqml8zlqj9y7ps1bjajuepa76l3pj0lp2wpnvru790asjcglupaeedcm0u/confusion_matrix_table.table.json","_latest_artifact_path":"wandb-client-artifact://ei7g7o11jzcynciswvfm7p5vsjtp01vj1bfrh72ofb1xln3kkox4o3p83dbn6a3q42o9lgwve7qk6vp99c799cf7t1zo4xtk380xepeo67mpd6qpfeh9u1ejskyxr4so:latest/confusion_matrix_table.table.json","path":"media/table/confusion_matrix_table_10_208bbba8bbb81655ff57.table.json","ncols":3,"nrows":100,"_type":"table-file","sha256":"208bbba8bbb81655ff57dc14a4f7e04a6627505d6b8e47dede0b1e2e7cce42ce","size":2935},"accuracy":0.8297407407407408,"val_cross_entropy_loss":0.49901005129004644,"_wandb":{"runtime":34},"val_loss":0.49901005129004644,"mse_loss":0.2426423293173024,"val_mse_loss":0.2521808719740435,"cross_entropy_loss":0.4791662632288948,"epoch":10,"loss":0.4791662632288948}