{"val_loss":2.307311165910004,"loss":2.3058039648735216,"_runtime":5.2059381,"epoch":10,"accuracy":0.10016666666666667,"_timestamp":1.741156793633209e+09,"_step":9,"val_accuracy":0.0985,"_wandb":{"runtime":5}}