{"_runtime":4.7994021,"_timestamp":1.7411528176386783e+09,"loss":2.300406152558707,"val_loss":2.3005074727056773,"val_accuracy":0.10266666666666667,"_wandb":{"runtime":4},"accuracy":0.09985185185185186,"epoch":10,"_step":9}