{"epoch":10,"val_loss":1.7832603886379303,"_wandb":{"runtime":18},"_step":9,"_runtime":18.1180984,"_timestamp":1.7412516099827049e+09,"accuracy":0.19937037037037036,"loss":1.7785110350225164,"val_accuracy":0.1993}