{"val_accuracy":0.1,"accuracy":0.09947391819798458,"loss":NaN,"_runtime":6.2731179,"_step":4,"epoch":5,"_timestamp":1.7412458221692073e+09,"val_loss":NaN,"_wandb":{"runtime":6}}