{"accuracy":0.10607407407407407,"_runtime":3.2710735,"_wandb":{"runtime":3},"loss":2.3023890444071653,"_timestamp":1.74115801666092e+09,"val_loss":2.3020025676267775,"_step":4,"epoch":5,"val_accuracy":0.11916666666666667}