{"_timestamp":1.742194479326079e+09,"val_cross_entropy_loss":0.3796745087271782,"_wandb":{"runtime":20},"val_mse_loss":0.19578576393829603,"cross_entropy_loss":0.3154226769919074,"accuracy":0.8852037037037037,"_runtime":20.7452271,"_step":10,"val_loss":0.46615378667736473,"loss":0.4020017829594425,"val_accuracy":0.8635,"epoch":10,"confusion_matrix_table":{"nrows":100,"_type":"table-file","sha256":"587d7c9d3788027e78e390c9b808e1854e1fc522b485d519c5d40a2a0f5ec0f8","size":2931,"artifact_path":"wandb-client-artifact://khrtq8kw1k8dufa70dsjx8y4d75qruc35d9etfzchbocvi2w5xsrawrq0tgrui2nss7j9x9k4aqtsic18i5b32jgja911dfv3nvsxfrglk1gw0fkz18p20pdlzpi0o90/confusion_matrix_table.table.json","_latest_artifact_path":"wandb-client-artifact://0a9j8xqxgbhp6evlzjt1jnq36pb47wc7d02xg8u16aewno5dp9qm4wpj69uixgwsptbpn7skhp6z5by7dy4l9gm6nz48om7vkr75clyezizffp6tzmrtoeg30oaurfg6:latest/confusion_matrix_table.table.json","path":"media/table/confusion_matrix_table_10_587d7c9d3788027e78e3.table.json","ncols":3},"mse_loss":0.16418686446108685}