{"epoch":5,"loss":2.3157774672942866,"val_loss":2.3130334984624437,"_runtime":22.649155,"accuracy":0.10093539936733888,"val_accuracy":0.1,"_timestamp":1.741241764138747e+09,"_step":4,"_wandb":{"runtime":22}}