{"_step":5,"confusion_matrix_table":{"artifact_path":"wandb-client-artifact://8y2wf2z2araz5zdtsn5p8risqdnvk0z9cdhih7c9nbin8lixq3h1i6kuqz8m22ndcn2hbaozaezzczlxmsjekl7i26er54zr6u88fa3i2716lm8uzmd8wjlzv3w1ge5a/confusion_matrix_table.table.json","_latest_artifact_path":"wandb-client-artifact://9u6kjpx6zcdhpehv3yapitc1ynanbwqi2m78eg2yqih8rh8y7f2ba49n2zpgb1xme1mqo8580rspcq05brhyqcgc1o5elp01ihsfcrhuffuvck9yldqoyzihld53l267:latest/confusion_matrix_table.table.json","path":"media/table/confusion_matrix_table_5_60f3174bff9f8fc526e3.table.json","ncols":3,"nrows":100,"_type":"table-file","sha256":"60f3174bff9f8fc526e3d67013e974d9f9d660dbbf33de543f7e5c24c62b053b","size":2931},"_wandb":{"runtime":29},"loss":0.30992968869841975,"val_accuracy":0.8678,"accuracy":0.8858888888888888,"val_mse_loss":0.1884380509844516,"val_loss":0.36620542806613465,"_timestamp":1.7415906103931236e+09,"cross_entropy_loss":0.30992968869841975,"_runtime":29.3840641,"val_cross_entropy_loss":0.36620542806613465,"epoch":5,"mse_loss":0.16337414260448319}