{"accuracy":0.10016666666666667,"_wandb":{"runtime":3},"val_loss":2.413950060216782,"epoch":5,"_timestamp":1.7411558338848605e+09,"_runtime":3.9531351,"loss":2.4170336275113886,"val_accuracy":0.0985,"_step":4}