{"_wandb":{"runtime":12},"_step":5,"_runtime":12.496285199999999,"val_cross_entropy_loss":0.4666726631476058,"val_accuracy":0.8382,"confusion_matrix_table":{"artifact_path":"wandb-client-artifact://xh2f8mcf2rbxncwja5pzcyouuhfj8dmg45ylquct835szna1edrwbsx3yr4wv6aiblahwmcdaebfcbw2htzwhddfmdfliid6s9yu5jjznsepdt9ne2gxoatuw48rlv7o/confusion_matrix_table.table.json","_latest_artifact_path":"wandb-client-artifact://ytsw8gkovyceumw9adpzm1y4mmu3xa8w4jgicqr1uk92yqtuo068mihfz4iihwezyjlijykm27o7qjg2vjm9ndwzgqmctna6jstiwkx3cpcoc1mzev3fuk7l0jxm7r36:latest/confusion_matrix_table.table.json","path":"media/table/confusion_matrix_table_5_95e32805d593f36dc309.table.json","ncols":3,"nrows":100,"_type":"table-file","sha256":"95e32805d593f36dc309b3847993eaf16e385cd39ff32c05b21802f51cc9fd91","size":2934},"epoch":5,"_timestamp":1.7421340517249668e+09,"val_mse_loss":0.23231765472766647,"cross_entropy_loss":0.4238693136769032,"accuracy":0.8546111111111111,"loss":0.4729907033249148,"mse_loss":0.21019237964023849,"val_loss":0.5170399803263803}