{"_wandb":{"runtime":12},"_step":9,"epoch":10,"loss":2.260904368810558,"_runtime":12.7024323,"val_loss":2.255683938873685,"_timestamp":1.7411552523924851e+09,"accuracy":0.3569259259259259,"val_accuracy":0.3501666666666667}