{"val_loss":2.382059540727298,"val_accuracy":0.1,"epoch":5,"_timestamp":1.7413577236396742e+09,"accuracy":0.1037037037037037,"_runtime":11.3748269,"loss":2.3823456664344675,"_wandb":{"runtime":11},"_step":4}