{"val_accuracy":0.6465,"loss":1.110338832349841,"accuracy":0.5956111111111111,"_runtime":6.2222187,"_step":9,"val_loss":0.9814009857522514,"epoch":10,"_wandb":{"runtime":6},"_timestamp":1.7411550099630706e+09}