{"mse_loss":0.27325249453709355,"accuracy":0.8111851851851852,"val_accuracy":0.8027,"_timestamp":1.7421896323873549e+09,"val_mse_loss":0.28142133731374963,"_step":10,"val_cross_entropy_loss":0.5775218747472265,"val_loss":0.5775218747472265,"loss":0.56168970195349,"cross_entropy_loss":0.56168970195349,"_runtime":9.6375814,"_wandb":{"runtime":9},"confusion_matrix_table":{"_type":"table-file","sha256":"47897803f86fea970934dc597fff92bc88d7eed163a689b89ba876301f09e467","size":2937,"artifact_path":"wandb-client-artifact://oapu01vvpyage21m49uqkgagl45co1f4m35m4y7or7p370hkx2bq1rsuxr03ztehzrigiv9tuuitl3eec18orlq0p2luldj8m0n93gliq0vlkazbb4iazo47b9qyo6qz/confusion_matrix_table.table.json","_latest_artifact_path":"wandb-client-artifact://vmepp0m1g7bl48jihczw6s2zo3smskv2zra7ogiabmqx09dygovb6gmm5mjei46bldi0hdvpf7mwv0s4079114ua58ta3co9zmebneh5nozb5x13ys3j7frzzrgz4t3e:latest/confusion_matrix_table.table.json","path":"media/table/confusion_matrix_table_10_47897803f86fea970934.table.json","ncols":3,"nrows":100},"epoch":10}