{"val_accuracy":0.1085,"_runtime":7.7587295,"_step":9,"_wandb":{"runtime":7},"loss":2.299215807006216,"_timestamp":1.7411515417379267e+09,"accuracy":0.10312962962962963,"val_loss":2.298801127624844,"epoch":10}