{"val_accuracy":0.14983333333333335,"_wandb":{"runtime":11},"val_loss":2.2438769319690883,"_step":9,"accuracy":0.1431851851851852,"epoch":10,"loss":2.2523028327981387,"_runtime":11.5341648,"_timestamp":1.7411564508440537e+09}