{"_timestamp":1.7412433309676642e+09,"_runtime":12.4493849,"val_accuracy":0.2639,"accuracy":0.2626518968583284,"epoch":5,"_step":4,"loss":2.2877830703260105,"_wandb":{"runtime":12},"val_loss":2.2812836367355303}