{"val_loss":2.0866311263653006,"_step":9,"accuracy":0.25087037037037035,"_runtime":4.3225659,"_wandb":{"runtime":4},"loss":2.120498156388458,"_timestamp":1.7411537498556666e+09,"val_accuracy":0.2771666666666667,"epoch":10}