{"_runtime":41.0306101,"mse_loss":0.13236807792673438,"_timestamp":1.7421054995011811e+09,"_wandb":{"runtime":41},"_step":10,"cross_entropy_loss":0.2480412747389108,"loss":0.2480412747389108,"val_accuracy":0.8687,"confusion_matrix_table":{"sha256":"64266b2aa1f5edd3fc9a15ae9a2a140fa609daf7655d5c0482c6cde9d32180f5","size":2930,"artifact_path":"wandb-client-artifact://1w0w0zybmipejwzwcc41f24129qgtwfrc6wi1oro2sn5qr7qtswbvczdasqh3f3puyahkyhx8gog1q590yesl8sburgyafeea47yyvj7omra9c7r64je768pvkt8o24w/confusion_matrix_table.table.json","_latest_artifact_path":"wandb-client-artifact://amjl0tbzhdr5innillxcgq0g9l4fxk3fcx51xkeugsmvivhancfir1iblu7k18msbab7zukrfto0mmup89pzyd9p5tm39hsuyekri764kcjio019n0b80gd9406v7hlv:latest/confusion_matrix_table.table.json","path":"media/table/confusion_matrix_table_10_64266b2aa1f5edd3fc9a.table.json","ncols":3,"nrows":100,"_type":"table-file"},"val_cross_entropy_loss":0.36643148555444716,"val_loss":0.36643148555444716,"val_mse_loss":0.18779197999568248,"epoch":10,"accuracy":0.9074814814814814}