{"mse_loss":0.15346698705569586,"val_cross_entropy_loss":0.3649976548351795,"accuracy":0.8929074074074074,"_timestamp":1.7421074137001653e+09,"cross_entropy_loss":0.2961865329572894,"_runtime":13.5436436,"_wandb":{"runtime":13},"val_accuracy":0.8743,"confusion_matrix_table":{"sha256":"76c51992b56d53ff842cad60f33101d29fadc29937d6e1c8d6389d13d322ce5d","size":2932,"artifact_path":"wandb-client-artifact://qqzna8ivws4wrb47aqv4wulz34yw7amiv03i23nyqzra68vexgbitcdksp7fc94jrm6qlvlwauis4snd9rl88moneyevm2o6g95214ixbsexhw66l0fs9zigwhxjno3i/confusion_matrix_table.table.json","_latest_artifact_path":"wandb-client-artifact://n1wy6y7qa9h058by83o9ki0h2bw39tko5l06ihsxomvgc4lrr9viklbhv4qdz1m3ywiqg35ouqiggh6805h0urg6naf1unnjaz6s878sznyqpi39s92fxtt0yeduhvqh:latest/confusion_matrix_table.table.json","path":"media/table/confusion_matrix_table_10_76c51992b56d53ff842c.table.json","ncols":3,"nrows":100,"_type":"table-file"},"_step":10,"loss":0.2961865329572894,"val_mse_loss":0.18223774040731258,"epoch":10,"val_loss":0.3649976548351795}