{"loss":2.3261228431133087,"_step":4,"accuracy":0.1002962962962963,"_timestamp":1.7411553291683683e+09,"_runtime":4.0962594,"_wandb":{"runtime":4},"val_loss":2.3241268704871016,"val_accuracy":0.09733333333333333,"epoch":5}