{"epoch":10,"_runtime":17.6021232,"cross_entropy_loss":0.30914310637439024,"val_accuracy":0.8584,"val_cross_entropy_loss":0.39619453533108123,"val_mse_loss":0.20472708157634806,"_wandb":{"runtime":17},"loss":0.3832376085737748,"val_loss":0.4705332969891076,"_step":10,"accuracy":0.8872037037037037,"confusion_matrix_table":{"_latest_artifact_path":"wandb-client-artifact://xwrzkexy17ftgr7odt3et41cj69pqhnt7oqm4lld9x8w5t4wo4gcnza0zjesk1rycom78h8la96183475nxsxhg2v3i0ttwcbrlom6jv7dax6r7leeuib5trjfifzn7u:latest/confusion_matrix_table.table.json","path":"media/table/confusion_matrix_table_10_5d76c7f09d0df15c5f0a.table.json","ncols":3,"nrows":100,"_type":"table-file","sha256":"5d76c7f09d0df15c5f0a68ae8f3318b2d6244f78547774b8ad9da0812a0d1a8e","size":2931,"artifact_path":"wandb-client-artifact://vshaa7wrnmn3vo5o8g61z0162vixbyf56jpdi2tb1x7aatt548l9xos09ty25v82fxk1vl59qre7lb4bjs07osm3sd1nud11t2i46om9y468trtblx70qe2cvq9iul9h/confusion_matrix_table.table.json"},"mse_loss":0.1616973719507427,"_timestamp":1.7421094237284508e+09}