{"_step":4,"_wandb":{"runtime":8},"accuracy":0.7296666666666667,"val_loss":0.7032809022835634,"val_accuracy":0.7359,"_timestamp":1.741364981871239e+09,"loss":0.6910919194331888,"_runtime":8.2240699,"epoch":5}