{"val_accuracy":0.30083333333333334,"_timestamp":1.7411519384994261e+09,"_runtime":13.8535238,"_step":9,"epoch":10,"val_loss":2.262795020672426,"_wandb":{"runtime":13},"loss":2.2670911917927183,"accuracy":0.2674074074074074}