{"val_accuracy":0.8615,"loss":0.39806876140141595,"epoch":10,"val_cross_entropy_loss":0.38857205689112917,"mse_loss":0.16833773693508713,"_wandb":{"runtime":40},"_timestamp":1.7421057548596807e+09,"cross_entropy_loss":0.32192006644368915,"val_loss":0.46478818603061844,"_step":10,"_runtime":40.6127238,"confusion_matrix_table":{"_latest_artifact_path":"wandb-client-artifact://58drw2i58f0yftjzp344pmuatht1w14cpjwtm7gxsef3ho4sq7l6aomc1mvthplf1earj3h4bfv801h9s2hmngfd2sli1wr2yrfq0hwue4uvfuzhnk3oiwz3sz0edj1p:latest/confusion_matrix_table.table.json","path":"media/table/confusion_matrix_table_10_23517717d25b20a4d919.table.json","ncols":3,"nrows":100,"_type":"table-file","sha256":"23517717d25b20a4d91916b0af94e5c19a8b2830c8c2306b3b439e6a1f778dea","size":2934,"artifact_path":"wandb-client-artifact://xf831uodbjv186fbpe86xn0jktpmddep58ei2dn4qycimjwg10anclmakysot8u5kiomt7m1s75jescr696xjhjrlomk91zkaxfjjgqmsbjh1fxigmrczztfpmv3uakh/confusion_matrix_table.table.json"},"accuracy":0.8816851851851852,"val_mse_loss":0.19755196313475834}