{"mse_loss":0.18392433267537264,"epoch":5,"loss":0.3603332634796909,"accuracy":0.8727962962962963,"_wandb":{"runtime":9},"val_accuracy":0.8605,"_runtime":9.5752928,"val_loss":0.4034187429639577,"val_mse_loss":0.20386073960534942,"confusion_matrix_table":{"size":2932,"artifact_path":"wandb-client-artifact://isuji65viimiv8q5r4gvv473tn85jg82bxpidrr69e3j7d06fvwl7e1i0qla7pyzmd7rp6m42ucyguh8jgkgkom004lk24k37c6ioz09jipzt8xfyxixy4od38uxqm3f/confusion_matrix_table.table.json","_latest_artifact_path":"wandb-client-artifact://jx5q8ccunq56q16gehxda8fa87ag4ofz35qn36r67zl9xhzg62ldgxxra0zrbqo02v5lm94cezap3uww07l7i5vdxba0hgxsk3mjlgocs4inzzxlt3c2t1jxmfcs5qwj:latest/confusion_matrix_table.table.json","path":"media/table/confusion_matrix_table_5_e77e84c874ebf7bf5dfe.table.json","ncols":3,"nrows":100,"_type":"table-file","sha256":"e77e84c874ebf7bf5dfe4121a9bea99bca2a61488598cf6c28cc2a49ebedab89"},"cross_entropy_loss":0.3603332634796909,"val_cross_entropy_loss":0.4034187429639577,"_step":5,"_timestamp":1.7415872997018046e+09}