{"epoch":10,"val_loss":2.2353577985448476,"_runtime":4.9682192,"_wandb":{"runtime":4},"_timestamp":1.7411559532392428e+09,"_step":9,"val_accuracy":0.11266666666666666,"loss":2.2443319865562685,"accuracy":0.11635185185185185}