{"_timestamp":1.7411515204329886e+09,"_runtime":7.3906272,"_step":9,"epoch":10,"val_accuracy":0.105,"val_loss":2.4197869900991864,"accuracy":0.09944444444444445,"_wandb":{"runtime":7},"loss":2.449279587833644}