{"_timestamp":1.741574897014832e+09,"loss":0.6477204285830743,"_step":10,"accuracy":0.8163518518518519,"epoch":10,"val_loss":0.7325161567944318,"val_accuracy":0.7882,"_runtime":28.3945428,"_wandb":{"runtime":28},"confusion_matrix_table":{"nrows":100,"_type":"table-file","sha256":"759addf49ccd449a907b92b919e3b58d15a557a6fb1336d8e9c241cd4ea4778f","size":2933,"artifact_path":"wandb-client-artifact://5imih32rzdkllb82ttb4j67ck35o5m3emyd7jo5sx3twsvafkqo15zvu3dp910jenlzxgdl3tqbthzlkl4r5g4rurab185qnlvtr0x2lfs8hbsf479qfsblydv4rnteo/confusion_matrix_table.table.json","_latest_artifact_path":"wandb-client-artifact://yempivg36ckuomvpw6lk6bhag0obwl83hvlmq8uyfmnh5iiq4z534yq6ilq3f34mob4hc90z7jud9x39hyudk7d3mt8zaivgg2zh4hrf2ebcl3kp4yp5eeo8coztj2wc:latest/confusion_matrix_table.table.json","path":"media/table/confusion_matrix_table_10_759addf49ccd449a907b.table.json","ncols":3}}