{"confusion_matrix_table":{"_type":"table-file","sha256":"cef882d6765edd5b01e5562aa3e485a0d8032e3a52ac8c230be5a64739f2c660","size":2940,"artifact_path":"wandb-client-artifact://39nqqav6g8unk5phvtmmyjlxnb26848m8p8dxpll3zeurhbrufkibdj1yse67t4bs9vq1mhd306t11r4e8suwlhqzhf9nvgt7l6rj9lx72lsake8dn4s3r07chqjcsgw/confusion_matrix_table.table.json","_latest_artifact_path":"wandb-client-artifact://37g5tbqo761ol1gfnkr0stocvs1fn0i03qhsnitioofa9vw7fpyxs05fio3jx19lcrvtq1pqrphj4635y9smhbi77m13rb3f0gfzl0yjkwmk6cdjm5rlsyzxpsqa4bpv:latest/confusion_matrix_table.table.json","path":"media/table/confusion_matrix_table_5_cef882d6765edd5b01e5.table.json","ncols":3,"nrows":100},"_wandb":{"runtime":15},"val_loss":0.7092619157920929,"epoch":5,"accuracy":0.7371666666666666,"cross_entropy_loss":0.7236009190704151,"val_cross_entropy_loss":0.7092619157920929,"_timestamp":1.7415873964021192e+09,"val_mse_loss":0.3610790353501618,"loss":0.7236009190704151,"_step":5,"_runtime":15.0931132,"mse_loss":0.3687206900189555,"val_accuracy":0.7437}