{"val_loss":0.5545528648053558,"epoch":10,"accuracy":0.8644259259259259,"val_cross_entropy_loss":0.466207812493353,"val_accuracy":0.8413,"_runtime":65.754072,"val_mse_loss":0.23331955836691937,"_timestamp":1.742194970956403e+09,"_step":10,"loss":0.4653527714982411,"confusion_matrix_table":{"artifact_path":"wandb-client-artifact://h1lwigvggpwa8z1soj6iwdyu268uf2mkxjq4nfbpjsys59myog4yxfvk1z1cjud0lt8r0nwmx7vy4b6z6bc43bc6xynkn2gff474ef0vwhzbx8086apibvv59zuoma14/confusion_matrix_table.table.json","_latest_artifact_path":"wandb-client-artifact://93apm7he97mwlgbjld7jrtf7chxa6gyryo5p1wzivwdizuj9joxe7g6tip70avob16we9z0za4tkhgn1aq7mk1fc012bbfqukikxzgyq2rwfp2nksqqvf1x73s3t7hws:latest/confusion_matrix_table.table.json","path":"media/table/confusion_matrix_table_10_45931315134ea44ccbc9.table.json","ncols":3,"nrows":100,"_type":"table-file","sha256":"45931315134ea44ccbc9b50a3010096c5080a66fc8270fe74a68ef38e65c045c","size":2935},"_wandb":{"runtime":65},"mse_loss":0.19259909787442428,"cross_entropy_loss":0.37804539923835295}