{"val_accuracy":0.8666,"val_loss":0.4108658907106416,"val_mse_loss":0.19801430903055242,"val_cross_entropy_loss":0.4108658907106416,"_timestamp":1.7421116738371625e+09,"epoch":10,"_wandb":{"runtime":39},"mse_loss":0.17212773816765453,"cross_entropy_loss":0.34947300773224244,"_runtime":39.7648205,"accuracy":0.8841851851851852,"_step":10,"confusion_matrix_table":{"sha256":"83ff59baee0ee4bd7b4b575a2465bda16e5189d00bbc1a298e538eb5e77e14b6","size":2933,"artifact_path":"wandb-client-artifact://a95volq5hlhnmaacqqdr8nknf1e76h6coqru4uedfc304665vh41knp81w0om603hh4mlwgtdmpe5a1108sot8we3ewe3qu5ofkk3tfikoxt2naozypm7r3qix46yn52/confusion_matrix_table.table.json","_latest_artifact_path":"wandb-client-artifact://z97q8pf8oi0o3csm8094miqqbt2ocl34qye2r27hbehfbn0nj0zaexors690w7cil4opd7fij90sikw8woc3wzmp4lv3rtslizvo9yhepwe3myyop4kqup8q6xp9ffn4:latest/confusion_matrix_table.table.json","path":"media/table/confusion_matrix_table_10_83ff59baee0ee4bd7b4b.table.json","ncols":3,"nrows":100,"_type":"table-file"},"loss":0.34947300773224244}