{"loss":0.4172068139761003,"_runtime":10.7875841,"val_accuracy":0.8567,"accuracy":0.8748703703703704,"val_loss":0.4631174099859914,"_timestamp":1.7413641607669437e+09,"epoch":5,"_wandb":{"runtime":10},"_step":4}