{"loss":2.3027283254509,"_wandb":{"runtime":39},"_timestamp":1.741584182253553e+09,"val_accuracy":0.1,"_step":5,"val_cross_entropy_loss":2.3026016979543527,"val_mse_loss":0.9000033417835799,"_runtime":39.3916815,"epoch":5,"accuracy":0.09898148148148148,"confusion_matrix_table":{"nrows":100,"_type":"table-file","sha256":"3a5e256cb12d2d5189da1c363d9fd263bbd628492564bad9d615d9c78283fc84","size":2912,"artifact_path":"wandb-client-artifact://yteumqhelbu3ge12yeh2xvwhf5edioqksq5zwd5ufm9d0wn8avfa0f04owdzb4k676azkmmfmnhz5fiu0xr0mhxid1s270b45w5bzbuj4l88vpwh3vgep2ax1f7bb5sw/confusion_matrix_table.table.json","_latest_artifact_path":"wandb-client-artifact://opaqhl9nl0xfe8cy04uuxpsie2s3wx7gbf001dqirqzz4vh2bbxcahy567oapqp9zaxwrnvzmy4f76psh5ilpkdjm17soy46ut5rfh8xbpfm8tqg5wx5yoj9zf4aivua:latest/confusion_matrix_table.table.json","path":"media/table/confusion_matrix_table_5_3a5e256cb12d2d5189da.table.json","ncols":3},"cross_entropy_loss":2.3027283254509,"mse_loss":0.9000286600008146,"val_loss":2.3026016979543527}