{"loss":2.3104530072795404,"_wandb":{"runtime":5},"val_loss":2.3094510576715783,"_runtime":5.5402987,"accuracy":0.09931481481481481,"_timestamp":1.741153398512915e+09,"_step":4,"epoch":5,"val_accuracy":0.1015}