{"_timestamp":1.7421930937705386e+09,"loss":0.7774602256599645,"cross_entropy_loss":0.7774602256599645,"_wandb":{"runtime":57},"_runtime":57.0452788,"_step":10,"val_accuracy":0.7453,"epoch":10,"val_mse_loss":0.38671273846754245,"val_loss":0.7750471661593534,"val_cross_entropy_loss":0.7750471661593534,"accuracy":0.7292592592592593,"mse_loss":0.39848829694760585,"confusion_matrix_table":{"nrows":100,"_type":"table-file","sha256":"76b95222ea7c259b03ebd0784df07f9cf662098d0a4b35ccb85998d2889e9056","size":2939,"artifact_path":"wandb-client-artifact://5cxzqo9w1mdq2n6srm9pfb2kv6jis6700es9l9yx4uelk8ixoda5y06w5hozz0esersgs09x1o1kmzpnn84b6705ywwranqmnrq9v75offwvnhofd5wbglfp64nyoedt/confusion_matrix_table.table.json","_latest_artifact_path":"wandb-client-artifact://3xg46wx58umj4pot2th4xj9wv7rjsv0ma5tseoglhdc5hfa7mevmec22prguevhwsa5qv6fzhlskakph9lqhlj7dupnwdm0yseukyafjw5spix1kmnwjh4mge9zabd99:latest/confusion_matrix_table.table.json","path":"media/table/confusion_matrix_table_10_76b95222ea7c259b03eb.table.json","ncols":3}}