{"val_accuracy":0.1,"_wandb":{"runtime":33},"accuracy":0.09881481481481481,"_runtime":33.3478961,"val_loss":2.306946039987883,"_timestamp":1.7412552930190027e+09,"loss":2.306976400379114,"_step":9,"epoch":10}