{"_timestamp":1.7421341536705163e+09,"accuracy":0.09738888888888889,"_runtime":7.4038070000000005,"val_mse_loss":0.9000157588768841,"val_cross_entropy_loss":2.30266362145928,"_step":5,"_wandb":{"runtime":7},"cross_entropy_loss":2.302776144732311,"epoch":5,"confusion_matrix_table":{"path":"media/table/confusion_matrix_table_5_3a5e256cb12d2d5189da.table.json","ncols":3,"nrows":100,"_type":"table-file","sha256":"3a5e256cb12d2d5189da1c363d9fd263bbd628492564bad9d615d9c78283fc84","size":2912,"artifact_path":"wandb-client-artifact://23t20icxi3ws23qlsjsk0fnru2ajv72zf84dax6njhfdwutu21s71gxqqjm8jrli9ykkfjxp3thxyjeut9b6wqxzdi9q3j64ee1q8xdgxzh97ty8k5e7ncyhd49yhgpi/confusion_matrix_table.table.json","_latest_artifact_path":"wandb-client-artifact://duulhs6c7s08qdyjud89xmo4avi81ekhi2fwr4y5x0a9f71xpy5eumyr8qlyvlynp22mufxprer7st1b757151fkyegcbbok655st8e5exr8yv2gskhhi0hiapavb5dj:latest/confusion_matrix_table.table.json"},"val_loss":2.302972385004784,"loss":2.3030596311713576,"val_accuracy":0.1,"mse_loss":0.900038225820364}