{"_timestamp":1.7421896134465334e+09,"val_cross_entropy_loss":0.5076405081581481,"cross_entropy_loss":0.4303926255144217,"mse_loss":0.20668553490500677,"accuracy":0.8549074074074074,"epoch":5,"val_mse_loss":0.24378333635613586,"confusion_matrix_table":{"nrows":100,"_type":"table-file","sha256":"53d787ecd891305c9a4a9625e4373da11107bcfa63ba017a22eba504b7bb82af","size":2932,"artifact_path":"wandb-client-artifact://hhm9yh92vntng7ywucoijjt4225uzjt83ij52zbza1tucqi3ybuk0ofg9iccq4mp5eo9mjrzrh4z4rn3hg4vf7ddzbgulyibtgomptwx72zcgkrfev0bk59xnd2lpvgq/confusion_matrix_table.table.json","_latest_artifact_path":"wandb-client-artifact://6bgi9iq1bkim83f2ic81s2ayl6n1plw54amr4uavhlt14nn0i1gw33eg16tkndbkxhoh8revqaqhu7utili4bhd9wm9fcsrcdxrk6eoxaq4fgpofn3atpwt5gf68hqmm:latest/confusion_matrix_table.table.json","path":"media/table/confusion_matrix_table_5_53d787ecd891305c9a4a.table.json","ncols":3},"loss":0.4303926255144217,"_step":5,"val_loss":0.5076405081581481,"_runtime":12.2243844,"_wandb":{"runtime":12},"val_accuracy":0.8258}