{"_runtime":12.0363326,"val_cross_entropy_loss":0.42095125126738014,"accuracy":0.882,"confusion_matrix_table":{"path":"media/table/confusion_matrix_table_5_9297e59dcf3e53e0d732.table.json","ncols":3,"nrows":100,"_type":"table-file","sha256":"9297e59dcf3e53e0d7326feda2a15d25a6c089bc56b91e58f9799dbbffcc4a97","size":2934,"artifact_path":"wandb-client-artifact://g502whdtmi12npheaqhicix3c8ii8potbg80v9j3bwq7vtd64wi07l1zzmn56oi9vdlrpupg5dxhg32sfdz41cxvccwxozs1ndjxj5aox342y398xd8tpf3mdb4fegbw/confusion_matrix_table.table.json","_latest_artifact_path":"wandb-client-artifact://1m1j58kxzu72hk2ki7rz1rj6fwe0xpcfqkcqnintoqzlpcdwk8ktid5hfe4bx2ceh51vcs1c12i8vnl6m8d4p0teq29sip848gx6dcyedxv227fg94daz14tq3473sq4:latest/confusion_matrix_table.table.json"},"_wandb":{"runtime":12},"cross_entropy_loss":0.32637540012590266,"loss":0.32637540012590266,"mse_loss":0.16954500781301873,"_timestamp":1.7421113725070095e+09,"_step":5,"epoch":5,"val_accuracy":0.853,"val_loss":0.42095125126738014,"val_mse_loss":0.2105439215544415}