{"_wandb":{"runtime":4},"epoch":5,"loss":2.299735268117025,"_timestamp":1.7411551200577388e+09,"val_accuracy":0.09766666666666667,"_step":4,"accuracy":0.10038888888888889,"_runtime":4.3292923,"val_loss":2.2992846003288667}