{"loss":0.3013543658412881,"cross_entropy_loss":0.3013543658412881,"confusion_matrix_table":{"_type":"table-file","sha256":"41bf1f7988cc0996dccae3282bcd8f388555d0235c65260e36a9f9aa7bb1484e","size":2932,"artifact_path":"wandb-client-artifact://ovk1eqrd9htdg0nuxos79ippn6wuew5egv3tw4iaa0d26dpxe6q0qygnbnfc0kzt74k3mjdjusjuzmzmut4d4u61cfy4giy0otttnmflzc3rvnt776kl0uct8li921pd/confusion_matrix_table.table.json","_latest_artifact_path":"wandb-client-artifact://aewaefjfhxjy3xl1y46l5ehedmkgbm4iy4gtdygxyw73ycdtbkrgqc5bdj7qoqw7wjq4ea9q2wzx7k15rwnme7dhr7nnuuyj3sekmzsl5ax722f8bagom7nkkquc4r4u:latest/confusion_matrix_table.table.json","path":"media/table/confusion_matrix_table_10_41bf1f7988cc0996dcca.table.json","ncols":3,"nrows":100},"mse_loss":0.1553906223832044,"accuracy":0.8927222222222222,"_wandb":{"runtime":29},"val_cross_entropy_loss":0.3786687612330743,"val_accuracy":0.8682,"val_loss":0.3786687612330743,"val_mse_loss":0.19003737726367512,"_step":10,"_runtime":29.806663,"epoch":10,"_timestamp":1.7415911711163268e+09}