{"confusion_matrix_table":{"artifact_path":"wandb-client-artifact://zh9j7s9ok304cgqtbu6i9o3jsn72sne9i5w9dqmjyrih18hgiueeor2h8aulwhai4d280ovqmold0vj1rxzt4f7pg62jypu2tgo6gi563ddharsxx861km7wpoin1hk4/confusion_matrix_table.table.json","_latest_artifact_path":"wandb-client-artifact://tz9bzhr2uc0ahbfmqzt1ywmsf9wkdvf7s6va5cchwm6wiywfndhow2erweebqahzsj1kshons7g0tqgn1zz05r4d993gipqv90j2oi09oe279nfdhk0ddayvjhc402ck:latest/confusion_matrix_table.table.json","path":"media/table/confusion_matrix_table_5_dd088df5c9d97777a9d5.table.json","ncols":3,"nrows":100,"_type":"table-file","sha256":"dd088df5c9d97777a9d5099a7862ef34e2f6a0d54c9197ed6d5b34a2a6cf193f","size":2935},"val_cross_entropy_loss":0.41176148383308503,"val_mse_loss":0.2097177424447139,"val_accuracy":0.8522,"loss":0.3743521838833199,"_step":5,"accuracy":0.8665185185185185,"_wandb":{"runtime":20},"_runtime":20.3258946,"_timestamp":1.7421083006483305e+09,"mse_loss":0.19146392721993669,"epoch":5,"val_loss":0.41176148383308503,"cross_entropy_loss":0.3743521838833199}