{"_timestamp":1.7421342656772778e+09,"val_cross_entropy_loss":2.3025946896665985,"mse_loss":0.9000032269304451,"_runtime":12.5332796,"confusion_matrix_table":{"size":2912,"artifact_path":"wandb-client-artifact://zzvgf9il4hx2dt9e0xwmz6kxgvp88zez3t0pxdahvj2fcv143zfpod0gk0txog2gfn09wioc33ogk1h243od8x512faxhk3t66p1jc4d1fr55bxmy184o9bjzp2101rp/confusion_matrix_table.table.json","_latest_artifact_path":"wandb-client-artifact://ref841futwow7s9ho3u2bm96jl7as6ocf8oxrvlte7fmc0ax472tf4srayakm2km9pkx7s5jjxvwojotzl7year2vz8veh83ywjustf8gimz3x3c8c2rlfpxx7d3yfz4:latest/confusion_matrix_table.table.json","path":"media/table/confusion_matrix_table_10_e057170823602e16cc6d.table.json","ncols":3,"nrows":100,"_type":"table-file","sha256":"e057170823602e16cc6d65e01f04cd68537bdc19067d65140986d32eda76ff73"},"val_accuracy":0.1,"epoch":10,"accuracy":0.09975925925925926,"val_loss":2.3025946896842857,"_step":10,"loss":2.302601134358882,"cross_entropy_loss":2.302601134332558,"_wandb":{"runtime":12},"val_mse_loss":0.9000019415128372}