{"_wandb":{"runtime":9},"_step":9,"_runtime":9.5643088,"val_loss":2.2732191018093855,"_timestamp":1.741151880112431e+09,"accuracy":0.3572222222222222,"loss":2.2754879108097548,"val_accuracy":0.3626666666666667,"epoch":10}