{"val_accuracy":0.872,"_timestamp":1.7421079170191553e+09,"cross_entropy_loss":0.25912916815165965,"accuracy":0.9044629629629629,"mse_loss":0.1377674919856901,"epoch":10,"_runtime":30.0440945,"_step":10,"_wandb":{"runtime":30},"val_mse_loss":0.18818665836604778,"val_loss":0.37257674759542714,"loss":0.25912916815165965,"confusion_matrix_table":{"size":2929,"artifact_path":"wandb-client-artifact://or0f5ycxabm1702jplx7e3j8e0db2jyzoodj6o2tk9aozq19c8xs52uqpk1inxq6hc04m4xqrnxap7d4z9dow3la7372nwmh4vghrg0ctsr68zh192ncinuxs84e7dct/confusion_matrix_table.table.json","_latest_artifact_path":"wandb-client-artifact://4xlsitslx6l70obdoeu4tsgo0gpegfjcti2eucgf3yqi4k6gl6x0sftjoo4o3snvo4556ug890ocqnzce2be78reqb2a5czlpnl8s1uw4lqmzdieft6mfvtn06b5shag:latest/confusion_matrix_table.table.json","path":"media/table/confusion_matrix_table_10_1b0afd5318534f30fc82.table.json","ncols":3,"nrows":100,"_type":"table-file","sha256":"1b0afd5318534f30fc82e01166c0b9db66aba339ea2f621288b7b6d6178aec57"},"val_cross_entropy_loss":0.37257674759542714}