{"loss":0.262284203357076,"mse_loss":0.13848146248148616,"val_loss":0.3628068453380708,"_wandb":{"runtime":50},"val_mse_loss":0.18225088597021855,"cross_entropy_loss":0.262284203357076,"_step":10,"confusion_matrix_table":{"ncols":3,"nrows":100,"_type":"table-file","sha256":"5c7c1bc4fb8066802a2880e125b99ba993bf1e8b1d71da0e24f66d289836a574","size":2931,"artifact_path":"wandb-client-artifact://jtnv86ub1z9kk4s9el8bxodqkpqy22q706y99wkbrr7jot9ojp39t7225mfea4nssd6yxqg55l6u1f0x9wepo05leq5xbh9rv5e48zzkvtd1d66sez50eu495hd0xe8e/confusion_matrix_table.table.json","_latest_artifact_path":"wandb-client-artifact://lnyy2r69syfs1feueitq8optaz90y8dw3rnvqudy926mbqu9kq0099gnaxdjcs2h8a46yige33lo2pz7dc6msjpp8m5dbm9q0kdt9kcsny40b1shpwxuzxg4wnzfgrky:latest/confusion_matrix_table.table.json","path":"media/table/confusion_matrix_table_10_5c7c1bc4fb8066802a28.table.json"},"_timestamp":1.742197199226216e+09,"_runtime":50.5151394,"accuracy":0.9045925925925926,"epoch":10,"val_cross_entropy_loss":0.3628068453380708,"val_accuracy":0.8733}