{"val_accuracy":0.10266666666666667,"_timestamp":1.7411560703421757e+09,"_step":4,"val_loss":2.4028094668000413,"_wandb":{"runtime":4},"accuracy":0.0997037037037037,"epoch":5,"loss":2.4470514565954504,"_runtime":4.5282895}