{"val_loss":1.0365647075474118,"loss":1.0399649694518924,"_wandb":{"runtime":22},"val_accuracy":0.5815,"_timestamp":1.7412525737487805e+09,"_runtime":22.8941033,"epoch":10,"_step":9,"accuracy":0.5779814814814814}