{"epoch":5,"cross_entropy_loss":0.3706758772429977,"_runtime":26.2951211,"val_accuracy":0.8566,"mse_loss":0.18933856627565668,"val_loss":0.5488400020771584,"_wandb":{"runtime":26},"_timestamp":1.74158799780865e+09,"val_mse_loss":0.2051521761867044,"_step":5,"val_cross_entropy_loss":0.4031693479903532,"accuracy":0.8674074074074074,"confusion_matrix_table":{"sha256":"3933c42f8ced2f3b16f09d49bfaf705e643e70a06e860a60314a4ada4d31cfdb","size":2933,"artifact_path":"wandb-client-artifact://jk8u2zgn0yfm0wka9trxe875h6yxxkrt31ecqhk26hbufm1v44qv2f5ooo8tyhxfgeh1lbqj4ew8iirifuboavbvryqigilhy2k1n3660t0oinimfmzrfpz6r2f97pm0/confusion_matrix_table.table.json","_latest_artifact_path":"wandb-client-artifact://2kge7mfba708dfwzjn88t853ma6ab7994gcz51fu92hajdc3c3fred2bqst25aalxu3qpstbgv13hn2n7bgeyp6oqikr5m4c9qjcjg6ppnd7imzsu4vu37qfr7ebsvhc:latest/confusion_matrix_table.table.json","path":"media/table/confusion_matrix_table_5_3933c42f8ced2f3b16f0.table.json","ncols":3,"nrows":100,"_type":"table-file"},"loss":0.5175060107208987}