{"val_accuracy":0.578,"_wandb":{"runtime":11},"epoch":5,"_runtime":11.814854,"val_loss":82.92164374230788,"loss":86.43253282118016,"_timestamp":1.741533337089967e+09,"_step":4,"accuracy":0.5713518518518519}