{"val_mse_loss":0.19635180017866913,"val_cross_entropy_loss":0.38499899587787617,"_wandb":{"runtime":48},"val_accuracy":0.8635,"_timestamp":1.742111345768234e+09,"cross_entropy_loss":0.33715815248924424,"_runtime":48.0421594,"epoch":10,"mse_loss":0.17290633399078575,"loss":0.33715815248924424,"val_loss":0.38499899587787617,"_step":10,"accuracy":0.8788148148148148,"confusion_matrix_table":{"size":2930,"artifact_path":"wandb-client-artifact://2lt66fvh64eqnk7tvro4wkud0ds1j2adcir9wf0e9k3r40g7o29ietd0uj2qr53k2b69aw4jkkk2cq1mjicr6ijb5etwfjate66k2h1g6ge0mjvmjnzvz6m7ogf7sgvn/confusion_matrix_table.table.json","_latest_artifact_path":"wandb-client-artifact://w2koh1ozvv37okngeg7vxocvf74go9gxakmop5jzjey93h7o84ka3yv3d0c3zrs3g8zq4g3m65uq2c07e1tf0kn0bahummd92xdvfr75vqnhacfnhzmc23n0b4ieb9c5:latest/confusion_matrix_table.table.json","path":"media/table/confusion_matrix_table_10_673f4bb1f91cdc312c56.table.json","ncols":3,"nrows":100,"_type":"table-file","sha256":"673f4bb1f91cdc312c5619151eb4b7b2e0aad24464046f8b0fb5d06317b5a84b"}}