{"val_accuracy":0.10266666666666667,"_runtime":8.5070749,"_step":9,"_wandb":{"runtime":8},"epoch":10,"loss":2.334292882441943,"accuracy":0.0997037037037037,"_timestamp":1.7411556478199756e+09,"val_loss":2.3275306282620942}