{"val_accuracy":0.8145,"val_cross_entropy_loss":0.5203139765434137,"val_loss":0.7125859700197757,"_step":10,"epoch":10,"val_mse_loss":0.26485667208740193,"_runtime":35.1804727,"accuracy":0.8245185185185185,"mse_loss":0.2525982970413038,"_timestamp":1.7421916919330435e+09,"loss":0.6903222802733318,"_wandb":{"runtime":35},"confusion_matrix_table":{"_latest_artifact_path":"wandb-client-artifact://m58eddi8a4juosdqhixikvse5jkdoyq73lbpu22lm980dnl8v4myv2evru61ubvdnwd3p4x0cggv4u4r4h6980qcsg8z1mdkhnk1qv64t3cjr6ljj928gp9zj9hw4ho4:latest/confusion_matrix_table.table.json","path":"media/table/confusion_matrix_table_10_e146eb33c46f08518b0d.table.json","ncols":3,"nrows":100,"_type":"table-file","sha256":"e146eb33c46f08518b0d61a26b0bbd7c80e03e1ea968b541c3ee49b3b3e194ef","size":2939,"artifact_path":"wandb-client-artifact://ukh9mhrp7v3e0xcek9oyiw54db8vpij70l0ankr7742blu6nkttrrblqq15999bw7l02507f4eualrs25a2s2dwmpraaci3qfbqa7p2wwg9tz2awkvqwrqufcgj307wa/confusion_matrix_table.table.json"},"cross_entropy_loss":0.4980331778359052}