{"loss":0.650545946076651,"_step":4,"_wandb":{"runtime":10},"val_accuracy":0.7518,"_timestamp":1.7413473070995789e+09,"_runtime":10.8542649,"epoch":5,"accuracy":0.7390925925925926,"val_loss":0.6552142490333154}