{"loss":2.502232570080581,"_step":9,"accuracy":0.09996296296296296,"_runtime":6.9278949,"epoch":10,"_wandb":{"runtime":6},"_timestamp":1.7411522803857365e+09,"val_loss":2.4983356291562755,"val_accuracy":0.10033333333333333}