{"epoch":10,"accuracy":0.8876851851851851,"_timestamp":1.7415915868756227e+09,"loss":0.31793660570114274,"val_mse_loss":0.18700089524237656,"val_loss":0.3688286458813345,"mse_loss":0.16233775607660178,"cross_entropy_loss":0.31793660570114274,"_step":10,"_runtime":19.0684458,"val_cross_entropy_loss":0.3688286458813345,"_wandb":{"runtime":19},"confusion_matrix_table":{"_type":"table-file","sha256":"b8713579ce200c280b4c9f15b122e38db14169c1d3309bfe7fdd41adab486bbd","size":2930,"artifact_path":"wandb-client-artifact://5rki0rhqz77c2yr4bjjgwt3awbkullmo3gnu6s29ukeslv7h6q4ea05pucpzf7jv7vi8qdyajd7br6sswh9f6ix8whnoberu4nj68kmfs0vnt1899pv3qxv2p5dx2phb/confusion_matrix_table.table.json","_latest_artifact_path":"wandb-client-artifact://vj3hvhqu14dbnyulvm5hrulf5je0ekoc15932dcxfkn1g8641bffgvt42d18so3l96igshzbayxdgj5p4gbsltdzvh45bj83jsz7u5pgcvhaq335jsvelurz38qlkwjt:latest/confusion_matrix_table.table.json","path":"media/table/confusion_matrix_table_10_b8713579ce200c280b4c.table.json","ncols":3,"nrows":100},"val_accuracy":0.8669}