{"_step":4,"_runtime":31.4868562,"_timestamp":1.741250206592003e+09,"val_loss":2.675064584968913e+07,"accuracy":0.2009074074074074,"epoch":5,"val_accuracy":0.1941,"_wandb":{"runtime":31},"loss":1.1152165554272212e+07}