{"accuracy":0.47379629629629627,"_timestamp":1.7412561316017737e+09,"val_loss":4.775671789390096,"_step":4,"_runtime":13.1253651,"loss":4.221852924168099,"epoch":5,"val_accuracy":0.4733,"_wandb":{"runtime":13}}