{"cross_entropy_loss":0.2700140550968422,"mse_loss":0.1425406702065566,"_step":10,"val_accuracy":0.8673,"loss":0.2700140550968422,"accuracy":0.9012407407407408,"val_cross_entropy_loss":0.3742794531230573,"_timestamp":1.7421927690656104e+09,"_wandb":{"runtime":41},"confusion_matrix_table":{"_latest_artifact_path":"wandb-client-artifact://61xnjuouhi6pfk7x81838gjg9swdyfk1d72ts0ljcnc6ma9zv2h7uslwn0zkqstpl9one9bnaeyn1tg399jcehjs5nuwnrj93df7wqd9bgd1zi0ly7t9dvaeei7jkk6o:latest/confusion_matrix_table.table.json","path":"media/table/confusion_matrix_table_10_0ffd011a7263258017f9.table.json","ncols":3,"nrows":100,"_type":"table-file","sha256":"0ffd011a7263258017f923efa21daf3108ef54d04a7792f0bb926d0909026482","size":2931,"artifact_path":"wandb-client-artifact://ngdjumnvb6qj79bfrgilach9bplxd4fxw1venitllbd8usw199gccyem5udyp25gbcar13jxchgg0hzekfzpwqaq3i5bq2u5sg27vlsu0q4ss41b0fpqxsds01u891kd/confusion_matrix_table.table.json"},"val_loss":0.3742794531230573,"epoch":10,"val_mse_loss":0.19064554555075952,"_runtime":41.8080346}