{"val_accuracy":0.8615,"_runtime":20.3869263,"mse_loss":0.1729634138480024,"confusion_matrix_table":{"nrows":100,"_type":"table-file","sha256":"05545f396ae7ec319ff71724655c7ea6cf2ffe8517f4f8b7f902533b186a1394","size":2932,"artifact_path":"wandb-client-artifact://9ztt3w6o5thhxk8q8terucp9t8psciss34cl4qf5mp1iruud5i7hbr1nsw0tnwbut803yc9lsifzerx0qqxoh2gy79blecmb5mi9g9o8rxxotfc2ly65qio4wb2k42e1/confusion_matrix_table.table.json","_latest_artifact_path":"wandb-client-artifact://r4jy1o876hukjcztfwg1rravty5demjvemwgk2m3vof0p1tsav106obfpmnlw1tgyj7or7qy60x7e94gho26wvc049mo8116qt1vz7albujbnrpxztmc7hb45sw4g64u:latest/confusion_matrix_table.table.json","path":"media/table/confusion_matrix_table_10_05545f396ae7ec319ff7.table.json","ncols":3},"_wandb":{"runtime":20},"cross_entropy_loss":0.33882635584171183,"_timestamp":1.7421952881728344e+09,"_step":10,"loss":0.33882635584171183,"val_mse_loss":0.20078410658367674,"val_loss":0.3940526085250884,"val_cross_entropy_loss":0.3940526085250884,"accuracy":0.8796666666666667,"epoch":10}