{"val_accuracy":0.2049,"val_loss":2.425704388739256,"loss":2.4277644669410705,"_timestamp":1.7411911511478188e+09,"_runtime":29.2263064,"accuracy":0.14732142857142858,"epoch":5,"_wandb":{"runtime":29},"_step":4}