{"_step":9,"loss":2.2723695320131956,"accuracy":0.12714814814814815,"_runtime":4.9362755,"epoch":10,"val_accuracy":0.13783333333333334,"val_loss":2.2627064546666484,"_timestamp":1.741154730775967e+09,"_wandb":{"runtime":4}}