{"loss":2.3031596348730745,"val_accuracy":0.1,"_wandb":{"runtime":29},"accuracy":0.09922222222222223,"val_loss":2.302676054605777,"_runtime":29.6310665,"_timestamp":1.7412530438073444e+09,"_step":9,"epoch":10}