{"_step":5,"accuracy":0.09951851851851852,"loss":2.3035714355097228,"val_accuracy":0.1,"confusion_matrix_table":{"nrows":100,"_type":"table-file","sha256":"fde76a3ad560a8d9e3d8af65329ead9e0fc5eb7c4f2377967c2e27d07ba92fba","size":2912,"artifact_path":"wandb-client-artifact://cj6td3iay10y8yqql8wn2rxsj41v4zyfi84n98rkcuhf3l62oel0suthqh1877cdv1yuao23tjj0muzfpdibinpegdvlsmqne7gx20wkd8y3alv46bnti9jag8ynyi50/confusion_matrix_table.table.json","_latest_artifact_path":"wandb-client-artifact://gr90xty5ponf7tm73iyk3djvroac1tzop41fft089yh1yowcu1k15s1x7qpos7yz5ml35i1qgggwlsnqsp4yrfz8khsefhasw7tpp8ma9wqe45fn1479rrn61e394eh1:latest/confusion_matrix_table.table.json","path":"media/table/confusion_matrix_table_5_fde76a3ad560a8d9e3d8.table.json","ncols":3},"val_mse_loss":0.9000066481660091,"_runtime":6.7917717,"val_loss":2.3033949528328708,"val_cross_entropy_loss":2.3026182141312224,"cross_entropy_loss":2.3027771289576076,"epoch":5,"_timestamp":1.7415874860397565e+09,"mse_loss":0.900038440867478,"_wandb":{"runtime":6}}