{"loss":2.3026251071531565,"_step":9,"_wandb":{"runtime":12},"val_accuracy":0.1,"_runtime":12.6440005,"epoch":10,"_timestamp":1.7413581859540124e+09,"val_loss":2.302594129023222,"accuracy":0.10031481481481481}