{"val_loss":0.399323325413773,"accuracy":0.8853703703703704,"cross_entropy_loss":0.3166729729948174,"val_mse_loss":0.20228185651223007,"val_cross_entropy_loss":0.399323325413773,"_wandb":{"runtime":10},"val_accuracy":0.8595,"epoch":5,"confusion_matrix_table":{"artifact_path":"wandb-client-artifact://oqeeckkcz94jkoruwbsyfgwnxrf1yzs074jsiqto420l7xwkefibkptxutk3mph0xdntczhcnvrcgc16f1kvp0bo5ll0o1a0wq2f7fquqi6u398snmi5mbpc9ab4bb0d/confusion_matrix_table.table.json","_latest_artifact_path":"wandb-client-artifact://b6fm98ciuuzz4t9zwdz69ncqv0u5vkrgib00ta73yb15edxm8hh3nju8ke4tnjuhra7m8babhpi1ni2l7u2qxaem2ut5vt822y8ijub5s2ly8d6gzm74ogcctsoleodj:latest/confusion_matrix_table.table.json","path":"media/table/confusion_matrix_table_5_8236e7e6fd073e93399a.table.json","ncols":3,"nrows":100,"_type":"table-file","sha256":"8236e7e6fd073e93399a61928fa3299f03c0c96326c969d9584be9f234a89e41","size":2931},"_step":5,"_timestamp":1.7415898245990267e+09,"mse_loss":0.16513644222802445,"loss":0.3166729729948174,"_runtime":10.854046}