{"loss":2.314953673906811,"_runtime":38.32765,"accuracy":0.09955555555555555,"val_accuracy":0.1,"_wandb":{"runtime":38},"_step":4,"val_loss":2.3135360998166434,"epoch":5,"_timestamp":1.7413572204265008e+09}