{"loss":NaN,"accuracy":0.09944444444444445,"_wandb":{"runtime":12},"_step":4,"_timestamp":1.741344312227236e+09,"val_loss":NaN,"epoch":5,"_runtime":12.662628,"val_accuracy":0.1}