{"epoch":5,"_wandb":{"runtime":4},"_step":4,"val_accuracy":0.261,"accuracy":0.2436111111111111,"val_loss":2.286314610401934,"loss":2.290230779431426,"_runtime":4.1383226,"_timestamp":1.741154606880533e+09}