{"_step":4,"accuracy":0.1050925925925926,"val_accuracy":0.183,"epoch":5,"loss":2.2831560547991856,"_timestamp":1.741154907119909e+09,"val_loss":2.291162328517047,"_runtime":4.7413714,"_wandb":{"runtime":4}}