{"val_loss":0.48884910699362044,"epoch":10,"_wandb":{"runtime":58},"_runtime":58.8753158,"_step":9,"accuracy":0.8693333333333333,"val_accuracy":0.8558,"loss":0.4492490101005777,"_timestamp":1.7413684150921504e+09}