{"val_accuracy":0.20033333333333334,"_timestamp":1.741156165708012e+09,"_wandb":{"runtime":3},"_runtime":3.6730883,"val_loss":2.0640724900551235,"loss":2.1440405048365947,"_step":4,"epoch":5,"accuracy":0.1725925925925926}