{"_step":5,"mse_loss":0.19433466708186595,"_runtime":23.0448765,"val_mse_loss":0.2122733122652663,"accuracy":0.8632222222222222,"_wandb":{"runtime":23},"epoch":5,"cross_entropy_loss":0.37304675385471503,"confusion_matrix_table":{"nrows":100,"_type":"table-file","sha256":"56e0404fc05a6841921a77f344624a619ef992056452de41fe3ef3b716d90cb7","size":2936,"artifact_path":"wandb-client-artifact://wyu9616ynvaucjwsy63iexrrk8rk7oeztnu9oy5f8449j2ky6mo2awr75hivs0dy4xw7dzsmf0zvrpfjc1rlvw9sspvn5elk7yhfrmxy9qoq26x4mvzd652mstykpboo/confusion_matrix_table.table.json","_latest_artifact_path":"wandb-client-artifact://f88sfkhcbmj6kc4r1rriotwz5oy7d7oc4t9fzs9vq1e2hkbyct61a21vddhqp4kclmcsineawj4yarybu5pwp2pt2dlsaa65nljmr1tebutwbg9h5hz6lkvn0uiciemh:latest/confusion_matrix_table.table.json","path":"media/table/confusion_matrix_table_5_56e0404fc05a6841921a.table.json","ncols":3},"val_cross_entropy_loss":0.4176293515733702,"_timestamp":1.7415898624312735e+09,"loss":0.48879479039887874,"val_accuracy":0.8499,"val_loss":0.5295214892511227}