{"_runtime":10.609473,"_step":9,"val_loss":1.1446890161176067,"epoch":10,"val_accuracy":0.5605,"loss":1.1622382522594703,"accuracy":0.5416666666666666,"_wandb":{"runtime":10},"_timestamp":1.7411841360104659e+09}