{"epoch":10,"_wandb":{"runtime":5},"_timestamp":1.7411553735518298e+09,"val_accuracy":0.101,"_step":9,"val_loss":2.3071319856473704,"_runtime":5.6461438,"accuracy":0.09687037037037037,"loss":2.312016888392287}