{"val_mse_loss":0.2216793719658283,"val_accuracy":0.8445,"loss":0.41119326695617375,"epoch":10,"val_loss":0.5125868717510061,"_runtime":31.6179064,"_timestamp":1.7421964291789384e+09,"mse_loss":0.17091956144146916,"accuracy":0.8803148148148148,"_step":10,"cross_entropy_loss":0.326027539841786,"confusion_matrix_table":{"sha256":"3c95a1a85fb49c321cb6a874e1e7c74c188a46dc90d2f5da9ee6856e01c05e2a","size":2931,"artifact_path":"wandb-client-artifact://6b19nhgpvy5btsnuzhk5tzx5v2jebho04d29tn67uko6riwwjrp25zwvcvf2b6n0w3e9zuoi98q0l58udh9pjitzv69att4gmx8u9vrv3kvrlltl0d7tgjj5gbyswz8l/confusion_matrix_table.table.json","_latest_artifact_path":"wandb-client-artifact://r2ugh3ouya15asiolyozff6bthc9jb5696d9jzuko9sgcq1bs57z1and1mivcbgly68juqpkseo7xqdpywf8xid36nd25fpej4yfsrte6yxuvqe4s3tanxob9hjaeo0e:latest/confusion_matrix_table.table.json","path":"media/table/confusion_matrix_table_10_3c95a1a85fb49c321cb6.table.json","ncols":3,"nrows":100,"_type":"table-file"},"_wandb":{"runtime":31},"val_cross_entropy_loss":0.4280515612639744}