{"loss":6.306182963788974,"val_loss":5.668340682743516,"val_accuracy":0.1,"accuracy":0.10064814814814815,"_wandb":{"runtime":19},"epoch":10,"_step":9,"_timestamp":1.7412468028156552e+09,"_runtime":18.9082952}