{"confusion_matrix_table":{"_latest_artifact_path":"wandb-client-artifact://8wlm10frvy85dxcq3kcr04yp5l52prvhv0fkcpczb121v0vv8f83pmosq53if0ziyfhc2b0aq8yg7brjuv8fv8rq26mdlq8wvjreyzcfelkb7cpkhybmeemqbdne5epy:latest/confusion_matrix_table.table.json","path":"media/table/confusion_matrix_table_5_1803e5bf8dd9f1a638d2.table.json","ncols":3,"nrows":100,"_type":"table-file","sha256":"1803e5bf8dd9f1a638d286d606a7d3b410b06560eeeb5cac3575bfc53e651563","size":2931,"artifact_path":"wandb-client-artifact://5ezbuvl5xnqss59eiiexje3mqnmvlvsyh2l6j4xttgqq5sab98ol9zy72vk84f1y39aui0b5jvghccavcxpza9fhv42vs42kin2s79khjdgrar17muiaxjvrl3kvbb1t/confusion_matrix_table.table.json"},"_runtime":21.7878974,"loss":0.305161737450982,"val_cross_entropy_loss":0.3850171231105453,"_step":5,"cross_entropy_loss":0.305161737450982,"val_accuracy":0.8659,"accuracy":0.8880925925925925,"mse_loss":0.1599415540237502,"_timestamp":1.7421090995460222e+09,"_wandb":{"runtime":21},"epoch":5,"val_loss":0.3850171231105453,"val_mse_loss":0.19388028026004744}