{"_step":9,"val_accuracy":0.0985,"loss":2.314285235086166,"val_loss":2.3166710418758125,"_timestamp":1.7411545766550772e+09,"epoch":10,"accuracy":0.10016666666666667,"_runtime":6.3095876,"_wandb":{"runtime":6}}