{"epoch":10,"val_loss":0.7774159310207508,"val_accuracy":0.7066,"_step":9,"accuracy":0.7265925925925926,"loss":0.7458247496186923,"_wandb":{"runtime":27},"_timestamp":1.7413681958891428e+09,"_runtime":27.4060944}