{"_timestamp":1.7411569550169122e+09,"_runtime":5.9139439,"epoch":10,"val_loss":2.3032814490875033,"val_accuracy":0.10266666666666667,"_wandb":{"runtime":5},"loss":2.304476877008773,"accuracy":0.0997037037037037,"_step":9}