{"_wandb":{"runtime":3},"_step":4,"val_accuracy":0.24516666666666667,"epoch":5,"loss":2.302013265595102,"accuracy":0.09964814814814815,"_timestamp":1.7411565879472647e+09,"_runtime":3.9102852,"val_loss":2.299757635966966}