{"_runtime":48.1795207,"val_accuracy":0.2813,"_step":9,"_wandb":{"runtime":48},"loss":1.6626241722688788,"val_loss":1.6549268927334762,"_timestamp":1.7412408066682324e+09,"epoch":10,"accuracy":0.25331776393831557}