{"_timestamp":1.7411542584780369e+09,"_wandb":{"runtime":8},"accuracy":0.19744444444444445,"val_accuracy":0.19466666666666665,"epoch":10,"_runtime":8.8739262,"_step":9,"loss":2.2935080368030496,"val_loss":2.291549844767772}