{"accuracy":0.833,"loss":0.8190736020051482,"val_cross_entropy_loss":0.5640759681985729,"_wandb":{"runtime":24},"confusion_matrix_table":{"ncols":3,"nrows":100,"_type":"table-file","sha256":"6b71e98c72dc7a4efef16cae04a9da7434d33434a0016c35390089da9aedf19a","size":2938,"artifact_path":"wandb-client-artifact://p6itmbs9wpwca7s90ab4f4r25jn9px96uu8fh6g5cixd6b7jpsjbo42c5vyndl2x5qc4zd22o2vdsbqrq2dspjyg4f1daop6e77fyvkr3g443942q1ja7dlsxb9lp5ex/confusion_matrix_table.table.json","_latest_artifact_path":"wandb-client-artifact://5a0wgz6o0xzwotg4hxx3m33hnfpe16lxvwi34qimqbyzrmu9xnsj37tvyplyarn1pxm01s0ala4cbhyzlr0mcjpgvtz1zvqdv54eg2wnus8nhgy279mrhu2y52wqsusk:latest/confusion_matrix_table.table.json","path":"media/table/confusion_matrix_table_10_6b71e98c72dc7a4efef1.table.json"},"_runtime":24.0957975,"val_loss":0.867747244397421,"cross_entropy_loss":0.5214947716371034,"val_mse_loss":0.26303293137628486,"val_accuracy":0.8193,"_timestamp":1.741583695769801e+09,"_step":10,"mse_loss":0.24398504376007576,"epoch":10}