{"val_loss":1.704718316370915,"_timestamp":1.7412306275330067e+09,"val_accuracy":0.4549,"loss":1.642226400064221,"_step":9,"accuracy":0.44279786603438054,"_wandb":{"runtime":140},"_runtime":140.8630218,"epoch":10}