{"val_accuracy":0.1,"loss":NaN,"_timestamp":1.7413437180093284e+09,"_step":9,"_wandb":{"runtime":78},"val_loss":NaN,"epoch":10,"_runtime":78.5685698,"accuracy":0.09944444444444445}