{"val_accuracy":0.1,"_timestamp":1.7413408904680777e+09,"epoch":5,"loss":2.3060189234479656,"_wandb":{"runtime":12},"accuracy":0.09896296296296296,"_runtime":12.4862965,"_step":4,"val_loss":2.3059487369671103}