{"loss":15.68384008986645,"accuracy":0.3714063426200356,"_wandb":{"runtime":19},"val_accuracy":0.3646,"epoch":10,"val_loss":14.581678382965265,"_timestamp":1.7412429870875993e+09,"_step":9,"_runtime":19.2746669}