{"loss":0.2885319760536887,"_runtime":47.1544908,"val_accuracy":0.8723,"_wandb":{"runtime":47},"accuracy":0.8935925925925926,"val_loss":0.35039777150142887,"epoch":10,"_timestamp":1.7413477995834787e+09,"_step":9}