{"_step":9,"val_loss":1.060908129829178,"accuracy":0.6001481481481481,"val_accuracy":0.5971,"_runtime":129.9450776,"_wandb":{"runtime":129},"loss":1.0555715819973976,"_timestamp":1.7412555493725789e+09,"epoch":10}