{"val_accuracy":0.1984,"loss":26.926164637071366,"_timestamp":1.7412406838351588e+09,"_runtime":26.7271354,"_step":4,"val_loss":23.004155285454644,"_wandb":{"runtime":26},"accuracy":0.1055925925925926,"epoch":5}