{"accuracy":0.605537037037037,"_runtime":5.875311,"_step":9,"val_loss":1.625111666360919,"val_accuracy":0.635,"_timestamp":1.7411536338448145e+09,"loss":1.7009987611075572,"epoch":10,"_wandb":{"runtime":5}}