{"val_mse_loss":0.19158002993401194,"cross_entropy_loss":0.29775924954520533,"_step":10,"_timestamp":1.7415907988492584e+09,"val_loss":0.37646370052212097,"loss":0.29775924954520533,"confusion_matrix_table":{"_latest_artifact_path":"wandb-client-artifact://jh2sjb15j8swlmtzpijcrnxvn1npvm37vu22p8nfusl8kxim2n8ll0mbctpkbddgs5pwxbi01yhvcplp9khbut2gn1t8ewqifzs27jhc218l1wg27uyduvjy3mz7twqh:latest/confusion_matrix_table.table.json","path":"media/table/confusion_matrix_table_10_cd457b11086954747fb5.table.json","ncols":3,"nrows":100,"_type":"table-file","sha256":"cd457b11086954747fb557ef39fc5b629b7e44121b04b46a87660cdfa1abff4d","size":2933,"artifact_path":"wandb-client-artifact://p2iqbwsc6vrdvkl81k7vc9cccjgssop2v6obtht15khegl667qq885yviuomh5r4kg0u3lhpy52giv5aoh1zqzjdgd0gtdk6ebsop18xpi9d9h930xjg2tvhlvs4sfhy/confusion_matrix_table.table.json"},"accuracy":0.8931851851851852,"val_accuracy":0.8631,"val_cross_entropy_loss":0.37646370052212097,"_runtime":14.6974764,"epoch":10,"_wandb":{"runtime":14},"mse_loss":0.1543774482509875}