{"val_accuracy":0.10083333333333333,"accuracy":0.08977777777777778,"_timestamp":1.741155189567352e+09,"_wandb":{"runtime":3},"loss":2.3387440726806474,"_step":4,"epoch":5,"val_loss":2.3312253849338496,"_runtime":3.2879077}