{"val_accuracy":0.1,"loss":2.4488838060706173,"_step":4,"accuracy":0.10083333333333333,"_runtime":19.6325357,"val_loss":2.3610298935810605,"epoch":5,"_timestamp":1.741251070222876e+09,"_wandb":{"runtime":19}}