{"accuracy":0.1009074074074074,"_step":9,"epoch":10,"_timestamp":1.7411521757798774e+09,"_runtime":5.0072973,"val_loss":2.2232702502490933,"val_accuracy":0.10716666666666666,"_wandb":{"runtime":5},"loss":2.243843459604503}