{"val_loss":0.5107899035756814,"loss":0.38345397303356893,"accuracy":0.8780370370370371,"_step":10,"epoch":10,"cross_entropy_loss":0.38345397303356893,"val_cross_entropy_loss":0.5107899035756814,"confusion_matrix_table":{"nrows":100,"_type":"table-file","sha256":"65b9db8b9afa089be3c3920ab45d4b602b6bef097884777ac86c18f65e7cd268","size":2931,"artifact_path":"wandb-client-artifact://5ratxy2fk0abhuherve40jr55bzubziflrrgjgxbh84cp90fi7oj2gjb2tisau9igfwxuarvp2zj9otco44ycnvs2mu8lf9s3zbvugwya83oirt4iz4aco4ps0e8vzr5/confusion_matrix_table.table.json","_latest_artifact_path":"wandb-client-artifact://87zeb6n0fv0mjr9zkfsjnrmj981ea5evyrq4xj2dlrf3f53101uo8lr5ctjbq6u1zfajwaqlis6rumllvbfi3sr49bdk0gg3963gc5lq3b3k76bobmsu93mbbfrz5jxy:latest/confusion_matrix_table.table.json","path":"media/table/confusion_matrix_table_10_65b9db8b9afa089be3c3.table.json","ncols":3},"val_mse_loss":0.22370173660597747,"val_accuracy":0.8481,"_timestamp":1.742189595580564e+09,"_wandb":{"runtime":41},"_runtime":41.8815697,"mse_loss":0.17748846907732468}