{"_step":4,"val_accuracy":0.13566666666666666,"loss":2.312978213117044,"_runtime":3.6140289,"_wandb":{"runtime":3},"accuracy":0.1373148148148148,"_timestamp":1.7411546384034774e+09,"val_loss":2.300504991004028,"epoch":5}