{"val_accuracy":0.5464,"_timestamp":1.7413477170222068e+09,"loss":1.1904190221153277,"_wandb":{"runtime":7},"_runtime":7.1532563,"val_loss":1.1580403007093025,"_step":9,"epoch":10,"accuracy":0.5297592592592593}