{"_wandb":{"runtime":5},"loss":2.3083831886455886,"epoch":10,"_step":9,"val_loss":2.3072656500847852,"_timestamp":1.7411581305558403e+09,"accuracy":0.10016666666666667,"val_accuracy":0.0985,"_runtime":5.619881}