{"cross_entropy_loss":0.3612297282534257,"_runtime":58.8216441,"val_accuracy":0.8652,"val_cross_entropy_loss":0.4069597928228408,"confusion_matrix_table":{"artifact_path":"wandb-client-artifact://ts44b64ymc1ry0mwfmsrf5xrzhzwy5x6cf2dvl0wyo9twht6i3uh141n3isy8z6istva4vu103m7e6p05cepp8fs7f8c7oj3usqsqbvljrblrj64vfxyuwrp621tijt3/confusion_matrix_table.table.json","_latest_artifact_path":"wandb-client-artifact://iztksp70rznrcnop5eq4o0xtxlbws3owvhcvytx6hvf2ubaaiivclfoa55ixikwunqqi2h6zz8nllie47djl1at0qhtunigjrmoxot90qkpsa1l0s0c1qro9uicmlbq3:latest/confusion_matrix_table.table.json","path":"media/table/confusion_matrix_table_5_828fced6687f36959048.table.json","ncols":3,"nrows":100,"_type":"table-file","sha256":"828fced6687f369590483f2e3eb1e80584eebf47377a0f4eb765b9ae80623ad0","size":2931},"mse_loss":0.17962118714744088,"_wandb":{"runtime":58},"val_loss":0.4069597928228408,"_timestamp":1.7421069803012671e+09,"_step":5,"val_mse_loss":0.19826004269724995,"epoch":5,"loss":0.3612297282534257,"accuracy":0.8785925925925926}