{"loss":2.3063906446962683,"_wandb":{"runtime":4},"accuracy":0.09964814814814815,"_step":4,"val_loss":2.3060271522568465,"_timestamp":1.7411563900575612e+09,"epoch":5,"_runtime":4.1275724,"val_accuracy":0.10316666666666667}