{"_wandb":{"runtime":23},"loss":2.3433381512678784,"_runtime":23.0414101,"val_loss":2.326756616632736,"val_accuracy":0.1,"epoch":10,"accuracy":0.10028049624357453,"_timestamp":1.7412364931343167e+09,"_step":9}