{"loss":2.310518124671103,"val_accuracy":0.09733333333333333,"val_loss":2.3130656170584856,"_runtime":6.6501595,"_step":4,"epoch":5,"_wandb":{"runtime":6},"_timestamp":1.7411514761294842e+09,"accuracy":0.1002962962962963}