{"val_accuracy":0.1,"_runtime":11.6269822,"accuracy":0.09737037037037037,"epoch":10,"_step":9,"loss":2.3030072764309653,"_wandb":{"runtime":11},"val_loss":2.3027847990925885,"_timestamp":1.7412494270593548e+09}