{"val_mse_loss":0.19064290359429634,"_timestamp":1.7421954121746833e+09,"val_loss":0.38578017722728025,"_step":10,"_wandb":{"runtime":80},"mse_loss":0.15303176386342485,"confusion_matrix_table":{"artifact_path":"wandb-client-artifact://c3h8unktryxkmuv0fy6l3aujwfviet2rbef2v9137bvapzeh7nzz6blf4ix1oj3mx4brmxyils236bhzigmbylr0bpcf6b99e0s72t08uedlctoftdb8y64hfgmj75jv/confusion_matrix_table.table.json","_latest_artifact_path":"wandb-client-artifact://n80q4hdzukjzrtd3zjbhlfw62bzzla4wkvrupesqckvr6swxhkhnotc9we9zexp6dppsdsbpa7hp1vj9otxd77fwclqzvvzyil7zn5z0sqv67qa7z6xq99fdpvpuf9w8:latest/confusion_matrix_table.table.json","path":"media/table/confusion_matrix_table_10_f6d92c5f595fcfc88c15.table.json","ncols":3,"nrows":100,"_type":"table-file","sha256":"f6d92c5f595fcfc88c15f2785882c96804e697a048ce6265840af7d8552580e6","size":2928},"val_cross_entropy_loss":0.38578017722728025,"_runtime":80.2137778,"epoch":10,"accuracy":0.8948148148148148,"loss":0.2981487732330763,"cross_entropy_loss":0.2981487732330763,"val_accuracy":0.8685}