{"epoch":10,"_wandb":{"runtime":5},"accuracy":0.11603703703703704,"_step":9,"_runtime":5.9799348,"val_accuracy":0.1135,"loss":2.3028467150944087,"val_loss":2.3036257323422498,"_timestamp":1.7411549724571157e+09}