{"loss":0.3458680171574182,"_timestamp":1.742107003219377e+09,"val_loss":0.40477522346256256,"cross_entropy_loss":0.3458680171574182,"_step":10,"_wandb":{"runtime":12},"confusion_matrix_table":{"artifact_path":"wandb-client-artifact://18jw86fqwg762evs3f3wk0n88ntiwswl77vwyaps7saf2j83175vqkjxj1nadey4zz8arln4lcmq6pzg5qafizj4n8pj7y14ze0maovunqnbrhs8pjjf6pd0myudp8jx/confusion_matrix_table.table.json","_latest_artifact_path":"wandb-client-artifact://lmmrkv8bz8s91ua4obqijni8esjiympsfprmz45vcvvdexo3ipa4ls2pnt7wdf39ef2va0tnoy36huw732d69rhmofofvivyupl5tu78qeq3it069si43httoetcddng:latest/confusion_matrix_table.table.json","path":"media/table/confusion_matrix_table_10_23180da2239816359152.table.json","ncols":3,"nrows":100,"_type":"table-file","sha256":"23180da2239816359152d338254a6ad084199c96d0fd251f3637f30f4c9614ce","size":2932},"mse_loss":0.17249538250986204,"_runtime":12.8685466,"val_accuracy":0.8614,"accuracy":0.8817407407407407,"epoch":10,"val_mse_loss":0.19938152809372625,"val_cross_entropy_loss":0.40477522346256256}