{"val_cross_entropy_loss":0.38597675111420016,"cross_entropy_loss":0.34582758317856993,"val_accuracy":0.861,"_runtime":11.5782491,"accuracy":0.8741481481481481,"confusion_matrix_table":{"nrows":100,"_type":"table-file","sha256":"f3e2f0a93c9b22a830ab1565375b64481e92a86ef596ca0dc88f5ae1d18dc99a","size":2928,"artifact_path":"wandb-client-artifact://cbaasgam47t84w0mbcak7ipkqs6npw0no365umi032xfba9g1ftcgcpa0gizmc0t4fbda7qpj5kr6mu19s1suvoyxq2zmi2qdgg7hzdgmwsugui6q145vsxccetqfmei/confusion_matrix_table.table.json","_latest_artifact_path":"wandb-client-artifact://eomjce1d17t5z2qq6w0h315e7ingsr4g2t7x5k4u3cuhvsu46wm4dovm063ourv6fp9h29fr4ds2nc5ktw7niknobr2rgp0rg478ikfz93rbp69yhks3p7zmj8vazjl2:latest/confusion_matrix_table.table.json","path":"media/table/confusion_matrix_table_5_f3e2f0a93c9b22a830ab.table.json","ncols":3},"_step":5,"loss":0.4258794153919283,"mse_loss":0.1787998789637707,"_timestamp":1.7415871158026683e+09,"val_loss":0.46576066053015,"epoch":5,"_wandb":{"runtime":11},"val_mse_loss":0.19872813973304587}