{"val_accuracy":0.3313,"epoch":5,"_runtime":7.7444448999999995,"loss":1.5999799047914276,"accuracy":0.32188488533017,"val_loss":1.6271803932629743,"_wandb":{"runtime":7},"_step":4,"_timestamp":1.741242693449344e+09}