{"epoch":10,"loss":0.42301420387277794,"_wandb":{"runtime":51},"val_loss":0.44919466087853427,"confusion_matrix_table":{"path":"media/table/confusion_matrix_table_10_7a2291782d8f3da08a51.table.json","ncols":3,"nrows":100,"_type":"table-file","sha256":"7a2291782d8f3da08a51540f39279b697087a6d4128abe7f2975d6a6c8a0b1c8","size":2929,"artifact_path":"wandb-client-artifact://e0regmwkneopmmegx2u8gnqdxjqi70d7wpmxaai9905t9rxn2w9edu3utn6chgcwb3w70hzdho1wda6fzla3xr829f9xarmie8mgh615tg5h9hlpgwhwbnvw8jzadaog/confusion_matrix_table.table.json","_latest_artifact_path":"wandb-client-artifact://97ughdyfr9jh2bpk48nmr2oh7tgn7sgixp4bwj5s13kbcj5t3wxisqwuf9u1o4vbvhuiimje2u77nt7u6dky66q6f8qd9driugofzioz85s1emw39eqk725lv78hcy5k:latest/confusion_matrix_table.table.json"},"_runtime":51.950409,"val_mse_loss":0.18580157235570527,"mse_loss":0.17328820058257371,"val_cross_entropy_loss":0.3589899503593299,"_step":10,"accuracy":0.879,"val_accuracy":0.8709,"cross_entropy_loss":0.3322658015544982,"_timestamp":1.742193891847635e+09}