{"accuracy":0.10064814814814815,"_runtime":8.021332,"_wandb":{"runtime":8},"val_loss":2.3256265031352825,"val_accuracy":0.09416666666666666,"_step":9,"loss":2.320260813391656,"_timestamp":1.741152357156074e+09,"epoch":10}