{"_timestamp":1.7411545624215589e+09,"val_accuracy":0.1705,"_step":4,"epoch":5,"_wandb":{"runtime":2},"loss":2.302606864866871,"val_loss":2.299987379067069,"_runtime":2.7995044,"accuracy":0.1025925925925926}