{"_timestamp":1.7411528956958592e+09,"epoch":10,"_step":9,"_wandb":{"runtime":8},"val_loss":2.30232992079807,"accuracy":0.10016666666666667,"val_accuracy":0.0985,"loss":2.302365169335517,"_runtime":8.4480111}