{"val_mse_loss":0.899927974826515,"mse_loss":0.8999303295230203,"confusion_matrix_table":{"nrows":100,"_type":"table-file","sha256":"48895a1a889d2cb15d031888fa4b07b8c916f0e889588766fb2c2ee6937b329d","size":2965,"artifact_path":"wandb-client-artifact://qnd0odg1lazmocnqx6mp6m3hzh61grg87d4mz7z71y8mtenhw0pa4l9n5l1kxolh2f0sjfta5nh120y7yr8bksv0r0yphx9ghq0hpajuf9fv1m4vea2oti0hl88x79aj/confusion_matrix_table.table.json","_latest_artifact_path":"wandb-client-artifact://0d4c1lijzghe25hngxwg3vs3ohw9d6mksul8p52p1q27ssn6y80jh9qq4s7404c8kmfz1ldl659cvee6y6tllafv4xw2kppu8t0ohjgdx7l87uqsutj7f7jvikucqxu9:latest/confusion_matrix_table.table.json","path":"media/table/confusion_matrix_table_5_48895a1a889d2cb15d03.table.json","ncols":3},"epoch":5,"_runtime":6.1911779,"val_accuracy":0.0978,"_timestamp":1.7415854177054725e+09,"val_cross_entropy_loss":2.3022247491753363,"val_loss":2.3260923083188056,"cross_entropy_loss":2.302236523593605,"loss":2.3261060388782235,"_step":5,"_wandb":{"runtime":6},"accuracy":0.1009074074074074}