{"accuracy":0.09805555555555556,"loss":2.3034547639631726,"_step":9,"epoch":10,"_wandb":{"runtime":21},"val_loss":2.302883949565642,"_runtime":20.9864001,"_timestamp":1.7413579711323383e+09,"val_accuracy":0.1}