{"epoch":5,"val_accuracy":0.1175,"loss":2.3107233834473444,"_step":4,"_wandb":{"runtime":3},"_timestamp":1.7411540549051878e+09,"accuracy":0.11568518518518518,"_runtime":3.6786708,"val_loss":2.3044865988598335}