{"_timestamp":1.7411524035530806e+09,"accuracy":0.10083333333333333,"_step":9,"loss":2.307654927589802,"epoch":10,"_runtime":5.5627867,"val_accuracy":0.0925,"val_loss":2.3084637076041203,"_wandb":{"runtime":5}}