{"_runtime":26.1822118,"_wandb":{"runtime":26},"epoch":10,"loss":0.43153640451425074,"val_accuracy":0.8523,"_timestamp":1.7412548656434615e+09,"_step":9,"accuracy":0.8657777777777778,"val_loss":0.4689627038163324}