{"accuracy":0.1000925925925926,"_wandb":{"runtime":29},"val_accuracy":0.1,"loss":2.3026003900332728,"epoch":5,"val_loss":2.3025942811575058,"_timestamp":1.7412355308843548e+09,"_runtime":29.531208200000002,"_step":4}