{"confusion_matrix_table":{"ncols":3,"nrows":100,"_type":"table-file","sha256":"36c81887af1743107a8b6c109a0c32650d98e18585d74ee7c5c3e9d07b6c78b7","size":2933,"artifact_path":"wandb-client-artifact://99tpe2xl8d7gkzgn0pmzc1zfef076r5kf8ve6knu17ai79tr09sf6stmcn1su0pc0q4s7khsbqezgt1768v09rweiabmc4cffw8o8l64cn5i1u3n4ifuh3q3m875dyx4/confusion_matrix_table.table.json","_latest_artifact_path":"wandb-client-artifact://wqyvzwxln037tyfthtylqkyfzyza06ymuypqtkwhidp14cyra9kbn9t8sizzd1nelsqsb0hbx7xfyw5w1ps3me2rkmro7469ubeysmliagb66cjn1ax43ncxcqhd6ayn:latest/confusion_matrix_table.table.json","path":"media/table/confusion_matrix_table_10_36c81887af1743107a8b.table.json"},"_runtime":31.5098317,"val_mse_loss":0.18845081248602497,"loss":0.2965000083623418,"val_loss":0.3769395678640132,"accuracy":0.8952407407407408,"_step":10,"val_cross_entropy_loss":0.3769395678640132,"_timestamp":1.7421073558746445e+09,"mse_loss":0.15291436269038536,"cross_entropy_loss":0.2965000083623418,"val_accuracy":0.8698,"epoch":10,"_wandb":{"runtime":31}}