{"loss":2.3026260719380147,"accuracy":0.10083333333333333,"_timestamp":1.7412303878600154e+09,"_runtime":110.7748613,"val_loss":2.302590341383896,"_step":4,"_wandb":{"runtime":110},"val_accuracy":0.1,"epoch":5}