{"accuracy":0.8730925925925926,"val_cross_entropy_loss":0.4135999554620116,"loss":0.36996123613679305,"cross_entropy_loss":0.36996123613679305,"_step":5,"confusion_matrix_table":{"ncols":3,"nrows":100,"_type":"table-file","sha256":"2b28bb59b1ab9da1b062ff06f64c066bcbb9537196e4ae139b2dfeb117aab5a0","size":2936,"artifact_path":"wandb-client-artifact://6exdw10vvfdaxogo3phkxhubpt7jn8iheyea7ty47wdtolq35uknll64m339dy7fy242tizh345vku9bmxl7n6p6p95qm7qmen4drgkvb5c2tzuconeaiffumuklhzq3/confusion_matrix_table.table.json","_latest_artifact_path":"wandb-client-artifact://t0bsojqxtd51au322g8l2al3m1k3n51kmxnpgv10x44yj2liezv1vxvzie105qcclft31dgygeco5y4m0lzuusglx8b3sgis4r1m08a7d5zlkpbmhqkhiig3ctaw3exz:latest/confusion_matrix_table.table.json","path":"media/table/confusion_matrix_table_5_2b28bb59b1ab9da1b062.table.json"},"_wandb":{"runtime":19},"val_accuracy":0.8599,"val_loss":0.4135999554620116,"mse_loss":0.18504851968166122,"epoch":5,"val_mse_loss":0.20524602525267616,"_runtime":19.2436063,"_timestamp":1.7421117912273393e+09}