{"epoch":5,"mse_loss":0.19177217995403403,"val_loss":0.4284352801211882,"_wandb":{"runtime":19},"confusion_matrix_table":{"_type":"table-file","sha256":"d4856948c74555b468a7fcc4f1fe40f4d4af5ca8971bfb44dfcfbf2bafc44a2d","size":2932,"artifact_path":"wandb-client-artifact://cgis3om98iv6r5vuh5z3as1bf1htw2oucxgul79h768pf8ts6u97quvqu52s6e3s9iie1xuip4g58o6eljgbmb8yl8t69819swjgyou9ovqo50lea0w82mpspw97pebg/confusion_matrix_table.table.json","_latest_artifact_path":"wandb-client-artifact://vvq6nu71zebjfu4siv1xd9kok0bl0bocct3h15keytspe23h2bg5n3psffh5s1xazcvepa8rgmrn4p52fndjqh4nfr45oahax5n9dp9wbb96zvhyvu3qw177cpapr0w8:latest/confusion_matrix_table.table.json","path":"media/table/confusion_matrix_table_5_d4856948c74555b468a7.table.json","ncols":3,"nrows":100},"val_cross_entropy_loss":0.4284352801211882,"_step":5,"_runtime":18.9861838,"val_mse_loss":0.21784935170683098,"loss":0.3777757909957446,"cross_entropy_loss":0.3777757909957446,"accuracy":0.8660185185185185,"val_accuracy":0.846,"_timestamp":1.7415885942992885e+09}