{"_wandb":{"runtime":8},"_step":9,"epoch":10,"loss":2.332266675546838,"_timestamp":1.7411518659694026e+09,"val_loss":2.323924780283322,"accuracy":0.09944444444444445,"val_accuracy":0.105,"_runtime":8.0033395}