{"val_accuracy":0.11016666666666666,"_runtime":4.906208,"_step":9,"loss":2.304042667872284,"epoch":10,"_wandb":{"runtime":4},"accuracy":0.11351851851851852,"_timestamp":1.7411578259123719e+09,"val_loss":2.303853518463504}