{"epoch":10,"_wandb":{"runtime":5},"loss":2.297687026928602,"_runtime":5.0313899,"_step":9,"val_accuracy":0.099,"_timestamp":1.7411532903951554e+09,"accuracy":0.09448148148148149,"val_loss":2.2966859522314533}