{"_timestamp":1.7411560910493891e+09,"_wandb":{"runtime":3},"_step":4,"val_loss":2.292295483230269,"epoch":5,"val_accuracy":0.19516666666666665,"loss":2.2941470187998103,"_runtime":3.8354711999999997,"accuracy":0.17953703703703705}