{"loss":1.0241993201118724,"val_loss":0.9705171410319908,"val_accuracy":0.589,"_runtime":8.5091718,"epoch":5,"_step":4,"_wandb":{"runtime":8},"accuracy":0.5623703703703704,"_timestamp":1.7412398749666016e+09}