{"_runtime":14.5282865,"accuracy":0.823,"epoch":10,"confusion_matrix_table":{"_type":"table-file","sha256":"46f1e219f5b0f040aba712443faee8e3e069a5760f44c3fca5c74b1eeb0d3e3f","size":2939,"artifact_path":"wandb-client-artifact://nv1lm4i6svpnv4w220697nh3j3t9s0elzcp9jlqxvnobubh7po42mo27jiukwfs8xhtv0dszv1pm5jwsbhcv51n6aw21xv3q2jmvpihqb4eyuquosi8datmydq1s0rxa/confusion_matrix_table.table.json","_latest_artifact_path":"wandb-client-artifact://v3y7616kf645zgcmwbv57sg4diqigbopes7udwp5rl216qpvt92ehwc1mokw2ibyrlzg6yyib33c8uges7ezq26wmkpzcbxelnftd70zp15panelzi0j4et7qh3c6f5x:latest/confusion_matrix_table.table.json","path":"media/table/confusion_matrix_table_10_46f1e219f5b0f040aba7.table.json","ncols":3,"nrows":100},"_step":10,"val_cross_entropy_loss":0.5296650074719971,"_wandb":{"runtime":14},"mse_loss":0.253257670137764,"cross_entropy_loss":0.5071873881728827,"loss":0.5943406583731813,"_timestamp":1.74219434016968e+09,"val_mse_loss":0.2653348809905011,"val_loss":0.6169258913015484,"val_accuracy":0.809}