{"val_accuracy":0.1,"loss":6.868098071380606,"_step":9,"_runtime":59.1326367,"_timestamp":1.7412436165892897e+09,"accuracy":0.10016666666666667,"epoch":10,"val_loss":6.140829315087862,"_wandb":{"runtime":59}}