{"_wandb":{"runtime":3},"val_accuracy":0.29033333333333333,"loss":2.2887442396274706,"_timestamp":1.741156566360939e+09,"accuracy":0.24792592592592594,"val_loss":2.2819004806384466,"_step":4,"epoch":5,"_runtime":3.7666727}