{"accuracy":0.8770555555555556,"epoch":10,"loss":0.4251226669330023,"confusion_matrix_table":{"ncols":3,"nrows":100,"_type":"table-file","sha256":"910e06dbbe8e63c08499f8409106b20188f1d224820614a5f9472de5895ec6cf","size":2931,"artifact_path":"wandb-client-artifact://9nxw3u7k47vw8fe6ug12wgvy5a01v603jqpgdbx8uad7oqfq9qgm1fnc2ywzal4f3ta8wjc0nnzwzieokie082gvi20d8pyn9cllp99sh5p3aruvgkgi6spcmjklkeub/confusion_matrix_table.table.json","_latest_artifact_path":"wandb-client-artifact://uxj6xl0prgp4y6u0qqmgi58zladwrz060u0xuweakwfebynrtp4gvbwh63k618ptj1jep8r4svta9kocz9w2rjh80dv6ozcylu5flao0xx365huf40990tzi7t1efhfb:latest/confusion_matrix_table.table.json","path":"media/table/confusion_matrix_table_10_910e06dbbe8e63c08499.table.json"},"val_loss":0.5195604573523238,"_runtime":35.8493333,"_wandb":{"runtime":35},"val_accuracy":0.8413,"_timestamp":1.7415761097273922e+09,"_step":10}