{"val_accuracy":0.8724,"loss":0.2744768597078073,"val_cross_entropy_loss":0.3716511883220982,"_step":10,"mse_loss":0.1436707468891189,"val_mse_loss":0.1856069756687098,"confusion_matrix_table":{"ncols":3,"nrows":100,"_type":"table-file","sha256":"43837cf9fb30237605cbb93675fe8ada1420825acfa73babc286496bf6f9eb58","size":2926,"artifact_path":"wandb-client-artifact://csp6ryhewodhod1ij4mgxc6c42dtj1emwz4ixr9kgcuiqkq6ny4whz0jvrqdgx7fbi7r3hmx7vy9hsp07ecejyuwgf7z4l9lfogjqywwy4dplwm0honaitn9rnbpuwlz/confusion_matrix_table.table.json","_latest_artifact_path":"wandb-client-artifact://id6sds8zvlj739h23jdqq5e2ztfb5wwveyeqbnbxg1f4p5anmkx5sogd4n279chaby8jgn33jh40hrrmvyw9pb261eebifnap83qrpntrk3nd3cn70som5ler89o0a6g:latest/confusion_matrix_table.table.json","path":"media/table/confusion_matrix_table_10_43837cf9fb30237605cb.table.json"},"accuracy":0.900537037037037,"_runtime":18.3510519,"_wandb":{"runtime":18},"cross_entropy_loss":0.2744768597078073,"val_loss":0.3716511883220982,"epoch":10,"_timestamp":1.742110154666922e+09}