{"loss":0.4417909369045536,"_step":10,"cross_entropy_loss":0.354179463922572,"_runtime":69.5345933,"_timestamp":1.7421968024602714e+09,"val_accuracy":0.8482,"epoch":10,"accuracy":0.8738333333333334,"confusion_matrix_table":{"_latest_artifact_path":"wandb-client-artifact://sd5gfbwqom790kt1ldvz93m91kcs5ecwcgopeo1koeqytxzr3t15irz0zloo0b2ga01ho4plaukfbufrgic846ldj8gorucb7tutr0m2awwgj0d89ugere0w973t03up:latest/confusion_matrix_table.table.json","path":"media/table/confusion_matrix_table_10_c165c56cf2403d30587b.table.json","ncols":3,"nrows":100,"_type":"table-file","sha256":"c165c56cf2403d30587bffb8689946f8616ede8b921675830d5a97a3bb01eef9","size":2933,"artifact_path":"wandb-client-artifact://sibvlmmcfw0uj80qpxqw9gul39membphpbt4vv6joykxkrlouzl11ixupo391r5etz2xw5qaezzost4o8n21oclfmqh49g27l48aascy811nnxy0whr4vf0x0m366pcr/confusion_matrix_table.table.json"},"mse_loss":0.18209338920174045,"val_cross_entropy_loss":0.425045930544441,"val_mse_loss":0.21688753823165607,"_wandb":{"runtime":69},"val_loss":0.5122480027509111}