{"val_loss":1.088671705552942,"epoch":10,"_step":9,"_wandb":{"runtime":7},"accuracy":0.5579259259259259,"_timestamp":1.74115812127096e+09,"_runtime":7.0842188,"loss":1.1956250166532087,"val_accuracy":0.6133333333333333}