{"epoch":10,"accuracy":0.115,"_wandb":{"runtime":5},"_step":9,"val_accuracy":0.11833333333333333,"_runtime":5.7755327,"val_loss":2.295920342351413,"loss":2.296450316184417,"_timestamp":1.741153606696365e+09}