{"loss":2.3454776362094503,"_step":9,"accuracy":0.0997037037037037,"val_accuracy":0.10266666666666667,"_wandb":{"runtime":7},"_timestamp":1.741155755695607e+09,"_runtime":7.8250644000000005,"epoch":10,"val_loss":2.3465865055824278}