{"val_loss":1.5609494270063233e+25,"val_accuracy":0.2365,"_timestamp":1.7412490919825792e+09,"_wandb":{"runtime":23},"_step":9,"_runtime":23.8699901,"epoch":10,"accuracy":0.2404074074074074,"loss":1.1695803970257927e+25}