{"confusion_matrix_table":{"_latest_artifact_path":"wandb-client-artifact://au1nof1k78cfo0nbyeadbq05rfvj7h7hua5cme1re74jopi1hfje52s0xs19f3ew2e6rv3bz0sx0tpg4unbff73r3vgdr4y5ao0hsrnslix12yjbon6wsflc13at3u10:latest/confusion_matrix_table.table.json","path":"media/table/confusion_matrix_table_10_987cf28218086f88afb2.table.json","ncols":3,"nrows":100,"_type":"table-file","sha256":"987cf28218086f88afb277d26ef7ec64d8eb3ba5b0801b2b6a36741a46afaa13","size":2933,"artifact_path":"wandb-client-artifact://i5h1sn5sgxl0t441y6poljbecj2uw51my1arlv4s6m4bewlxmxoavv953xv6dwnwxhmefiu182ei4o15r8q1o1l5xptkl2uxvt07zgxihx1puxrozqgpdbmwjr12u0xd/confusion_matrix_table.table.json"},"val_loss":0.48181856339891815,"val_cross_entropy_loss":0.41107466839234064,"epoch":10,"_wandb":{"runtime":24},"cross_entropy_loss":0.3579937494285735,"mse_loss":0.18162147005169507,"_runtime":24.8374144,"val_accuracy":0.8528,"_step":10,"val_mse_loss":0.2089116379944231,"_timestamp":1.7421088937810807e+09,"accuracy":0.873,"loss":0.42869578368097616}