{"_step":9,"accuracy":0.09996296296296296,"val_accuracy":0.1005,"epoch":10,"_timestamp":1.7411536783025084e+09,"_runtime":7.364695,"_wandb":{"runtime":7},"loss":2.30504540729684,"val_loss":2.304700361287515}