{"mse_loss":0.1750498799021676,"epoch":10,"accuracy":0.8792222222222222,"val_loss":0.4035599425099814,"_wandb":{"runtime":74},"cross_entropy_loss":0.3446331441015879,"confusion_matrix_table":{"nrows":100,"_type":"table-file","sha256":"a491d6183fe9ae4eb9c138c8d3428977ec9331ddfde812320ddc7380157a0883","size":2932,"artifact_path":"wandb-client-artifact://7vc6dkuf8b29m4b3l4pkc27n91sng0w2sxtq4egz7twdkfd3hiarqlqgvskvwrkqg0l7ezvsk4yrkuxqo3igf8m3j8t5g0ir4gx7vfufkdgo2uuc9gatf9ux9ncqsh1m/confusion_matrix_table.table.json","_latest_artifact_path":"wandb-client-artifact://q43h1dytcs9hmuq0wflwntgso4axdbnxtjeccd3xyljmwu3aad5giigmaiyalt0vo5rurstkhg307hh624izll5ho9b5qyr8fia7vf5h7uu1uzizkqytfq28kmmu6ybz:latest/confusion_matrix_table.table.json","path":"media/table/confusion_matrix_table_10_a491d6183fe9ae4eb9c1.table.json","ncols":3},"val_accuracy":0.864,"val_cross_entropy_loss":0.4035599425099814,"loss":0.3446331441015879,"_timestamp":1.7421107791623333e+09,"_step":10,"_runtime":74.1199537,"val_mse_loss":0.20196051932617284}