{"loss":2.588789519981861,"_step":9,"val_loss":2.5842972538260867,"accuracy":0.09938888888888889,"epoch":10,"_wandb":{"runtime":9},"_timestamp":1.7411564218785484e+09,"val_accuracy":0.1055,"_runtime":9.3328324}