{"_runtime":41.4518971,"_timestamp":1.7412550411891065e+09,"loss":1.024456084191923,"_wandb":{"runtime":41},"accuracy":0.5732592592592592,"val_accuracy":0.6014,"val_loss":1.032234370481804,"_step":4,"epoch":5}