{"loss":33.034902939281,"accuracy":0.10494444444444445,"val_accuracy":0.1,"val_loss":28.13418296321152,"epoch":5,"_step":4,"_timestamp":1.7413690475136392e+09,"_wandb":{"runtime":28},"_runtime":28.0225989}