{"_wandb":{"runtime":20},"val_loss":1.3785189404749325,"_step":4,"_runtime":20.8587171,"_timestamp":1.7412431268945272e+09,"accuracy":0.6552985369711348,"epoch":5,"loss":1.394183283683541,"val_accuracy":0.6546}