{"mse_loss":0.27473263541587045,"confusion_matrix_table":{"path":"media/table/confusion_matrix_table_5_aef84fed14f49179274f.table.json","ncols":3,"nrows":100,"_type":"table-file","sha256":"aef84fed14f49179274fa2c6f7da94aa6763b0cbb8a4486b9c2ecf511ca98191","size":2939,"artifact_path":"wandb-client-artifact://lpf4gt1r9f72xwmze1f3mpkinpbb5osos2i9r8taihmgsdextezxze2go5qpymlmqojm45ycwyvpetrza0bf3ijghzjuo2jrhyltf3uqd1rggjhahkig1izdzgua69mm/confusion_matrix_table.table.json","_latest_artifact_path":"wandb-client-artifact://5nhgln0zdvjqsnjkgqqvgd8qcrrdf5pqdt0dl37zqprq0ee2yn5zefkohz3p92h3uwagacc1d4gwg0mwqunybuhz6ebyzefq03nf7peimktuofzaaut4kkyn4sepjb6l:latest/confusion_matrix_table.table.json"},"cross_entropy_loss":0.5653124611906306,"val_mse_loss":0.279916182396138,"loss":0.5653124611906306,"accuracy":0.8104074074074074,"_step":5,"_wandb":{"runtime":6},"_runtime":6.0683483,"epoch":5,"_timestamp":1.7421098769789646e+09,"val_accuracy":0.8046,"val_cross_entropy_loss":0.5725017565478469,"val_loss":0.5725017565478469}