{"_runtime":15.9018881,"_timestamp":1.7412538634942703e+09,"loss":0.44707929403068436,"epoch":10,"_step":9,"val_accuracy":0.8302,"_wandb":{"runtime":15},"val_loss":0.47291826890475624,"accuracy":0.8438888888888889}