{"loss":2.3026010700575865,"val_loss":2.3025947871983345,"val_accuracy":0.1,"_wandb":{"runtime":14},"_runtime":14.8469044,"epoch":10,"accuracy":0.10048148148148148,"_step":9,"_timestamp":1.7412402528536844e+09}