{"_timestamp":1.7413691667950954e+09,"_step":4,"_wandb":{"runtime":19},"epoch":5,"loss":2.304508153655235,"_runtime":19.2380778,"val_accuracy":0.1,"val_loss":2.305069448987264,"accuracy":0.09868518518518518}