{"_wandb":{"runtime":11},"val_accuracy":0.1979,"val_loss":1.8198204126265929,"_timestamp":1.7412512520239031e+09,"_step":4,"epoch":5,"loss":1.806852841864985,"_runtime":11.0251693,"accuracy":0.20075925925925925}