{"_step":4,"val_loss":2.000339877645343,"accuracy":0.3521111111111111,"loss":2.056049830851892,"val_accuracy":0.3995,"_timestamp":1.7411521588018136e+09,"epoch":5,"_wandb":{"runtime":3},"_runtime":3.4865216}