{"_runtime":3.2830463,"_step":4,"_timestamp":1.7411548949833825e+09,"accuracy":0.17601851851851852,"epoch":5,"val_loss":2.30236394437416,"val_accuracy":0.18266666666666667,"_wandb":{"runtime":3},"loss":2.30239274433691}