{"_timestamp":1.74115345609994e+09,"_runtime":4.4608445,"_step":4,"_wandb":{"runtime":4},"val_loss":2.311104514644075,"loss":2.311377988468741,"epoch":5,"accuracy":0.0997037037037037,"val_accuracy":0.10266666666666667}