{"loss":0.3861696624090401,"accuracy":0.8632777777777778,"confusion_matrix_table":{"_latest_artifact_path":"wandb-client-artifact://80zryrprbtxsfpu89w31vgfp4t1a24ps8mlhhwvz2jgmlbv6yeg3jpalve4d129u3l3slee7mvz3fqmyx7j28uielwph6cyb49vp94usepsh9v0twxvoxo5638dd3e1p:latest/confusion_matrix_table.table.json","path":"media/table/confusion_matrix_table_5_f4008a1e0a3b8fe04c94.table.json","ncols":3,"nrows":100,"_type":"table-file","sha256":"f4008a1e0a3b8fe04c94fac3e50c26f69adaef0ab27389712f4b8440c07bfffb","size":2936,"artifact_path":"wandb-client-artifact://vobsqkznqin6ubfuje7zf8xufh4sh801lv60pv3tkn7t5pp15eug4y6rvhhexqldrncb2qq9dkdtvd93bhksfppomhhbsp6hl6uogfj7gze5j8r5phrk3pr4ccmegp69/confusion_matrix_table.table.json"},"epoch":5,"_step":5,"cross_entropy_loss":0.3861696624090401,"_timestamp":1.7415887694002068e+09,"mse_loss":0.1957048041840597,"val_cross_entropy_loss":0.42640397505335514,"val_mse_loss":0.2157387624815095,"_wandb":{"runtime":17},"val_accuracy":0.8481,"_runtime":17.0649452,"val_loss":0.42640397505335514}