{"val_accuracy":0.1,"_wandb":{"runtime":21},"epoch":5,"_step":4,"loss":2.302605794081168,"val_loss":2.3026006679513276,"_runtime":21.4337626,"accuracy":0.10083333333333333,"_timestamp":1.74134624874251e+09}