{"val_loss":0.4206726979167908,"loss":0.3782045199219415,"_step":5,"epoch":5,"val_mse_loss":0.2117510161141665,"_runtime":26.4002278,"confusion_matrix_table":{"_type":"table-file","sha256":"3484fe4b227ba53bc05c0b9b9f2062e4168970828d1070aed968582a27b747a0","size":2931,"artifact_path":"wandb-client-artifact://vjwin1yaxh8wwydiu3il7gj8crwjdybasscg2xvkd7iybkuhjjmomtrwmzz61mxy5vxpbxzzyko8ev4g7a9py29pyc9vyfysrwhgb3014oa32yptuyyxrtw7i7apj8qi/confusion_matrix_table.table.json","_latest_artifact_path":"wandb-client-artifact://hj57w0593tznngn5rdg3gucl1v7h3obg4kk7p6l9mxhcyn14jiww30y6fa4qa2wg1b22zb548c5e5zg3jgqtuswvtx31qdpy7l9joewxrl3d2p0wkapqsvgj8zfncz46:latest/confusion_matrix_table.table.json","path":"media/table/confusion_matrix_table_5_3484fe4b227ba53bc05c.table.json","ncols":3,"nrows":100},"_timestamp":1.7415903672195282e+09,"mse_loss":0.1910432875047393,"_wandb":{"runtime":26},"val_cross_entropy_loss":0.4206726979167908,"cross_entropy_loss":0.3782045199219415,"val_accuracy":0.8512,"accuracy":0.8655185185185185}