{"_wandb":{"runtime":4},"accuracy":0.10064814814814815,"_runtime":4.2811729,"loss":2.5702961534383304,"val_accuracy":0.09416666666666666,"_timestamp":1.7411524459823556e+09,"_step":4,"epoch":5,"val_loss":2.5601123738015734}