{"mse_loss":0.2174156929226741,"_step":10,"accuracy":0.8479074074074074,"_timestamp":1.7421988253102841e+09,"loss":0.6125478410168098,"confusion_matrix_table":{"sha256":"9118df557609a00d567dbe863c0e021ada4b8577f5b52908545132c5fafcbaab","size":2932,"artifact_path":"wandb-client-artifact://g366mehpb1j1hhfhyii0y4pken6cz4didjqxr9mar1j88hpn6zk50nfp9hmhdkbe6yy80c8wsbbpm4ofahufb0swfkihvwrfonoqqeaepd910gvnz4v55a2bz0t7u1dn/confusion_matrix_table.table.json","_latest_artifact_path":"wandb-client-artifact://zabtdlxbgmqyplzg3qtq9xuhvjwok3n7scj7tll1ga0uwjy6ysn81n1rno5kzh7ivs49l9lmup4cu2jegrrkvg51q4w3hxm8o433pnsqll1ht4s2lxwjsv5b4vfsbn1x:latest/confusion_matrix_table.table.json","path":"media/table/confusion_matrix_table_10_9118df557609a00d567d.table.json","ncols":3,"nrows":100,"_type":"table-file"},"val_accuracy":0.84,"cross_entropy_loss":0.434026929921852,"_runtime":50.154663,"epoch":10,"val_loss":0.6353583475326717,"_wandb":{"runtime":50},"val_mse_loss":0.22640395622148066,"val_cross_entropy_loss":0.4565794161052636}