{"mse_loss":0.19404609794656558,"val_loss":0.41486753286733585,"loss":0.3811983344397243,"_runtime":17.2767644,"_timestamp":1.7415870030630374e+09,"confusion_matrix_table":{"size":2936,"artifact_path":"wandb-client-artifact://cp50igg6mmwiph32ks83zgsneh8n1zia696c9q3nfe97dujwublg3sewqyxjlwjluhwsjkgt5tzxxeis2yilg0apcsxe9naxr5kcf3k192hpshjrafyse21y7oj7rsrj/confusion_matrix_table.table.json","_latest_artifact_path":"wandb-client-artifact://u0yslie8v1gn6e8spihaq7jbwoux8tmz5ilutnb6xv7hjgq0ccfx27kxe1daazgw9hxacyfa32u8z9wi1lxe6t8tgffbcdeitlvs6kxge2ghnuqh6nage0isa4ysy88v:latest/confusion_matrix_table.table.json","path":"media/table/confusion_matrix_table_5_4ce5d4d1f4e7a130bc20.table.json","ncols":3,"nrows":100,"_type":"table-file","sha256":"4ce5d4d1f4e7a130bc20e950e11edd671c8d54e7f4794f211fe2da94521f6e8e"},"_step":5,"cross_entropy_loss":0.3811983344397243,"val_cross_entropy_loss":0.41486753286733585,"val_accuracy":0.8544,"epoch":5,"accuracy":0.8640185185185185,"val_mse_loss":0.2104083179813528,"_wandb":{"runtime":17}}