{"val_loss":2.305348272750719,"_timestamp":1.741151682050226e+09,"accuracy":0.10855555555555556,"_wandb":{"runtime":6},"_runtime":6.272837,"_step":9,"epoch":10,"loss":2.3055450253264547,"val_accuracy":0.11083333333333334}