{"epoch":10,"_step":9,"accuracy":0.09855555555555555,"val_accuracy":0.1,"_wandb":{"runtime":14},"_runtime":14.3060236,"_timestamp":1.7413456143863106e+09,"loss":2.302942553858606,"val_loss":2.3027245113054}