{"_step":10,"epoch":10,"accuracy":0.09737037037037037,"_timestamp":1.7415841152272186e+09,"val_accuracy":0.1,"confusion_matrix_table":{"nrows":100,"_type":"table-file","sha256":"3a5e256cb12d2d5189da1c363d9fd263bbd628492564bad9d615d9c78283fc84","size":2912,"artifact_path":"wandb-client-artifact://v55yvxsn112myftvgkk6deuoknxdtuvd05zlugthoo4nabe1shk90mebr020nxvgzkvqfa4qdg71qn29sn4nihl6hl82p535q4s58antyg2h0japmkn6fgx46lfr9f3u/confusion_matrix_table.table.json","_latest_artifact_path":"wandb-client-artifact://cl6cf9mmqvy59l1bwyrie91h4vnwqtdtyk9n5g9bjuakpjhmrtlwoqdo0inv8wmoz798peecbg6tcrr4orqaasr7gkgle0spdf7qsdkoqehm0qet3syzwgcq0jqwum8y:latest/confusion_matrix_table.table.json","path":"media/table/confusion_matrix_table_10_3a5e256cb12d2d5189da.table.json","ncols":3},"_runtime":35.5958806,"val_mse_loss":0.9000621554108004,"val_loss":2.3049880505346216,"cross_entropy_loss":2.3030648544343553,"_wandb":{"runtime":35},"loss":2.3053292856694303,"mse_loss":0.9000960549173542,"val_cross_entropy_loss":2.3028938925485987}