{"val_accuracy":0.8592,"accuracy":0.8736666666666667,"cross_entropy_loss":0.35251879697052163,"loss":0.35251879697052163,"_step":5,"val_cross_entropy_loss":0.3940030240012368,"mse_loss":0.18095153631078442,"_wandb":{"runtime":44},"val_mse_loss":0.20026692319686468,"confusion_matrix_table":{"artifact_path":"wandb-client-artifact://k2ud8x2as8hrd0a4l6l6437mbrt4bu6yelrcsdupqq2riuf31f0punoitnqde4sp1zja3astyesvcrugu5r8zrb0tulb1f3m0d9usb1gvu8txx587wfjb33ywwnlvej7/confusion_matrix_table.table.json","_latest_artifact_path":"wandb-client-artifact://6g4qab0dkyhobkphyumbkbctrwaxweol419j3n8z743w38jaqj7h8s3bmv4rr8zbwte9trfn7rt7pxkl6jat3sx5xjp7n5d4jkbfp0cp4meh4skvk16xxl21nnj7tehv:latest/confusion_matrix_table.table.json","path":"media/table/confusion_matrix_table_5_d6575b191c7d418aa9a0.table.json","ncols":3,"nrows":100,"_type":"table-file","sha256":"d6575b191c7d418aa9a0a84e18f260fc76c14a06111a8de7c780beff4572c2fb","size":2931},"_timestamp":1.7421036847384584e+09,"epoch":5,"_runtime":44.5421366,"val_loss":0.3940030240012368}