{"epoch":5,"_wandb":{"runtime":3},"_step":4,"loss":2.3007771890056055,"val_accuracy":0.16566666666666666,"_timestamp":1.7411570171411395e+09,"val_loss":2.2835900882807856,"_runtime":3.4569414,"accuracy":0.15396296296296297}