{"confusion_matrix_table":{"nrows":100,"_type":"table-file","sha256":"6607337f1d65abc06e4a257b9661c742d41377ce189407abc84fc55a5c4d0f6d","size":2928,"artifact_path":"wandb-client-artifact://gc183qyj40ec9hdxi8kb5mzfr4etfvrpwun8ilovxyke5128ib1oy5324v0vbgm2sk9wfd977sx8mtteq4h95b3y2fseirqdnk2uqe2zkgvl6wnd26az6pqdubi22h9h/confusion_matrix_table.table.json","_latest_artifact_path":"wandb-client-artifact://sefllp036mkrvdv1sql9whwplo14suk79rbrpn62wnehc87up0l79lm62t1sta90o5c7luqfo23dpe9kaj23mtahb0ezxun481v1oqqy8ngjyrnzmksg1hgy9pqumo1v:latest/confusion_matrix_table.table.json","path":"media/table/confusion_matrix_table_10_6607337f1d65abc06e4a.table.json","ncols":3},"val_loss":0.39263634472226283,"_runtime":12.2341413,"val_mse_loss":0.19660819957342787,"mse_loss":0.16375771516484797,"cross_entropy_loss":0.3208090231246236,"loss":0.3208090231246236,"val_accuracy":0.8653,"_wandb":{"runtime":12},"val_cross_entropy_loss":0.39263634472226283,"_step":10,"_timestamp":1.7421105402018254e+09,"epoch":10,"accuracy":0.8858703703703704}