{"val_accuracy":0.107,"_step":4,"epoch":5,"loss":2.3249172078247966,"_wandb":{"runtime":4},"accuracy":0.11027777777777778,"_runtime":4.6993997,"val_loss":2.3247485683242215,"_timestamp":1.7412564773176897e+09}