{"loss":0.2587563907182986,"_step":10,"mse_loss":0.1376033256582192,"val_loss":0.3548120397554667,"_runtime":37.8189863,"epoch":10,"val_mse_loss":0.17898602698190347,"_timestamp":1.7421089397584531e+09,"accuracy":0.904074074074074,"_wandb":{"runtime":37},"val_cross_entropy_loss":0.3548120397554667,"val_accuracy":0.8768,"confusion_matrix_table":{"artifact_path":"wandb-client-artifact://rkz3vvkmnwqd8zuxkk7vyev6as9kwskc658cqazyl23hh9m7qpz6zdm9f37iupd7xgl1j7wgmm1kaeoo5zzuu6uxjexius63rqldia3as9y4m5qteifcofbewlyq9u3x/confusion_matrix_table.table.json","_latest_artifact_path":"wandb-client-artifact://kjyzt8cexk18lpgjaw8ekty71fyjhca99fd28ajshjtwnqos7nzzpb1n1vsb1crk9uxccokh3ytf5xark18vakxkfd0hmylq2urovteqhna3lmyh0iqtgf948adw59kx:latest/confusion_matrix_table.table.json","path":"media/table/confusion_matrix_table_10_ad4982ba69963880e7f7.table.json","ncols":3,"nrows":100,"_type":"table-file","sha256":"ad4982ba69963880e7f7c73b6002451d93f9187b2a4e2e3bcd2b1efe2c6bd1d4","size":2929},"cross_entropy_loss":0.2587563907182986}