{"_wandb":{"runtime":11},"cross_entropy_loss":1.0513898873716077,"accuracy":0.6684814814814815,"val_loss":1.0393895162127094,"loss":1.0513898873716077,"_timestamp":1.7415841332818797e+09,"epoch":10,"val_cross_entropy_loss":1.0393895162127094,"confusion_matrix_table":{"nrows":100,"_type":"table-file","sha256":"53d3d642ebd45bb399f5d569c75094fa638a0d88e3eadc53c9fe8c5b36a9e00e","size":2946,"artifact_path":"wandb-client-artifact://s5wzojaho0ubx3oc1xt15d58b4l7hpwshyu9ozedmo2tz2kgvcznph5pzcyj03yjmgba426e7fkw6d04unx4avx3hqxgablui95dhvoqvrcpi9uv38gral1gw8uh2zya/confusion_matrix_table.table.json","_latest_artifact_path":"wandb-client-artifact://jq3mh8d9yhkb6m4mj5meucy7k5yni097xnjgo0oggwfrhbed01xca2y5rqz97zor5es2flrht3p7las34yrq08tlu1boegdg3s2hv91cr0f9576nz6vts1ugdqgre2a9:latest/confusion_matrix_table.table.json","path":"media/table/confusion_matrix_table_10_53d3d642ebd45bb399f5.table.json","ncols":3},"_step":10,"val_accuracy":0.6655,"mse_loss":0.4922145039925913,"val_mse_loss":0.4877771133189072,"_runtime":11.614036}