{"_wandb":{"runtime":3},"accuracy":0.09938888888888889,"val_loss":2.3406395228649064,"_runtime":3.9957415,"loss":2.34411368051109,"_step":4,"epoch":5,"val_accuracy":0.1055,"_timestamp":1.7411568885695388e+09}