{"_timestamp":1.742197535960091e+09,"cross_entropy_loss":0.3415556313188235,"val_mse_loss":0.20170008651166427,"val_loss":0.40875566530465474,"mse_loss":0.17497586488260047,"val_accuracy":0.8626,"_wandb":{"runtime":40},"loss":0.3415556313188235,"_step":5,"confusion_matrix_table":{"size":2927,"artifact_path":"wandb-client-artifact://mu8dkdyweq990etww0yemreddkqzajdfxqjhcii23foyhek37zya8fqi39pqp2n8ruae885fw77yued0pa8a6o8illmbi9nkaoegud8kylu00otl9na6qtg3zhkzn39k/confusion_matrix_table.table.json","_latest_artifact_path":"wandb-client-artifact://sfx7tj3d2jsbbikmrz64kvfrqjv6qs1022o4nxwrmn486dfvpn2nkiknwqjun8l7pswzsut82109g0wk5oh18s5dcs9dd9ja21sebua1uq7dit4zaudiz30xge2ab3k7:latest/confusion_matrix_table.table.json","path":"media/table/confusion_matrix_table_5_969872f4e19c947a22f5.table.json","ncols":3,"nrows":100,"_type":"table-file","sha256":"969872f4e19c947a22f52df9eefcb36faa7b5ab5a45fd903dae37153ff7c30d5"},"_runtime":40.6005055,"epoch":5,"accuracy":0.8800185185185185,"val_cross_entropy_loss":0.40875566530465474}