{"epoch":10,"val_loss":2.3073451360023123,"accuracy":0.12918518518518518,"val_accuracy":0.1025,"_runtime":10.424845,"_step":9,"loss":2.2425832946351636,"_timestamp":1.7413444265546796e+09,"_wandb":{"runtime":10}}