{"val_mse_loss":0.21090199938940546,"val_accuracy":0.8532,"epoch":10,"_runtime":32.7242991,"_step":10,"cross_entropy_loss":0.3723109273518248,"confusion_matrix_table":{"size":2934,"artifact_path":"wandb-client-artifact://0x0gs9yh9dqi81pgb2ol69f45khkw6fxwe1s16151jwi0jvhx0fvayzsqjiow6qmo6k9rpimu284rmiiai94e2ekb7z1tt1hr22whu60on4uxng3rphh8dg9j04tc0br/confusion_matrix_table.table.json","_latest_artifact_path":"wandb-client-artifact://jiyrepnpf2krf62pk2pbtjmuh6d6mj8m04mu1j95wx752m31ed1akrfuefk14yyfv895khg81f64fv9ft89v9q74kbgvplxfgp5h0cdfrfizbeyeee27znarf9zwf6ov:latest/confusion_matrix_table.table.json","path":"media/table/confusion_matrix_table_10_29f424c62b566c04ae8e.table.json","ncols":3,"nrows":100,"_type":"table-file","sha256":"29f424c62b566c04ae8e1352f22772455afb29d7576602411b8dd42018819cab"},"loss":0.426253484495815,"_wandb":{"runtime":32},"accuracy":0.8692222222222222,"mse_loss":0.18752069824295958,"_timestamp":1.7421045076900039e+09,"val_loss":0.474082672501029,"val_cross_entropy_loss":0.4200738053181307}