{"val_accuracy":0.12366666666666666,"epoch":10,"_wandb":{"runtime":4},"_runtime":4.7869782,"loss":2.3054706888323944,"accuracy":0.11601851851851852,"val_loss":2.2931904407975976,"_timestamp":1.7411557792555501e+09,"_step":9}