{"_wandb":{"runtime":35},"_timestamp":1.7413448334749749e+09,"epoch":10,"loss":0.5711214240382363,"accuracy":0.8433888888888889,"_step":9,"val_loss":0.6149070862175074,"val_accuracy":0.8253,"_runtime":35.3702191}