{"epoch":10,"_step":9,"loss":2.2696324178928573,"_wandb":{"runtime":5},"accuracy":0.2202037037037037,"_runtime":5.493341,"_timestamp":1.7411522681422982e+09,"val_loss":2.258480071790957,"val_accuracy":0.22533333333333333}