{"epoch":5,"val_cross_entropy_loss":0.3926631546377394,"cross_entropy_loss":0.34920121458510206,"_runtime":9.2886594,"_timestamp":1.741587195584091e+09,"_step":5,"confusion_matrix_table":{"sha256":"4ccec12b424ad2aacc2a6f7050b29ade7b25f23d7cd612c77b8007e1c6a4e18f","size":2931,"artifact_path":"wandb-client-artifact://uts6mpl6565jw16f571x0wa9iez5tnolep0ng8bv0xqq6cxe15ysw4hjcx93d72xkvp9xv1wigf5ura4kjagtm05wf7sr7wu5wrj5r0g2dd0d82zoxb09qox288nxb2n/confusion_matrix_table.table.json","_latest_artifact_path":"wandb-client-artifact://213ttk3lgk3fa8h75gi0n8zkomhpjslngvz4qn25y4y23xwurs6kp2equnjh383ru1zi4sr66j57vyjnl1qtyejyzudwvippnkdnu0vk82iguq3t9vybhljbg3g497ht:latest/confusion_matrix_table.table.json","path":"media/table/confusion_matrix_table_5_4ccec12b424ad2aacc2a.table.json","ncols":3,"nrows":100,"_type":"table-file"},"_wandb":{"runtime":9},"mse_loss":0.17929079896786815,"val_accuracy":0.8571,"val_mse_loss":0.20027167190949832,"accuracy":0.8743518518518518,"val_loss":0.4496151533607729,"loss":0.4053956839430223}