{"epoch":10,"loss":2.3451614206467357,"accuracy":0.10083333333333333,"val_accuracy":0.1,"_wandb":{"runtime":28},"val_loss":2.3296766117412644,"_timestamp":1.7412518542820327e+09,"_runtime":28.1022677,"_step":9}