{"val_accuracy":0.8545,"loss":0.4363202753011232,"_timestamp":1.7415875967600763e+09,"val_cross_entropy_loss":0.3989641981720448,"confusion_matrix_table":{"artifact_path":"wandb-client-artifact://y7x1wimhn4nc0wkinumrnt9eug3k21dav99hzj1rwchz4kmzrjmi7494aluuw3vkhw9u26ul4ral8bpc170qp0xkynkopeg2zsnoe80kkokdm05abu58qrnpq84bkfll/confusion_matrix_table.table.json","_latest_artifact_path":"wandb-client-artifact://zs5siig6t428nbe8o9nv6cry6cde1fai4x7yc6udo79xoi4bkg5918zcfgx7l3dzlu7xopc19rcgsab1obln2xo3a1cvr7oymrqm7fdkrpv74k8zc8s3t3pzheo4wkkq:latest/confusion_matrix_table.table.json","path":"media/table/confusion_matrix_table_5_b476ec60ea77bcbeca70.table.json","ncols":3,"nrows":100,"_type":"table-file","sha256":"b476ec60ea77bcbeca70e6cab063d88e95696ae61239fa51c8b577a492175598","size":2934},"val_loss":0.4875820148926453,"_runtime":23.3088164,"epoch":5,"cross_entropy_loss":0.34608405265279324,"_wandb":{"runtime":23},"mse_loss":0.1807546883236529,"accuracy":0.8732037037037037,"_step":5,"val_mse_loss":0.206076620216508}