{"_wandb":{"runtime":2},"accuracy":0.357462962962963,"val_accuracy":0.42533333333333334,"_timestamp":1.7411571553024216e+09,"_step":4,"_runtime":2.8493711,"val_loss":2.0459224594496495,"loss":2.137033799358938,"epoch":5}