{"_wandb":{"runtime":96},"_runtime":96.0899774,"_timestamp":1.7413447839003012e+09,"val_accuracy":0.1,"epoch":10,"loss":2.479379569262797,"_step":9,"val_loss":2.478158796700188,"accuracy":0.1002037037037037}