{"loss":0.29032075342525815,"val_cross_entropy_loss":0.3804098609014365,"_timestamp":1.7415910165230665e+09,"confusion_matrix_table":{"artifact_path":"wandb-client-artifact://f3zn0n9b2iczzzbqpmton183nn0gh2ut5ujfrbwahdt4dec3bn11rl3nolpzrkfmt42800yqmbsijngi772vbfmvr5fehmdl5ff1ashlaijtsfuvxr9my5dzm1exzes9/confusion_matrix_table.table.json","_latest_artifact_path":"wandb-client-artifact://5j0sog5yfk2253vgb98oc5q9x94qf0125vhz4vvoakt3jua0qt1a74zkov0tfwoztqkdp0bgnel7mumxo6ukdxj84mtiqrquv8df0amhp43k092c8d3v1p24bndr1djw:latest/confusion_matrix_table.table.json","path":"media/table/confusion_matrix_table_10_90c0b560e88e436ddbc8.table.json","ncols":3,"nrows":100,"_type":"table-file","sha256":"90c0b560e88e436ddbc8db47e640a6e73d056c49381fe595f09a1e8d1655dcbb","size":2932},"cross_entropy_loss":0.29032075342525815,"val_accuracy":0.8703,"val_loss":0.3804098609014365,"_runtime":19.4156481,"epoch":10,"mse_loss":0.14922078174378647,"_step":10,"accuracy":0.8972592592592593,"val_mse_loss":0.19189838200615691,"_wandb":{"runtime":19}}