{"accuracy":0.09951851851851852,"val_loss":2.302656230311206,"epoch":10,"_wandb":{"runtime":20},"val_accuracy":0.1,"_timestamp":1.741256678227974e+09,"_step":9,"_runtime":19.9947121,"loss":2.302946305550903}