{"_wandb":{"runtime":17},"val_accuracy":0.8025,"loss":0.5278167933859911,"_runtime":17.7485996,"accuracy":0.8138098062475286,"epoch":5,"val_loss":0.5600564898026757,"_step":4,"_timestamp":1.741240945450335e+09}