{"accuracy":0.8534074074074074,"val_loss":0.49257874008934566,"_runtime":4.8113635,"loss":0.4618323863649241,"epoch":5,"val_accuracy":0.8426,"_timestamp":1.7413458767763314e+09,"_wandb":{"runtime":4},"_step":4}