{"val_loss":0.5286912086344496,"epoch":5,"val_accuracy":0.8151,"loss":0.5170933798370645,"val_mse_loss":0.26611911038507624,"mse_loss":0.2595633799044922,"_wandb":{"runtime":21},"_runtime":21.551072,"_step":5,"cross_entropy_loss":0.5170933798370645,"_timestamp":1.7415900661587002e+09,"accuracy":0.8190185185185185,"confusion_matrix_table":{"artifact_path":"wandb-client-artifact://r5v8pfscdn9klvgpmxze3g6pjkbat761exlar83zfpozy991xhxckrwk1ywau4wuwnzjkie4hswhszj9036kzztl0adm3bubt070vpvxs9xv6do00rc64nta25heqc0a/confusion_matrix_table.table.json","_latest_artifact_path":"wandb-client-artifact://t9eps4917xy4ilx42dls7g8gs8yghm7nz9ofyfzyi8tup97rixb84kiu72538gsovspczkmolxuj3u03a8sguhkw9fdbuc20i67zb5aevx915gt1q2gvbec00gyb585m:latest/confusion_matrix_table.table.json","path":"media/table/confusion_matrix_table_5_6e851df78b6768046ce0.table.json","ncols":3,"nrows":100,"_type":"table-file","sha256":"6e851df78b6768046ce027b9f2ff912f92197f4ce0da67f74b974901b9f3a561","size":2940},"val_cross_entropy_loss":0.5286912086344496}