{"_timestamp":1.7411531948532324e+09,"_runtime":6.4851656,"_wandb":{"runtime":6},"_step":9,"epoch":10,"loss":2.3055825534759378,"accuracy":0.08146296296296296,"val_loss":2.3053040668146063,"val_accuracy":0.0785}