{"epoch":5,"val_loss":1.8092887260214006,"val_accuracy":0.486,"loss":1.8508387400185435,"accuracy":0.4615185185185185,"_runtime":8.2199729,"_wandb":{"runtime":8},"_timestamp":1.741236928616325e+09,"_step":4}