{"val_accuracy":0.12466666666666666,"loss":2.3704992046476496,"_runtime":4.8776966,"_step":9,"_wandb":{"runtime":4},"_timestamp":1.7411561882493222e+09,"accuracy":0.13237037037037036,"val_loss":2.3774254559548917,"epoch":10}