{"_timestamp":1.7411540143577533e+09,"_runtime":6.0150773,"epoch":10,"val_loss":2.2006945043345603,"_wandb":{"runtime":6},"_step":9,"accuracy":0.209,"val_accuracy":0.2225,"loss":2.218271342035231}