{"loss":2.301967903450517,"epoch":10,"_wandb":{"runtime":7},"_runtime":7.6188434,"val_loss":2.3022207866137276,"_step":9,"val_accuracy":0.13966666666666666,"_timestamp":1.7411516064725175e+09,"accuracy":0.14083333333333334}