{"mse_loss":0.13318448778410982,"_runtime":39.8693296,"_timestamp":1.7421093494916122e+09,"accuracy":0.9083333333333333,"cross_entropy_loss":0.25098386555152463,"val_cross_entropy_loss":0.3527630275769311,"confusion_matrix_table":{"_type":"table-file","sha256":"d83120b852849a5af5bac2b31f1411acf039ed68759f6b43d9b328b0927834d8","size":2932,"artifact_path":"wandb-client-artifact://im4g8f1h8lqfkh9hf34iijf25bl5flf9z3sritvrvcem3ssfq5mtqoo8o847s9c5v81ej135tk2l9uiw821add4q4thxjvp2d5avn0eeqre438j8zxx09qn9x0ktnacf/confusion_matrix_table.table.json","_latest_artifact_path":"wandb-client-artifact://o77nbt8e794z8999111vmmpjrzhcoh5vlm68ijjx545c9vy7l5b28iqh8ts4v20xoa3p304smwh7n1tkgq82ii35wkgq6hmyvgusnx25q9be3saiz6yweyrppt04qt0f:latest/confusion_matrix_table.table.json","path":"media/table/confusion_matrix_table_10_d83120b852849a5af5ba.table.json","ncols":3,"nrows":100},"val_accuracy":0.8772,"val_loss":0.3527630275769311,"loss":0.25098386555152463,"val_mse_loss":0.17739024352836333,"_step":10,"epoch":10,"_wandb":{"runtime":39}}