{"val_accuracy":0.1077,"accuracy":0.1085,"epoch":10,"confusion_matrix_table":{"ncols":3,"nrows":100,"_type":"table-file","sha256":"b79779eb7bf25123f0a4b0f626c871659f16a96951fc071612551e9d705d7917","size":2935,"artifact_path":"wandb-client-artifact://xqpuljpypfd6ebc0cgitu95b968odkqh794m8y2q5wq87wi62zdkyypbcam9dm27ly8z8jvgazfq3vt273nf3g33gg3iate29o9w3b7lf6vi7wbfmimyk3gviq4ogc1l/confusion_matrix_table.table.json","_latest_artifact_path":"wandb-client-artifact://gy24m06ezrtffutogu5f33jxm8xpgpuw1d21qilrbxdm047xhq1vsrcfi2ctf80t1jqf6g9ma17t52vo17yg6ipm2sy6jt4ib1pkwy01ohuo7pyxh3dnr649vq2grtu1:latest/confusion_matrix_table.table.json","path":"media/table/confusion_matrix_table_10_b79779eb7bf25123f0a4.table.json"},"mse_loss":0.8999260749267618,"val_loss":2.325904696656375,"cross_entropy_loss":2.302214778507921,"val_cross_entropy_loss":2.3022099945760655,"loss":2.3259104506217203,"_wandb":{"runtime":11},"_runtime":11.6655785,"val_mse_loss":0.8999251154023441,"_timestamp":1.7415837944260936e+09,"_step":10}