{"_step":9,"val_loss":2.019904162452986,"epoch":10,"val_accuracy":0.2647,"_timestamp":1.7412388315133507e+09,"accuracy":0.2502963841138115,"_wandb":{"runtime":7},"loss":2.0343357596630844,"_runtime":7.9217728}