{"confusion_matrix_table":{"path":"media/table/confusion_matrix_table_5_c08d3e9830f8c22dce9b.table.json","ncols":3,"nrows":100,"_type":"table-file","sha256":"c08d3e9830f8c22dce9b8bc1118654bf6a3db24c42788ebc2eda595e38029d4e","size":2930,"artifact_path":"wandb-client-artifact://dfp193o4ukv7b77gd4oejti1jrcvzxd37xyikwvcnrdb8m7pfyj3gc7lynyf9c6usfofhoei360oke6rzobgzofwev65f2aye3skiai60be1zfluitqag4e57xiw0axn/confusion_matrix_table.table.json","_latest_artifact_path":"wandb-client-artifact://5wwr8qkbx37f7s0g3dj5qruv3buzme6ccjfkwysy1320bu63pxhs06ggg78jo6b3scob4ptr0yd8bc6t5j576r3z30t7llkxea4x4xle55scvzu02cx4hrqt7wdkjlim:latest/confusion_matrix_table.table.json"},"_step":5,"_timestamp":1.7421937340861468e+09,"_runtime":10.9314828,"cross_entropy_loss":0.4943971268047738,"_wandb":{"runtime":10},"mse_loss":0.24451291233104977,"epoch":5,"accuracy":0.8316666666666667,"val_cross_entropy_loss":0.5159298084629436,"val_accuracy":0.8267,"loss":0.4943971268047738,"val_mse_loss":0.2535167597755184,"val_loss":0.5159298084629436}