{"_wandb":{"runtime":22},"_step":9,"epoch":10,"_timestamp":1.7412498777465355e+09,"_runtime":22.8094765,"accuracy":0.09918518518518518,"val_loss":2.302685803938502,"val_accuracy":0.1,"loss":2.3029476918920677}