{"val_loss":0.9323684012552764,"val_accuracy":0.6798,"_step":4,"accuracy":0.6818530051403717,"_runtime":8.2106536,"_wandb":{"runtime":8},"epoch":5,"_timestamp":1.7412371738712087e+09,"loss":0.9569381484835111}