{"val_accuracy":0.1,"val_loss":2.3034597887303794,"val_cross_entropy_loss":2.3026136202251344,"_timestamp":1.742134724739637e+09,"loss":2.3036422345921355,"_step":10,"_wandb":{"runtime":15},"cross_entropy_loss":2.3027150239739367,"mse_loss":0.9000260073121656,"epoch":10,"accuracy":0.09861111111111111,"val_mse_loss":0.9000057215748603,"confusion_matrix_table":{"size":2912,"artifact_path":"wandb-client-artifact://h7nqfu1mshhihq902ki9bsu7vnciokpe0ss3vzz0os5vlnnbnnccdct2ufqr8xqigb3qi84thw0vrgxloff3gw2rn6sfexnysre951831fn1jsdi1rcnq2s59xuepmkn/confusion_matrix_table.table.json","_latest_artifact_path":"wandb-client-artifact://przzniwd3vzz3csunsc6sp7x5qba5i4d6238zq7smtlim37ydwrq7yegkdmum2bgp5kkl2xv0hmn4n1371bhnpjjxgoyvkqpr1k63ymqcy1el0zvaxa6joa90rrn7a9h:latest/confusion_matrix_table.table.json","path":"media/table/confusion_matrix_table_10_e057170823602e16cc6d.table.json","ncols":3,"nrows":100,"_type":"table-file","sha256":"e057170823602e16cc6d65e01f04cd68537bdc19067d65140986d32eda76ff73"},"_runtime":15.5463588}