{"_runtime":23.5771477,"_step":5,"accuracy":0.8886111111111111,"_timestamp":1.7415872262665234e+09,"val_loss":0.3704405446703906,"confusion_matrix_table":{"sha256":"c7b02ced8d8843353744ff3c7d2b2db6cae3bc5c0f6d78fcb9f240b99099624d","size":2930,"artifact_path":"wandb-client-artifact://ie4r2mglds2d72wmllk9xzqfyz1i24iaxm1fevf0ojk4gw9kbqqjzwgoz5h9o9dxfj2fbti8nfyyrwpj3i8csd98ml1ci5pssb6nd2zyui21tvjle349yweih8a9c0ki/confusion_matrix_table.table.json","_latest_artifact_path":"wandb-client-artifact://mqgoyesyzaqgf6l0ra8qmzajdakhsbl5cqul53qphzqker0rwb7cu6fvosx3wlrjj5llgxlpbahszrsbr4seop6flkce1qu8hytdz439l4trq7rexsklf0fqf1rnrqo8:latest/confusion_matrix_table.table.json","path":"media/table/confusion_matrix_table_5_c7b02ced8d8843353744.table.json","ncols":3,"nrows":100,"_type":"table-file"},"val_mse_loss":0.19171999575379015,"loss":0.30488821361395513,"val_accuracy":0.8638,"epoch":5,"cross_entropy_loss":0.30488821361395513,"val_cross_entropy_loss":0.3704405446703906,"mse_loss":0.16009989748595366,"_wandb":{"runtime":23}}