{"loss":0.46767583951034675,"_runtime":54.05189,"val_mse_loss":0.2028680389077189,"val_cross_entropy_loss":0.396620808337069,"_wandb":{"runtime":54},"val_loss":0.5151206735444568,"val_accuracy":0.8571,"mse_loss":0.1774495359842678,"cross_entropy_loss":0.348417084198831,"epoch":10,"accuracy":0.8763888888888889,"_step":10,"confusion_matrix_table":{"path":"media/table/confusion_matrix_table_10_950fd6a21616e3657a65.table.json","ncols":3,"nrows":100,"_type":"table-file","sha256":"950fd6a21616e3657a65052e6bdd48ac8905cd435a7baae1af84c8f47b1958dc","size":2933,"artifact_path":"wandb-client-artifact://qot9dn53nhjvdkvz1y5xundj605pn0ya3wxlar2b457nhnghuevd0dqqo8yb2e5u1j2xedukirsr9pbs5sy7hfu7qmg5018gx445ujm2eijson7yr8tvh1fndykziiwg/confusion_matrix_table.table.json","_latest_artifact_path":"wandb-client-artifact://gghygbpg70m8ioa0yojt8ifvijzgyraet1ywyp9wgdyp5vr9eao1pl4gyd89nx5r2h5jso7qse5w2wvektxgey4izcmgy065khmjv0wa82672onn8cy8t8985ox8p64a:latest/confusion_matrix_table.table.json"},"_timestamp":1.7421117358024845e+09}