{"val_accuracy":0.1,"loss":2.3053148390819804,"epoch":10,"accuracy":0.10009514630288652,"_step":9,"val_loss":2.302588503851398,"_wandb":{"runtime":10},"_timestamp":1.7412349711095421e+09,"_runtime":10.8907341}