{"val_accuracy":0.4752,"loss":1.6605835049302284e+07,"accuracy":0.45701851851851855,"_step":9,"_timestamp":1.7412493692324598e+09,"_wandb":{"runtime":17},"_runtime":17.6692386,"epoch":10,"val_loss":2.0866816696958095e+07}