{"_runtime":5.6971171,"_timestamp":1.7411542123754227e+09,"epoch":10,"loss":2.3026653060555513,"val_loss":2.302466657436634,"val_accuracy":0.105,"_step":9,"_wandb":{"runtime":5},"accuracy":0.09944444444444445}