{"_runtime":27.5694284,"_step":5,"epoch":5,"confusion_matrix_table":{"size":2938,"artifact_path":"wandb-client-artifact://poyubdqtseqzgg49du6boono77ggvlc1reu9fyvqcvp5l7iz4la0s9qzdk40tc0lq4ih25rro1hs8zwg5xfeororgsyxob5v8zywgpiwvya7989l7xx50kb2k6otrpzg/confusion_matrix_table.table.json","_latest_artifact_path":"wandb-client-artifact://2wi2buo2zhjbm09o66a9zti77xtqiypqoxsvzcepnanc8kux6sit8610rss9vf4xdcbgjxz8botl9myk678l7u1tuf0881cvu0lfe68ki0kos705yaipqy4z9gk0ikbf:latest/confusion_matrix_table.table.json","path":"media/table/confusion_matrix_table_5_78d165d6b28c375a8835.table.json","ncols":3,"nrows":100,"_type":"table-file","sha256":"78d165d6b28c375a88358db0b4cd00b019b298a451ff358d70b9c6411e505133"},"_wandb":{"runtime":27},"val_loss":0.7652112273433146,"val_cross_entropy_loss":0.6106055786460955,"mse_loss":0.3033854007518177,"accuracy":0.7811851851851852,"val_accuracy":0.7807,"cross_entropy_loss":0.6041859545751401,"_timestamp":1.7415839748324842e+09,"loss":0.7589059149962181,"val_mse_loss":0.30798743414787866}