{"val_loss":2.291161765838953,"_step":4,"_runtime":3.3157862,"loss":2.294072107036993,"accuracy":0.1040925925925926,"_wandb":{"runtime":3},"_timestamp":1.7411576373678176e+09,"epoch":5,"val_accuracy":0.10666666666666667}