{"_timestamp":1.7412372547585883e+09,"_runtime":57.0956098,"epoch":10,"loss":2.3041576138263866,"_step":9,"_wandb":{"runtime":57},"val_accuracy":0.1,"val_loss":2.302616057185516,"accuracy":0.10073355068168346}