{"loss":0.2829091844085707,"accuracy":0.8973888888888889,"val_cross_entropy_loss":0.35208426389941777,"val_loss":0.35208426389941777,"cross_entropy_loss":0.2829091844085707,"_wandb":{"runtime":53},"epoch":10,"_runtime":53.4843969,"_timestamp":1.742194038512879e+09,"val_accuracy":0.8756,"_step":10,"confusion_matrix_table":{"path":"media/table/confusion_matrix_table_10_3095b0a878519c69b9f8.table.json","ncols":3,"nrows":100,"_type":"table-file","sha256":"3095b0a878519c69b9f85ce60d3738c6a24cf477e886b1024e6d33bf63bf1a76","size":2931,"artifact_path":"wandb-client-artifact://q75k7xlov3zc6p8zph0q8z6ezoogb8su5u4oqkz37ua1lcx92d2u231oyclsfiwyy1inszj1n253e8ny87s1rvfu79dn8930kwm39e8g0qslzbz8b7djghourd505uzw/confusion_matrix_table.table.json","_latest_artifact_path":"wandb-client-artifact://8z7euowc6aszutzy6kg0lu9gjtg3694anpdo27fjw32r5w8oifo1jiz9eqmly9gbum9kpbyw0a7i68pei1mdlpqz17bejv26i4s8bj7cfhfm628uyvjicqhwdiig1lm1:latest/confusion_matrix_table.table.json"},"val_mse_loss":0.17953875297010205,"mse_loss":0.1477892089493385}