{"_timestamp":1.7413682393380468e+09,"accuracy":0.10944444444444444,"_wandb":{"runtime":37},"epoch":5,"_runtime":37.8220591,"_step":4,"val_loss":2.3016164140517423,"val_accuracy":0.1826,"loss":2.3018112500805095}