{"cross_entropy_loss":0.30475797104183133,"loss":0.30475797104183133,"val_loss":0.39515585333949904,"mse_loss":0.15494798539328247,"_runtime":64.9286445,"_timestamp":1.7421930272736464e+09,"_step":10,"val_accuracy":0.8679,"epoch":10,"confusion_matrix_table":{"ncols":3,"nrows":100,"_type":"table-file","sha256":"730d11b3eacea251d2751d314811e3d3230196c69d59cd5ca92e5baf583f5fd1","size":2931,"artifact_path":"wandb-client-artifact://d3ekftetzecds5ub7dlgy7rhy5eiv1uebksg6w06x0nqm6ji1mj9ocywfsqp4eold1i6henz6paidtmis7cz84yhf3muh94qorsot1f5po7390p79pvvjrm1yw2rl59z/confusion_matrix_table.table.json","_latest_artifact_path":"wandb-client-artifact://75ealj5mr9pj3f8g4ipb0x4b19a1vg302v7ndlvge7lrt1ytzri5basfggay8jud9s90ukj2xppvea3ear7bjje9luop84d4z4chuhiij657qyovpqe8q7d6qe1rab66:latest/confusion_matrix_table.table.json","path":"media/table/confusion_matrix_table_10_730d11b3eacea251d275.table.json"},"val_mse_loss":0.19361556533188654,"val_cross_entropy_loss":0.39515585333949904,"accuracy":0.8948703703703703,"_wandb":{"runtime":64}}