{"loss":2.4132718683146157,"epoch":5,"val_loss":2.3504272770736403,"_step":4,"_runtime":4.0230972,"accuracy":0.09938888888888889,"val_accuracy":0.10616666666666667,"_timestamp":1.7411555003318198e+09,"_wandb":{"runtime":4}}