{"val_accuracy":0.1,"epoch":5,"_timestamp":1.7412348397723982e+09,"accuracy":0.09925925925925926,"_runtime":28.7305143,"val_loss":2.302598717799658,"loss":2.3026464533512834,"_step":4,"_wandb":{"runtime":28}}