{"val_loss":0.38769503001029687,"_timestamp":1.7421063034499786e+09,"_wandb":{"runtime":116},"val_accuracy":0.8667,"cross_entropy_loss":0.33499789410934466,"epoch":10,"mse_loss":0.17080338652715618,"val_cross_entropy_loss":0.38769503001029687,"_step":10,"confusion_matrix_table":{"sha256":"192293c717cde9bad140b298ef996328ee39a00df79729b92903f4de5295893a","size":2934,"artifact_path":"wandb-client-artifact://07wlkvq0faxp1w6t66uvg9r8s10euriryi3wvbcacdtskwkwba4ai9hh21d9n1ie77cl2lxu0xvg7f8wx83fuz2tf6phmbdgwsso2b7vak43tftxhp1zxwd5oldjcdr9/confusion_matrix_table.table.json","_latest_artifact_path":"wandb-client-artifact://ogkx59f2k5fsmlx0kvaqgxu6iuygj9q89lreriwk3ttbcoyhtploipsyjy4f3766xg2coyn9p0czbv4ivhpao7ulay23ciukbk9abbnh44uadq1viam1rsapzveaik3u:latest/confusion_matrix_table.table.json","path":"media/table/confusion_matrix_table_10_192293c717cde9bad140.table.json","ncols":3,"nrows":100,"_type":"table-file"},"val_mse_loss":0.19339441677669503,"_runtime":116.4468954,"accuracy":0.8819814814814815,"loss":0.33499789410934466}