{"loss":1.3558866485031011,"_runtime":13.2344385,"_step":4,"_wandb":{"runtime":13},"_timestamp":1.7412577120932024e+09,"accuracy":0.43537037037037035,"val_loss":1.3012627034386608,"val_accuracy":0.4584,"epoch":5}