{"val_cross_entropy_loss":0.39065202561577633,"confusion_matrix_table":{"artifact_path":"wandb-client-artifact://18d18942r8da9h549oowajlau9vojltc92owrhk97knh9ei4vyrc5ysmnvz69xl4a3n1ongobtyesjkbmw1fsd1p7x3oua6wt3w2dh2lrtwpgpreuq4hd1fib9ykgall/confusion_matrix_table.table.json","_latest_artifact_path":"wandb-client-artifact://rqbiswpm5sxjmuy40e0br8h09bhzvjcd983gkmeza3tn88om6a6i7e8e6ypxxd4cdjun7zq3yqceyy3rzrtqgaedmllbn3ts0d1jzkq7dnsclm7lgmlsrf14irmm6ag5:latest/confusion_matrix_table.table.json","path":"media/table/confusion_matrix_table_10_8671d3c20d860bafcab3.table.json","ncols":3,"nrows":100,"_type":"table-file","sha256":"8671d3c20d860bafcab3766cc642395dda4411aa50f53251c320a1dfd6653372","size":2926},"cross_entropy_loss":0.2632178898048593,"_timestamp":1.742111258203859e+09,"_wandb":{"runtime":40},"val_loss":0.39065202561577633,"val_accuracy":0.8656,"_runtime":40.4333031,"epoch":10,"val_mse_loss":0.19746771276756295,"mse_loss":0.13886536319354645,"accuracy":0.903962962962963,"loss":0.2632178898048593,"_step":10}