{"val_accuracy":0.1,"epoch":10,"loss":2.3053149617764173,"_wandb":{"runtime":14},"_runtime":14.6185424,"_timestamp":1.7411910675178654e+09,"_step":9,"val_loss":2.3025884470054407,"accuracy":0.10097246935547648}