{"val_loss":2.2927942487980353,"accuracy":0.13037037037037036,"_timestamp":1.7411559619972136e+09,"_wandb":{"runtime":3},"val_accuracy":0.14333333333333334,"loss":2.308576013796699,"epoch":5,"_runtime":3.0826891,"_step":4}