{"val_loss":0.36921770584111197,"epoch":10,"cross_entropy_loss":0.2562020657228908,"mse_loss":0.1363159769424449,"accuracy":0.9062037037037037,"val_cross_entropy_loss":0.36921770584111197,"val_accuracy":0.874,"_step":10,"_timestamp":1.7421925491262019e+09,"confusion_matrix_table":{"artifact_path":"wandb-client-artifact://rkmi2jv63zsrmm5fxodpwbi7cq5ubafrkkhx9n5cnlzxehfrixhwh54zes99hii9u4ye5qzjudqrstti01z9vh7qxae56zaqrlxntcgt8v5q0ishmhgwy0us09g5lczs/confusion_matrix_table.table.json","_latest_artifact_path":"wandb-client-artifact://hywaplyzxmq34gy29vd7pctlbj11t2yxxgl5icx4nyfbghw5d3piyi4gltbbnmfwvcdeqvspzcrset8p574dby0p5ycij5iy3r3q9v894qgjvi2dhcr439psvqbztrjl:latest/confusion_matrix_table.table.json","path":"media/table/confusion_matrix_table_10_c8d7bd526d7b475f94f8.table.json","ncols":3,"nrows":100,"_type":"table-file","sha256":"c8d7bd526d7b475f94f83cdb5af077cbeec29b9dae0bc5635e159b68b777a0aa","size":2927},"loss":0.2562020657228908,"val_mse_loss":0.18180367064173192,"_wandb":{"runtime":45},"_runtime":45.9387318}