{"loss":2.298538606007869,"_timestamp":1.7411527964165156e+09,"accuracy":0.23007407407407407,"val_loss":2.2976920649888046,"epoch":10,"_step":9,"_wandb":{"runtime":5},"_runtime":5.323958,"val_accuracy":0.21883333333333332}