{"_timestamp":1.7413469145493457e+09,"_step":4,"epoch":5,"val_loss":2.3026003239653563,"_wandb":{"runtime":29},"accuracy":0.09918518518518518,"loss":2.302705166413658,"val_accuracy":0.1,"_runtime":29.9455865}