{"loss":2.2949388592211206,"accuracy":0.1544074074074074,"val_loss":2.2937260426937836,"_wandb":{"runtime":4},"val_accuracy":0.158,"epoch":5,"_timestamp":1.7411520458921163e+09,"_step":4,"_runtime":4.0080133}