{"val_loss":0.7803682716295918,"epoch":10,"_wandb":{"runtime":49},"val_accuracy":0.7841,"_timestamp":1.7413449960188997e+09,"loss":0.7156245818918174,"_step":9,"accuracy":0.8000925925925926,"_runtime":49.0326265}