{"val_loss":2.401449399237579,"epoch":10,"accuracy":0.10016666666666667,"val_accuracy":0.0985,"_wandb":{"runtime":7},"_runtime":7.5768676,"_timestamp":1.7411544976028068e+09,"_step":9,"loss":2.40201722300089}