{"_step":10,"val_cross_entropy_loss":0.36017849932379054,"val_mse_loss":0.1817116693898945,"mse_loss":0.14498642339951281,"_runtime":20.3508832,"epoch":10,"_wandb":{"runtime":20},"loss":0.27659533700494837,"_timestamp":1.74219177787518e+09,"confusion_matrix_table":{"size":2930,"artifact_path":"wandb-client-artifact://5z7kum4vpw8vvrilnm73eh33blio7up1xankd4aknjzlis7os4eqvhuabugqejgy7jf4vkxbja5ng9r8q10li2qf7wpr6y64054yo798c2vzh8o8hm1v2kcxsff6gy04/confusion_matrix_table.table.json","_latest_artifact_path":"wandb-client-artifact://3axcyphqaeuq0yfkm9gjnor0aijhux6529hzy874rfe9z52vx3q2nn3wapqcfqnmrs1zyviv7o6bl12wkxewewaeg9wqnxwj32sy1j6iz3saa94ppe6x12lifnsn65ua:latest/confusion_matrix_table.table.json","path":"media/table/confusion_matrix_table_10_a7cbe506792ebcc68e6d.table.json","ncols":3,"nrows":100,"_type":"table-file","sha256":"a7cbe506792ebcc68e6d42c4e81669e5432f0917996a9b0d16b57bd195ac1d34"},"cross_entropy_loss":0.27659533700494837,"val_accuracy":0.8746,"accuracy":0.8996666666666666,"val_loss":0.36017849932379054}