{"_wandb":{"runtime":5},"val_accuracy":0.362,"accuracy":0.32855555555555555,"val_loss":1.854063582852789,"_step":9,"loss":1.9141129717920293,"_timestamp":1.7411562101439536e+09,"epoch":10,"_runtime":5.2402943}