{"_runtime":27.3896785,"_step":10,"val_cross_entropy_loss":2.302627093279982,"_wandb":{"runtime":27},"_timestamp":1.7415853219867866e+09,"loss":2.3070333293241583,"val_loss":2.3067935604799823,"accuracy":0.09927777777777778,"epoch":10,"cross_entropy_loss":2.3028668621241595,"val_accuracy":0.1,"val_mse_loss":0.9000084412776465,"mse_loss":0.900056351095763,"confusion_matrix_table":{"sha256":"e057170823602e16cc6d65e01f04cd68537bdc19067d65140986d32eda76ff73","size":2912,"artifact_path":"wandb-client-artifact://nhiwzat7xa76j4uhpohxecnshte282z9jprat5qnm8dq38hk3msnhs9jznv2d0mgqr8u7u8mr99gooz41ih5gipqi6lv7iavaob8pbdtdgk5z7nay67wmaeeof11txup/confusion_matrix_table.table.json","_latest_artifact_path":"wandb-client-artifact://v977494fwxj41em6xzgilmrzv7nmt1w2e4xdu7ygo2wb9bz9nicpxizuzylcxzs6474qfd4q3a43yo344sg9m0ttt53ofrhnb7mcjzw22y10ryy7pi0tkdfjjo1ya5nv:latest/confusion_matrix_table.table.json","path":"media/table/confusion_matrix_table_10_e057170823602e16cc6d.table.json","ncols":3,"nrows":100,"_type":"table-file"}}