{"val_accuracy":0.105,"_timestamp":1.7411537915436647e+09,"_wandb":{"runtime":3},"_runtime":3.2033529,"loss":2.3062572931587892,"_step":4,"val_loss":2.3037900589770985,"epoch":5,"accuracy":0.09944444444444445}