{"_step":4,"_timestamp":1.741358356588424e+09,"epoch":5,"loss":2.303634991418837,"val_accuracy":0.1,"accuracy":0.09714814814814815,"val_loss":2.30344228481189,"_runtime":8.5060795,"_wandb":{"runtime":8}}