{"loss":0.3310690336633606,"mse_loss":0.17031356737003372,"cross_entropy_loss":0.3310690336633606,"val_mse_loss":0.1989450943478653,"_timestamp":1.741587623747164e+09,"accuracy":0.8820925925925925,"epoch":5,"val_loss":0.3936182878583622,"_step":5,"val_accuracy":0.8629,"confusion_matrix_table":{"_latest_artifact_path":"wandb-client-artifact://45kn37knt6i9o68hm05443it2vyomvfq1cowsux0s3zpj1p707t7celugt02prpg9ji6329xl1q6afvzpmi59ml8iz6udodprwnl13m6phpoyne4xgsxy9pora4horv0:latest/confusion_matrix_table.table.json","path":"media/table/confusion_matrix_table_5_e8107d980e80425696b5.table.json","ncols":3,"nrows":100,"_type":"table-file","sha256":"e8107d980e80425696b5a70c950f5434b804cfa978fb829d9be7cb2ed4b0349d","size":2933,"artifact_path":"wandb-client-artifact://o3bejdkkqknqqoggrk0uutf8so1jgcm310683oavbi6e8l3u2jtd76t3cpzjr17ir0ktbqtqm09b12ujxen1rur5mlrka0y2k7mv1etmpmupcetjukqpdtku09ag8voi/confusion_matrix_table.table.json"},"_runtime":18.3232662,"val_cross_entropy_loss":0.3936182878583622,"_wandb":{"runtime":18}}