{"_wandb":{"runtime":20},"_runtime":20.0583603,"accuracy":0.6326296296296297,"val_accuracy":0.6303,"val_loss":1.2060752644349448,"_timestamp":1.7412526895142305e+09,"epoch":10,"loss":1.2384108989922749,"_step":9}