{"_step":4,"epoch":5,"loss":2.3026658493791006,"val_accuracy":0.1,"_wandb":{"runtime":12},"val_loss":2.302634128269638,"_runtime":12.6619212,"accuracy":0.09872222222222223,"_timestamp":1.7413686407879798e+09}