{"val_mse_loss":0.20060957554934689,"val_cross_entropy_loss":0.3930848272597412,"loss":0.3421685772349451,"cross_entropy_loss":0.3421685772349451,"confusion_matrix_table":{"path":"media/table/confusion_matrix_table_10_fbde6a7ce8118e5c2fc7.table.json","ncols":3,"nrows":100,"_type":"table-file","sha256":"fbde6a7ce8118e5c2fc7bb2e24b0a6e256331e24b7e9ebb1d533b34a961dfe1c","size":2932,"artifact_path":"wandb-client-artifact://bjs0tc6cyldrl0jscwrdof7p5aznv9hfpou4gstwdma7qxa01y7n2hqiniajvc2jbljqiikl4oz40yu6ouosmamyzd4ozw1ba3141e28sbs4jrynoizi5eoza285pd6l/confusion_matrix_table.table.json","_latest_artifact_path":"wandb-client-artifact://u16p9boifbvqdtbragyqfsbqm4x0xmuoxtqxsr38y2w70renyq7e2euw3ncujy0buglhetsnflu58v3d88yrou2phlmz6ueifl51d4eg57ce75hf5n7wj08u6yjsxj64:latest/confusion_matrix_table.table.json"},"_wandb":{"runtime":22},"mse_loss":0.17504091735895858,"_step":10,"val_accuracy":0.8604,"val_loss":0.3930848272597412,"_timestamp":1.7421121319019186e+09,"accuracy":0.8778333333333334,"epoch":10,"_runtime":22.3390253}