{"val_accuracy":0.1,"_step":9,"accuracy":0.10073355068168346,"val_loss":2.302592414944586,"_timestamp":1.7412403777869728e+09,"epoch":10,"_wandb":{"runtime":22},"_runtime":22.4131835,"loss":2.3039532577897486}