{"cross_entropy_loss":0.29239378114289355,"_runtime":31.2343592,"_wandb":{"runtime":31},"val_loss":0.38047769177676594,"val_accuracy":0.8705,"_step":10,"loss":0.29239378114289355,"_timestamp":1.7421087296031275e+09,"val_cross_entropy_loss":0.38047769177676594,"mse_loss":0.15104840715747866,"val_mse_loss":0.18908916163454542,"confusion_matrix_table":{"ncols":3,"nrows":100,"_type":"table-file","sha256":"c484553813b34d474ef69bc27b660d09612abf96c94ef72259cf0dfeb643f1f4","size":2932,"artifact_path":"wandb-client-artifact://aobu9is20jb0bhr1ohitacbzv1i7k96yb2lwcbd7yfa8gps4rcln4v06vdpfcjv147s3fzddn8k44x6ktycutggg06xl8t4gnz060a7ipj57uu7ld3ur5r18n9cz2zlw/confusion_matrix_table.table.json","_latest_artifact_path":"wandb-client-artifact://uan7l84k3zzbgbo3g3cafhrzvx8azuansy1vqe3hcfmx66jpi2smtp6bvl50oh8miag130eznggg09067p5a9myp3f3i9ii664lv5t1kzh62p33w7go0whkfi7uln93j:latest/confusion_matrix_table.table.json","path":"media/table/confusion_matrix_table_10_c484553813b34d474ef6.table.json"},"epoch":10,"accuracy":0.8959074074074074}