{"epoch":5,"_step":4,"val_accuracy":0.2285,"val_loss":2.194265956686889,"_runtime":3.4080776,"loss":2.218161448497607,"accuracy":0.19935185185185186,"_wandb":{"runtime":3},"_timestamp":1.7411572737080452e+09}