{"_runtime":8.6473927,"loss":2.3357650655430846,"val_accuracy":0.344,"_wandb":{"runtime":8},"_timestamp":1.7412377572848349e+09,"_step":4,"val_loss":2.32857464403571,"epoch":5,"accuracy":0.33744444444444444}