{"val_loss":2.3103646363495085,"val_accuracy":0.10266666666666667,"_step":4,"epoch":5,"_wandb":{"runtime":4},"accuracy":0.0997037037037037,"_timestamp":1.7411526718591657e+09,"_runtime":4.619757,"loss":2.3108737673936703}