{"loss":2.3026012066861368,"val_loss":2.3025961451208032,"_runtime":73.2143568,"accuracy":0.10083333333333333,"val_accuracy":0.1,"_step":9,"_wandb":{"runtime":73},"_timestamp":1.7412375955510545e+09,"epoch":10}