{"_runtime":9.4441593,"accuracy":0.2985,"val_accuracy":0.2978,"_wandb":{"runtime":9},"_step":9,"val_loss":45.73099248641301,"loss":37.330462927586396,"_timestamp":1.7412517019706502e+09,"epoch":10}