{"val_cross_entropy_loss":0.3948607657140935,"mse_loss":0.16520629248582247,"val_loss":0.46398803296487146,"loss":0.39083433996660777,"val_mse_loss":0.20066031308748145,"val_accuracy":0.8604,"confusion_matrix_table":{"size":2932,"artifact_path":"wandb-client-artifact://9xzuv2h4fsgwqza8727zyk4sfe2enbikaykgn696uw7nrla4w5dt8jzswe4dc25wmxtpek8khz30z3i48xrxa85y3stab963p47lhfdnw1qduybefstyr4jdoky6cs0y/confusion_matrix_table.table.json","_latest_artifact_path":"wandb-client-artifact://ceg9ye3f0vr4oypqepolvjv1py3d072kta5wieqlwo1rcp05ruzqewlozlla2hi08ly28ul5hjvrvc80d5mqfiwrsxo6ceife0hgdcpsh64j8hxl8tfjxwliy1v4b0kb:latest/confusion_matrix_table.table.json","path":"media/table/confusion_matrix_table_10_d29bc888db19d6993449.table.json","ncols":3,"nrows":100,"_type":"table-file","sha256":"d29bc888db19d6993449691c4ace7a2ade6e12ae271f29bad5c41cbd9b469960"},"_runtime":14.9488243,"accuracy":0.885425925925926,"_wandb":{"runtime":14},"epoch":10,"_timestamp":1.7421988856919804e+09,"_step":10,"cross_entropy_loss":0.32165726278370027}