{"epoch":10,"_runtime":25.8112971,"_timestamp":1.7412495846358423e+09,"val_loss":1.9292024994070371,"accuracy":0.23227777777777778,"_wandb":{"runtime":25},"_step":9,"val_accuracy":0.2087,"loss":1.8175526938670414}