{"accuracy":0.09955555555555555,"val_loss":2.302605578731404,"_wandb":{"runtime":16},"epoch":10,"_step":9,"loss":2.3026788143250037,"val_accuracy":0.1,"_timestamp":1.7412568498850663e+09,"_runtime":16.0400927}