{"val_loss":1.2679765275293733,"val_accuracy":0.447,"epoch":5,"_wandb":{"runtime":6},"_timestamp":1.7412412688707922e+09,"_runtime":6.2692989,"loss":1.4658954792381447,"accuracy":0.4122222222222222,"_step":4}