{"_wandb":{"runtime":6},"_step":9,"loss":2.311265960838807,"epoch":10,"accuracy":0.0999074074074074,"val_loss":2.3078352196258507,"_timestamp":1.741153082094808e+09,"_runtime":6.3475488,"val_accuracy":0.10083333333333333}