{"epoch":5,"val_mse_loss":0.18273779554688052,"cross_entropy_loss":0.3074726814161102,"_step":5,"_timestamp":1.7415873546231358e+09,"accuracy":0.8864814814814815,"confusion_matrix_table":{"size":2930,"artifact_path":"wandb-client-artifact://1om3dxrs5lz7tv2a6v7fb63kr78mslien2j6sonymahuzuf51fgxeairf5pbru8j1g1gb26ak1nskbdxekv0wttz7itje49aelqs0lzz87dw48b2ar181j7jrxfj0oyf/confusion_matrix_table.table.json","_latest_artifact_path":"wandb-client-artifact://xdk8oejagceiqyg8k5sthv0nhyx41mhy9jnnin56jdmc5qk82kaub7r5rki4mw09mhaf6ywf0x2n3ge35reegdizx0elmnwu51vtk43z6f34jg4wk6wzive34yahhkum:latest/confusion_matrix_table.table.json","path":"media/table/confusion_matrix_table_5_efdf4ce153863e0a0d2b.table.json","ncols":3,"nrows":100,"_type":"table-file","sha256":"efdf4ce153863e0a0d2b7662c53324f5b6a9b4ee1a4e8f6c743c5d48e5a89b6a"},"loss":0.3074726814161102,"mse_loss":0.16135700436274547,"_wandb":{"runtime":22},"val_accuracy":0.8747,"_runtime":22.372805,"val_cross_entropy_loss":0.3516199321213402,"val_loss":0.3516199321213402}