{"epoch":10,"mse_loss":0.18276527613830532,"_wandb":{"runtime":40},"accuracy":0.8716296296296296,"confusion_matrix_table":{"sha256":"8f7a6efafdb796d3e2b6c896f3a129220ddd50c38b457ddd18cf6a31ed684df4","size":2930,"artifact_path":"wandb-client-artifact://os4kn0hcci4oq0e21bhc22qbxik7jbembzy9xw7tpx7vxq2fpzahzu9z9ci9mx9kci6hl00wpetzhm7s2xcx7fgxhw36zb11ys71ie8z50xtwdbqjfbvf3kn9vp64tdh/confusion_matrix_table.table.json","_latest_artifact_path":"wandb-client-artifact://cprc069yz7w167ixcxf4onqyzg2bzgvs1zi3t1rc1cv6z4hvgg6dkxc480m7o6arkwavgh0duc97vl70wyrzsl1ta99vcgf3sf4wp41r5nyfzb49n6g931n3oycfchcp:latest/confusion_matrix_table.table.json","path":"media/table/confusion_matrix_table_10_8f7a6efafdb796d3e2b6.table.json","ncols":3,"nrows":100,"_type":"table-file"},"val_accuracy":0.8588,"_runtime":40.2862666,"loss":0.4326378156845843,"val_mse_loss":0.2023628966963532,"_timestamp":1.7421970385078573e+09,"val_cross_entropy_loss":0.39581373531082154,"val_loss":0.47495551025764915,"_step":10,"cross_entropy_loss":0.35293478709572484}