{"_step":4,"loss":2.227743817381773,"accuracy":0.21872222222222223,"_runtime":5.0690338,"val_loss":2.207885990951751,"_timestamp":1.741154002803652e+09,"_wandb":{"runtime":5},"val_accuracy":0.2806666666666667,"epoch":5}