{"val_loss":2.3006733801806054,"accuracy":0.10487037037037036,"_runtime":5.2575063,"_wandb":{"runtime":5},"_step":9,"epoch":10,"loss":2.300321844842357,"val_accuracy":0.1075,"_timestamp":1.7411527045959466e+09}