{"epoch":10,"mse_loss":0.14297920961020968,"confusion_matrix_table":{"_type":"table-file","sha256":"10644ffdcbde33bfa901933304132df809c8e4da7280c4ca7634b4fbb73c8e81","size":2931,"artifact_path":"wandb-client-artifact://x50xty8pfoj5jwqjo7picrm8jrczw4simjbq9tkwjh6o6bf7naf1pgewnrw09892fflo5o93lidfqbrkl9s1adrgawjptfdy9xfsc6uv8e9r2ob7r0dy18m7gfa30may/confusion_matrix_table.table.json","_latest_artifact_path":"wandb-client-artifact://2ldg6nathv492u12stdste5jvio6rlawnn39qwzuc73uvb9grjt2tk4ew0pboas2gs6eocawwgfgs1f2vla7cwtydvmc4ndpfv12qwfp3qhmgk8ub9afain2xek1erd7:latest/confusion_matrix_table.table.json","path":"media/table/confusion_matrix_table_10_10644ffdcbde33bfa901.table.json","ncols":3,"nrows":100},"val_accuracy":0.8775,"accuracy":0.9023148148148148,"val_loss":0.3776969308082438,"_step":10,"_runtime":66.971929,"_timestamp":1.7421067011070068e+09,"val_cross_entropy_loss":0.3776969308082438,"cross_entropy_loss":0.2761805213273195,"_wandb":{"runtime":66},"loss":0.2761805213273195,"val_mse_loss":0.18203793632029988}