{"_timestamp":1.741229355710284e+09,"val_loss":2.3027166588136785,"_step":4,"accuracy":0.09927777777777778,"epoch":5,"_wandb":{"runtime":15},"loss":2.3028329125748357,"_runtime":15.3976227,"val_accuracy":0.1}