{"_step":4,"loss":2.3064804731434365,"val_loss":2.3071203628977255,"_timestamp":1.74115206927697e+09,"_wandb":{"runtime":5},"val_accuracy":0.09416666666666666,"epoch":5,"accuracy":0.10064814814814815,"_runtime":5.0370097}