{"val_loss":2.302606281443864,"loss":2.3026745352868456,"_step":5,"_timestamp":1.741574940852772e+09,"val_accuracy":0.1,"epoch":5,"_runtime":14.3243446,"accuracy":0.09864814814814815,"_wandb":{"runtime":14},"confusion_matrix_table":{"path":"media/table/confusion_matrix_table_5_432d896da10cd3605541.table.json","ncols":3,"nrows":100,"_type":"table-file","sha256":"432d896da10cd3605541b4728cb3898790a4607163af19d112a706dfa0f46ee2","size":2912,"artifact_path":"wandb-client-artifact://0yw4um2s9uf1el9xwiickuhjwqthrmfu152nw4js2j3b74dbnrbin8ubvu4pt43pgwhg4eu8tfc5l4a0hv3iqbipp8r4e1bch5vrw5qrikxu33q9tjrmv5etz09hw7xi/confusion_matrix_table.table.json","_latest_artifact_path":"wandb-client-artifact://70g5no3ttohurhb6crwi71lq4uw6jlcoovvjk72wb73x62ejkc491kypqwnfm9fxh3oultdsulwotizt07w4zwi97ixkx0o08i0kjhi441okohtuzlan6g6k2xntcruk:latest/confusion_matrix_table.table.json"}}