{"_timestamp":1.7411491478133538e+09,"_runtime":5.2017052,"_step":9,"_wandb":{"runtime":5},"epoch":10}