{"_timestamp":1.7411539269994922e+09,"val_loss":2.7233649124510197,"_runtime":4.4494385,"loss":2.7268952145727625,"accuracy":0.09944444444444445,"epoch":5,"val_accuracy":0.105,"_step":4,"_wandb":{"runtime":4}}