{"confusion_matrix_table":{"size":2933,"artifact_path":"wandb-client-artifact://yo60gay413zd1nnl9284hqogysgi7v7he6g47mec9oupcz7j2q1up2e2zuoqrww15ua1ckh3wvhsjhdoc94hv3a139xf0d3ey0uvkuqzvqspohqfkhbl1j6f0qg7xkab/confusion_matrix_table.table.json","_latest_artifact_path":"wandb-client-artifact://hql8weuw8rnfuej9j0wssblv1xm5w218mh79au161ko1rof75njkiilvsrmfmh2q47zhsd3fp4rzgztoc7int851xpslpzh7omilzlsk2uslge30jrhc7pt8mse2yh8x:latest/confusion_matrix_table.table.json","path":"media/table/confusion_matrix_table_10_6e45afcc7aa9c16e7930.table.json","ncols":3,"nrows":100,"_type":"table-file","sha256":"6e45afcc7aa9c16e79303e3acc17a3f2c8f6426102dcb3e2fbf2d82f6199f100"},"val_cross_entropy_loss":0.41755020085891054,"_wandb":{"runtime":99},"epoch":10,"accuracy":0.8906111111111111,"mse_loss":0.16168772696426395,"_step":10,"_runtime":99.57046,"loss":0.324710607879195,"val_mse_loss":0.1999095045684329,"val_accuracy":0.8681,"_timestamp":1.7421111040456927e+09,"val_loss":0.41755020085891054,"cross_entropy_loss":0.324710607879195}