{"mse_loss":0.9000479336410705,"_step":10,"loss":2.306737290952121,"confusion_matrix_table":{"_latest_artifact_path":"wandb-client-artifact://s1tzcmxj9wne6e8rk9k64vz6qjh9fccnjijdvbnop844fx8e0n8b86seyv3335nffqqvrdd6pf7ffffluppvsf2osmc22n88ylfhtgif8mzyn2ho6fq6ju0fqqujiwkt:latest/confusion_matrix_table.table.json","path":"media/table/confusion_matrix_table_10_7ca0a220d1ef94de9a38.table.json","ncols":3,"nrows":100,"_type":"table-file","sha256":"7ca0a220d1ef94de9a38298ee0d5208b0e8b5f68373ff228441b990b59e6e170","size":2912,"artifact_path":"wandb-client-artifact://1q6m30koaogw0mbo22pi7wtxu5ae2z764weu1v85amjxbc0zdd8za2e0veul9saok2x7w0xlqrdd5vji4ti7v9d2aaec4w0qy9xyzhnrbad2jlo5ccxi639dwaqa3jq6/confusion_matrix_table.table.json"},"epoch":10,"val_cross_entropy_loss":2.302719387031976,"cross_entropy_loss":2.3028247798481267,"_runtime":25.7798944,"val_loss":2.306631898135976,"_wandb":{"runtime":25},"accuracy":0.09951851851851852,"val_mse_loss":0.9000269245537973,"val_accuracy":0.1,"_timestamp":1.7415845066288936e+09}