{"accuracy":0.2949074074074074,"val_loss":1.8814545935846372e+09,"_runtime":13.6536052,"val_accuracy":0.2776,"_timestamp":1.7412505374775348e+09,"_wandb":{"runtime":13},"_step":9,"epoch":10,"loss":1.1727835468550391e+09}