{"_timestamp":1.7415336098703477e+09,"loss":0.38919462405670135,"val_loss":0.43682956303442916,"_runtime":39.9004429,"_wandb":{"runtime":39},"val_accuracy":0.8488,"accuracy":0.8630555555555556,"_step":4,"epoch":5}