{"_wandb":{"runtime":5},"_step":4,"epoch":5,"accuracy":0.0999074074074074,"val_loss":2.366996338875152,"_runtime":5.3347539,"loss":2.365999964499931,"val_accuracy":0.10083333333333333,"_timestamp":1.7411542334775457e+09}