{"_runtime":19.8133059,"val_mse_loss":0.21228493176749016,"val_accuracy":0.8509,"cross_entropy_loss":0.38603579747767913,"epoch":5,"_timestamp":1.742189764480569e+09,"val_cross_entropy_loss":0.41795998567435283,"accuracy":0.8639629629629629,"confusion_matrix_table":{"_type":"table-file","sha256":"261571a509509117201ea460ac59fa6456c9c8d917301b57ef32eb8ccab4adc8","size":2935,"artifact_path":"wandb-client-artifact://38phuuwe5jfswvqd5n52pfhj0vhzwozu9fwey6etu6z6anzb9ez2w7gawxmr6xfci4vjen00lcl4bux8h5tm1fmyxqfurdlobvs50blt73ibz9ku3mnrv3arkusrg7m0/confusion_matrix_table.table.json","_latest_artifact_path":"wandb-client-artifact://6o44k3p7anbqntr322mezz2r1c60be4sypzux007hcx44j6zodaiyrrmpdwjxa89gg48qizgchi588qlbvwdu3ylfoicus7aw9ixdd388xq99zj7no03ag61yjtwcogt:latest/confusion_matrix_table.table.json","path":"media/table/confusion_matrix_table_5_261571a509509117201e.table.json","ncols":3,"nrows":100},"loss":0.38603579747767913,"_wandb":{"runtime":19},"mse_loss":0.19609685365037455,"_step":5,"val_loss":0.41795998567435283}