{"val_mse_loss":0.2327118071478224,"_wandb":{"runtime":11},"_step":5,"mse_loss":0.19867325363966065,"_timestamp":1.7421095932111454e+09,"epoch":5,"confusion_matrix_table":{"artifact_path":"wandb-client-artifact://w84agbevtync6hgeylzrnkb12j4ebdzi2hz68yvciqmccox6jvzy3wrzcqpiebovb8kgdcdmywbydmki6bj02z616xfz4gw1dk28rrxp2uwm89uhvp13h55h2xce0sic/confusion_matrix_table.table.json","_latest_artifact_path":"wandb-client-artifact://t3wwbi8d6oyj82n95blpbzs37idl6h18yr7ofq2r5phdch28dzayha91us6grmycaewhichacjkv95e7z6e2zs6b7kzsui1mroo6i1a6oust2k2jxcoibbxq0u5t6yum:latest/confusion_matrix_table.table.json","path":"media/table/confusion_matrix_table_5_91909274d112f7935b17.table.json","ncols":3,"nrows":100,"_type":"table-file","sha256":"91909274d112f7935b17d3af42392c27d5498b0e9f9d7f4b3b4f4ab987747b89","size":2934},"cross_entropy_loss":0.41025751256351095,"val_cross_entropy_loss":0.49003361076256496,"accuracy":0.8645,"val_accuracy":0.8442,"_runtime":11.2958971,"val_loss":0.49003361076256496,"loss":0.41025751256351095}