{"epoch":10,"val_accuracy":0.8397,"_runtime":20.4956236,"accuracy":0.8654259259259259,"loss":0.4261763602629211,"_wandb":{"runtime":20},"_step":10,"cross_entropy_loss":0.4261763602629211,"val_mse_loss":0.2300301797877584,"_timestamp":1.7421925767243829e+09,"confusion_matrix_table":{"artifact_path":"wandb-client-artifact://w330s1m2pns17q1sx6shn5c0yhizysfohi913awh6ajuvzqlj83dwni0pcm2p7cz8bygilztpa7w6qx8tku6v329m435yb96mzqq6eu8drnh93alwg47qn9qpycg3ymy/confusion_matrix_table.table.json","_latest_artifact_path":"wandb-client-artifact://bsmn7bjxyl9ki2ydthm93g7to95v3q2eky5ghqplnzxsy3kzn0yg22qrehxqegd1g99dk80how32d38q6ekk8if17n0shxdzjzpo24ne0mvsn8gwb97h4okc5m0m2ibh:latest/confusion_matrix_table.table.json","path":"media/table/confusion_matrix_table_10_d2e825cc8364951a9e32.table.json","ncols":3,"nrows":100,"_type":"table-file","sha256":"d2e825cc8364951a9e3259b114d25af227e29958dcdddab6a9a3c46ef01e07a9","size":2934},"mse_loss":0.19494782425092058,"val_loss":0.5594873948097527,"val_cross_entropy_loss":0.5594873948097527}