{"mse_loss":0.18101013287987092,"_runtime":25.0923072,"val_mse_loss":0.2194212168428387,"loss":0.43628462305195714,"_timestamp":1.7415896892177122e+09,"confusion_matrix_table":{"path":"media/table/confusion_matrix_table_5_a5373a716d308b679075.table.json","ncols":3,"nrows":100,"_type":"table-file","sha256":"a5373a716d308b679075ea53003f7fecb7f0333f46c0d2d080b2775feed0bcdc","size":2932,"artifact_path":"wandb-client-artifact://rg5srdfs0hmqzudrz871m1i3uom5r9i63h73qs0xwxugw24plaatmc6ur7gyn650jl2iw7cuc7li3bjoabmze13zvyk5rjj3eerod8fppouqda2rlcdy1uastbru5fj2/confusion_matrix_table.table.json","_latest_artifact_path":"wandb-client-artifact://1r8lysfzz55xjvm0z8vdxe4ho4nueu8molzffs5dzy569tur0ur6ylxazcu96hmgcc2hck9c34r82yh42f63db8v6jea2gqsmum0e6r0hrs3pt1bixldxefyri45q2db:latest/confusion_matrix_table.table.json"},"val_accuracy":0.8457,"val_loss":0.5160651531619778,"val_cross_entropy_loss":0.42819126553624265,"cross_entropy_loss":0.34714528082027735,"_wandb":{"runtime":25},"epoch":5,"accuracy":0.8735925925925926,"_step":5}