{"_wandb":{"runtime":4},"_step":4,"accuracy":0.12161111111111111,"epoch":5,"val_accuracy":0.12283333333333334,"loss":2.29117847665936,"_runtime":4.0915663,"val_loss":2.2871182794207114,"_timestamp":1.7411572530643125e+09}