{"_step":9,"_timestamp":1.7411578393434029e+09,"_wandb":{"runtime":7},"val_accuracy":0.26566666666666666,"val_loss":2.258549115364156,"_runtime":7.6702511,"epoch":10,"accuracy":0.2556111111111111,"loss":2.263245095155804}