{"val_loss":2.1581389732227434,"accuracy":0.23016666666666666,"_timestamp":1.7411530420233557e+09,"epoch":5,"val_accuracy":0.26566666666666666,"loss":2.193333984975632,"_step":4,"_wandb":{"runtime":3},"_runtime":3.5855059000000002}