{"loss":0.4156392379025381,"val_mse_loss":0.2078614502924745,"_wandb":{"runtime":6},"val_loss":0.46397445108386404,"_runtime":6.8510143,"confusion_matrix_table":{"_latest_artifact_path":"wandb-client-artifact://awhdmmk8dixgfzre72umq5lcrtqxeecevefal7rbxa8ewier7rlj3dgnztv06wplke1zvy7s0r0m3ar9mug3w0hvbb5h5ibnnr2168fmzxigm94znvl99v5ocsh71pf6:latest/confusion_matrix_table.table.json","path":"media/table/confusion_matrix_table_5_ac21259ee1de94728305.table.json","ncols":3,"nrows":100,"_type":"table-file","sha256":"ac21259ee1de947283050c40bc2de5208babd6d4cc626642d5a4abfb1c5f9c5c","size":2931,"artifact_path":"wandb-client-artifact://vih8hiewav49ps72nl56g9e4c34sjziaddaay1h0e68s0dpoyjdbd8i8fcdrgp6tcho71qyivbhpb4snxb3yhbx10hmgbvku3x4f28ehwnt9f13h493gg8z9ts9x9luq/confusion_matrix_table.table.json"},"val_cross_entropy_loss":0.4086048761416923,"epoch":5,"mse_loss":0.18518791995527187,"_step":5,"accuracy":0.8702222222222222,"_timestamp":1.7421118488862565e+09,"cross_entropy_loss":0.36081464573564226,"val_accuracy":0.8523}