{"epoch":5,"_step":4,"accuracy":0.2965740740740741,"_wandb":{"runtime":3},"loss":2.2331378624816263,"_timestamp":1.7411567812584085e+09,"val_accuracy":0.2638333333333333,"val_loss":2.2238499809374566,"_runtime":3.9415332}