{"_wandb":{"runtime":6},"epoch":5,"_runtime":6.7951782,"_step":4,"loss":2.3040395171469195,"val_loss":2.303176693548765,"val_accuracy":0.1,"_timestamp":1.7412549631827812e+09,"accuracy":0.0997962962962963}