{"epoch":10,"val_loss":0.424864650724694,"confusion_matrix_table":{"path":"media/table/confusion_matrix_table_10_5fdc10ea81b5b09d7902.table.json","ncols":3,"nrows":100,"_type":"table-file","sha256":"5fdc10ea81b5b09d7902f26ca6d92c704c6ede5d2c5ea2a994f94ab043fdce5c","size":2932,"artifact_path":"wandb-client-artifact://85xvklce7mnst4qjwx28ovq7h5iqq6s0jo2xvyeat4xf05he9ykdod1b5pa09xofxnbmsqrav6tk89dvtm2wnon5nbshe7geh58oxudbnqpqtsl0xmk7x39lz0rmd911/confusion_matrix_table.table.json","_latest_artifact_path":"wandb-client-artifact://53tfzvfdjd04xncaaomubdjetw4ibh39om6ni8e5h5lfuf8lw70eufbtsrli847poxobl1eqwhnbm4k6n6360vsgmo0him7ywj1xpayrfjyp0ixj1gs1dzy11o05wxc2:latest/confusion_matrix_table.table.json"},"_timestamp":1.7421070473204024e+09,"_runtime":13.9668245,"mse_loss":0.1937368729723831,"val_mse_loss":0.21379662482831605,"val_cross_entropy_loss":0.424864650724694,"cross_entropy_loss":0.3856481131226561,"accuracy":0.865,"loss":0.3856481131226561,"_wandb":{"runtime":13},"_step":10,"val_accuracy":0.8521}