{"_runtime":69.8976656,"accuracy":0.8986851851851851,"confusion_matrix_table":{"_type":"table-file","sha256":"1fb3916cbb60baf18f2d8aa467df3e412135f59c9583df40ede7af633a9ce2a3","size":2928,"artifact_path":"wandb-client-artifact://94pz62t7qc815h1xwuk7bjye9gko91lloazm08rwhspooxrxaq2amxmewywyowaji4k4satogvm9mh2aue4luypvrw1mt86itcvz4bagjh99v6kagz74nz43rdt10aln/confusion_matrix_table.table.json","_latest_artifact_path":"wandb-client-artifact://3csfva32ug08rzl0ksselawzu8sw3rd5stlh7vbyqueccx49ja7i7unodaeu0jca2xzbr85ce3tmfhgq3foek9e38abw74vd1cs2uosltc7uibg5u5nyfsfzx3rzc3cc:latest/confusion_matrix_table.table.json","path":"media/table/confusion_matrix_table_10_1fb3916cbb60baf18f2d.table.json","ncols":3,"nrows":100},"_step":10,"mse_loss":0.1485989449347187,"epoch":10,"loss":0.2884967963995662,"cross_entropy_loss":0.2884967963995662,"val_mse_loss":0.18483900809317455,"_wandb":{"runtime":69},"val_accuracy":0.8765,"val_loss":0.38060817018863236,"_timestamp":1.7421941666122043e+09,"val_cross_entropy_loss":0.38060817018863236}