{"_step":5,"_runtime":6.5442148,"accuracy":0.8740925925925926,"loss":0.3587407812712466,"val_cross_entropy_loss":0.44177343635432736,"cross_entropy_loss":0.3587407812712466,"_wandb":{"runtime":6},"confusion_matrix_table":{"size":2934,"artifact_path":"wandb-client-artifact://pn4u4hhvpa2mhnttofije7mqbikh7et83t4bwoh4nmb07z2vxcpih0fblrtvjfd5o45duqvu8pk5nyvcr67tq8vtqblxnhajpxactfxy5sfpmzfj22qxgrbzoyh7w1l8/confusion_matrix_table.table.json","_latest_artifact_path":"wandb-client-artifact://vut5py7gf46382nk5zsrszrzouw4verz65409f2v0gvfkt1gmdu8d3s60tbnjx75u1s2rgy9s2kfszjbbjve9ss6t2wxuizk8x5gmzz6tgrb0ywq8cx80c453ph7k56c:latest/confusion_matrix_table.table.json","path":"media/table/confusion_matrix_table_5_78762dd2c3bd436898b5.table.json","ncols":3,"nrows":100,"_type":"table-file","sha256":"78762dd2c3bd436898b5bf4583713249022baa88985381e87e4bc52457fbb2f4"},"val_loss":0.44177343635432736,"_timestamp":1.742108645159289e+09,"epoch":5,"val_accuracy":0.8489,"mse_loss":0.18187009195886425,"val_mse_loss":0.2225575109666327}