{"val_loss":2.3012466385830317,"val_accuracy":0.10033333333333333,"_step":9,"loss":2.302101040218222,"accuracy":0.09996296296296296,"_timestamp":1.7411555478597167e+09,"_runtime":8.595877,"_wandb":{"runtime":8},"epoch":10}