{"accuracy":0.7206111111111111,"_runtime":192.1567206,"epoch":10,"_wandb":{"runtime":192},"val_accuracy":0.7133,"_step":9,"val_loss":0.7755685078743331,"_timestamp":1.7412313241724052e+09,"loss":0.7651893524626071}