{"_step":10,"val_mse_loss":0.1991283384815443,"val_loss":0.39492296638173363,"confusion_matrix_table":{"path":"media/table/confusion_matrix_table_10_f200c6f02fdcd91bfc41.table.json","ncols":3,"nrows":100,"_type":"table-file","sha256":"f200c6f02fdcd91bfc4163289faffcdfa8d01f626cd514afc39b724cd3dd8ec2","size":2931,"artifact_path":"wandb-client-artifact://whkrani48znlt0qjqwjly8o6x94fw4xkhrii0rlst8s31zijol5yu9gy1lhjpg6u2y7145s0wjcyg7sazhxr1d6nnw2k0bvcrlfy5b07m4au8toq9fzaia7e6tu47m7m/confusion_matrix_table.table.json","_latest_artifact_path":"wandb-client-artifact://d6ekkvr0g9sbpj3p3sknqncoisetrcjtzg2902w0wnggc445n1d6lpqgrq6s4xxubikr9wq1tty9kcivfj8z4dt2d1pwzamyg869iuabjpo2hqrlhn195zzkimislzay:latest/confusion_matrix_table.table.json"},"_wandb":{"runtime":105},"accuracy":0.8841296296296296,"mse_loss":0.16933502087887822,"cross_entropy_loss":0.33335782325591884,"val_cross_entropy_loss":0.39492296638173363,"epoch":10,"val_accuracy":0.8604,"_runtime":105.1682579,"loss":0.33335782325591884,"_timestamp":1.7421092102289457e+09}