{"val_accuracy":0.852,"_wandb":{"runtime":38},"_runtime":38.6395239,"loss":0.47313008647092136,"_timestamp":1.7415889319016092e+09,"epoch":5,"accuracy":0.8630925925925926,"_step":5,"val_mse_loss":0.21176532780703275,"mse_loss":0.19498451735769973,"confusion_matrix_table":{"ncols":3,"nrows":100,"_type":"table-file","sha256":"27bec428c0ef9713577aa99778979b4da4036bc8fd5b05130d8d856dd9b480a6","size":2931,"artifact_path":"wandb-client-artifact://8ijc5cpc873xwmxx87dwea0kuv4lhihfjoul17e3df7v0skjz0rlt3ijkqd0qrvhn2zqsvnbaarnq94vmlc85d1vw0l2nxudh3glhpqocnlmwj6piv3q795f8inrbhzq/confusion_matrix_table.table.json","_latest_artifact_path":"wandb-client-artifact://rgbw76gomeye1lijt7emhy8st5t6it5xdlp28ac7qvwalyyqyfq7tw94upz51knnn61cu9unirrqwj6ie1yutye8fn4t2g8gmo9wa8dmuw4vq77k6eqz8m23yhvbqi4q:latest/confusion_matrix_table.table.json","path":"media/table/confusion_matrix_table_5_27bec428c0ef9713577a.table.json"},"val_loss":0.5085308618935548,"val_cross_entropy_loss":0.4156560101828547,"cross_entropy_loss":0.3786538664011511}