{"_step":9,"loss":2.3081017704787725,"val_loss":2.307883188796148,"_timestamp":1.741155669371858e+09,"_runtime":8.4306635,"val_accuracy":0.09416666666666666,"_wandb":{"runtime":8},"accuracy":0.10064814814814815,"epoch":10}