{"_wandb":{"runtime":18},"accuracy":0.09835185185185186,"val_loss":2.3026775730404,"_runtime":18.8388958,"epoch":10,"_timestamp":1.7412515786884782e+09,"val_accuracy":0.1,"_step":9,"loss":2.302920109740106}