{"val_cross_entropy_loss":0.4947179979931057,"cross_entropy_loss":0.3531683713600468,"loss":0.454121085344278,"val_mse_loss":0.2575572179124184,"val_loss":0.5930983343309497,"accuracy":0.8713148148148148,"confusion_matrix_table":{"_type":"table-file","sha256":"b5d7eb237e5fff267d650cd3faa8faad05fc30338d821397032be56ce8ef06a1","size":2932,"artifact_path":"wandb-client-artifact://xzp6c91v8f9oenaa9mr8c4kqaebksetj7l64503bzqmonbyltf814vvwrhedhwepinimognhlcvreams0dr644lcq32xhrt97pyduljgist5vfqe4vz8k2ozppndkfbf/confusion_matrix_table.table.json","_latest_artifact_path":"wandb-client-artifact://s4ntpqai1hds7sjf3rf4p79gf6gjfj4jfzwy18ggu82eymd9gt200e4cvhk046ynpz8net6a0e1qxd7hjmhcq2trh07k5i00ay2ukvu4nn7mx0bn32gmaaz0wz8zuhhe:latest/confusion_matrix_table.table.json","path":"media/table/confusion_matrix_table_5_b5d7eb237e5fff267d65.table.json","ncols":3,"nrows":100},"_runtime":27.4108395,"epoch":5,"_timestamp":1.7415882303269858e+09,"mse_loss":0.18401499583307898,"_wandb":{"runtime":27},"val_accuracy":0.8168,"_step":5}