{"confusion_matrix_table":{"sha256":"b835d796c8866e40917cbb742f09c69cefae82710255c0c02cf1d049632466bc","size":2932,"artifact_path":"wandb-client-artifact://x8562ojf4vdv3m5wf5colk6iggzhvssizyqviim3tpgh2xufj5m97sf190jc1uuytskkpum9jp86fipzgltwjrgpe4d1zr8b8qmc6eigbwp7o46a34d3izoygs6msfuc/confusion_matrix_table.table.json","_latest_artifact_path":"wandb-client-artifact://e6v0ayqxp5kc7khy95nsues08wn2ki7bkndjyt3toejqsdr00roq4or10312uwesd8qmvrdexr52tvjty1zzmv4pavt4ezfrk23fn34lyx8knyi62fx4mdg4bh1049hi:latest/confusion_matrix_table.table.json","path":"media/table/confusion_matrix_table_10_b835d796c8866e40917c.table.json","ncols":3,"nrows":100,"_type":"table-file"},"epoch":10,"_runtime":15.0867276,"loss":0.44364158820413097,"accuracy":0.8598148148148148,"val_accuracy":0.8445,"_timestamp":1.7415772597935317e+09,"_wandb":{"runtime":15},"_step":10,"val_loss":0.476841628333746}