{"_step":4,"epoch":5,"accuracy":0.1990925925925926,"val_accuracy":0.2041,"_wandb":{"runtime":10},"val_loss":2.2998398116845578,"loss":2.300170327056743,"_timestamp":1.7415328512716446e+09,"_runtime":10.1691428}