{"val_accuracy":0.8515,"val_cross_entropy_loss":0.44024359609718683,"val_mse_loss":0.21732912382702238,"confusion_matrix_table":{"_latest_artifact_path":"wandb-client-artifact://wsmjkc4s0dsfjx4funiwdwtfqpmxxw8el0nm4sv3ec49pntvnrvzvycmukwumdxqqqzluqtro7pxf4b5i1cblenhgltttdsfj6nn745qbbnj2k8w8nd13llgm4ed60sf:latest/confusion_matrix_table.table.json","path":"media/table/confusion_matrix_table_10_243d1597fdf72d2f83b7.table.json","ncols":3,"nrows":100,"_type":"table-file","sha256":"243d1597fdf72d2f83b71f659e72e2c9c674bf4b425f9db71252ef8acd1d5253","size":2932,"artifact_path":"wandb-client-artifact://6z9ugdwfvft26580g1v72lomyvx5u9ozwhm9do0bm6lwmyas2oiuj8qaei744z6e310n9fltzfqv6eod2hgc26mjdoq0e53oelfzfhqh9q6tvd4sbrgb354cqlqgsbdn/confusion_matrix_table.table.json"},"mse_loss":0.1959394621448317,"_wandb":{"runtime":23},"_timestamp":1.7421089775845392e+09,"_step":10,"loss":0.49767304562980746,"cross_entropy_loss":0.38773370588794354,"_runtime":23.0834881,"accuracy":0.8641666666666666,"epoch":10,"val_loss":0.5541403421779236}