{"loss":12.230776098997781,"val_accuracy":0.2109,"accuracy":0.24333333333333335,"_wandb":{"runtime":13},"_timestamp":1.741357873584773e+09,"_runtime":13.1610503,"_step":9,"val_loss":11.415255880617396,"epoch":10}