{"accuracy":0.8443148148148149,"cross_entropy_loss":0.493978889410915,"_wandb":{"runtime":7},"val_mse_loss":0.2384572497990917,"_timestamp":1.742191707111459e+09,"val_loss":0.5259461883719311,"mse_loss":0.2232058576210823,"_step":5,"loss":0.493978889410915,"_runtime":7.9482274,"val_cross_entropy_loss":0.5259461883719311,"epoch":5,"val_accuracy":0.8361,"confusion_matrix_table":{"artifact_path":"wandb-client-artifact://o514gnz4vur2fczfxacbpkbe3y1jdz16kf8g2zd9gycm8ey40igmb62kkbmv0n3tk2ef5zlw1al1npp20dnug8n9d5bw03sn4kp46c8tp4ofyzaxr3z18er0uqshvclu/confusion_matrix_table.table.json","_latest_artifact_path":"wandb-client-artifact://vufyz10bh4qdw3ioy2bpg234wp2jcg07zvzycgbteuamxjsszoa1vy7ucjuy8m7gnkbdzs3bj9o6il7jqs7vxnpdmwwimrw48p3837f0ll8j1xcy65j1lmm4qu2mzrit:latest/confusion_matrix_table.table.json","path":"media/table/confusion_matrix_table_5_59ba9e215e6aea1fddee.table.json","ncols":3,"nrows":100,"_type":"table-file","sha256":"59ba9e215e6aea1fddee82158d645a6b679bc3ff256fa5144a533a3411503a5b","size":2934}}