{"epoch":10,"val_accuracy":0.3002,"_step":9,"accuracy":0.29324074074074075,"val_loss":2.2884616550600163,"loss":2.2903667921764037,"_wandb":{"runtime":11},"_runtime":11.741928,"_timestamp":1.741255764165314e+09}