{"val_accuracy":0.0925,"epoch":10,"_timestamp":1.741153057010795e+09,"val_loss":2.303479535751034,"_runtime":7.9713815,"loss":2.3029397437352475,"_wandb":{"runtime":7},"_step":9,"accuracy":0.10083333333333333}