{"confusion_matrix_table":{"path":"media/table/confusion_matrix_table_5_1f9ea4f7b5bac984b2e0.table.json","ncols":3,"nrows":100,"_type":"table-file","sha256":"1f9ea4f7b5bac984b2e0efd5a5dd41899bd4f648ba83f3fbcd1cb8f3de22ccc1","size":2932,"artifact_path":"wandb-client-artifact://1193s0zq8jnvgdj761rk5802bcb7cyzh94omp3gxzjlm4uuhnai7o1t956uu3w7asrzvvmx3ob3iny8ldkd9d6w3g71231cvo87mp2nnkmdq57jalck9stdhkhw2nk2g/confusion_matrix_table.table.json","_latest_artifact_path":"wandb-client-artifact://xq0swzwojm5f7wo59v6r51p1bgp89xahpxwsscx4qjgtyodacqvdokdxo3cs8fpaqw260saggu5c2kbolupa9a40muwum8erdll7iksj3vuqw2p6w1plo1kjp1l4n9u9:latest/confusion_matrix_table.table.json"},"epoch":5,"_step":5,"_runtime":20.1764347,"loss":0.44694300540899007,"val_cross_entropy_loss":0.44399453259315785,"val_loss":0.5068114115180047,"_timestamp":1.7415851400411997e+09,"val_accuracy":0.8433,"accuracy":0.8640740740740741,"mse_loss":0.19474676262371987,"_wandb":{"runtime":20},"cross_entropy_loss":0.38623058350596806,"val_mse_loss":0.22292018929448446}