{"val_cross_entropy_loss":0.34070483663185896,"cross_entropy_loss":0.2517922256067532,"epoch":10,"val_accuracy":0.8834,"_wandb":{"runtime":39},"_step":10,"val_loss":0.34070483663185896,"confusion_matrix_table":{"path":"media/table/confusion_matrix_table_10_e18fccda2aeead391853.table.json","ncols":3,"nrows":100,"_type":"table-file","sha256":"e18fccda2aeead391853d085d9438b1e589a94aebdf7037be55e077964d7b001","size":2929,"artifact_path":"wandb-client-artifact://50twi1s2uc5mzt9vclo042d9zjcapn3gxiffzsceydsjrdao3rp5h8d770elqphkvo3q8gbd23b5y0j3h6bsb662gm1rq57bd3w23mckbsp47e1prnqbnpd63ggohxrn/confusion_matrix_table.table.json","_latest_artifact_path":"wandb-client-artifact://71z2oxn7ok9cqw1fc5b5ba6nhr9k2s12xze65c3fxop6o4p4jsvullppjezqtyqwxk1sgvjy5chv4axzv11s75cp5c6jshlr6638rcubswqkzyyvm99x35s07nrgju52:latest/confusion_matrix_table.table.json"},"accuracy":0.9077592592592593,"_timestamp":1.7421094885614223e+09,"_runtime":39.5977466,"loss":0.2517922256067532,"val_mse_loss":0.17103139281365023,"mse_loss":0.1333578310996564}