{"val_loss":2.3031696001759525,"loss":2.303449095874393,"accuracy":0.10225925925925926,"epoch":5,"_wandb":{"runtime":3},"_timestamp":1.7411526604331133e+09,"val_accuracy":0.10183333333333333,"_runtime":3.8598654,"_step":4}