{"_step":4,"_wandb":{"runtime":9},"val_loss":2.3528672406393043,"val_accuracy":0.2026,"_timestamp":1.7412401890203989e+09,"epoch":5,"_runtime":9.3757092,"loss":2.3530725450777163,"accuracy":0.19694444444444445}