{"accuracy":0.11474074074074074,"_runtime":3.7515713,"_step":4,"val_accuracy":0.102,"_wandb":{"runtime":3},"_timestamp":1.7411558979553328e+09,"loss":2.3052072694105834,"epoch":5,"val_loss":2.305817851527461}