{"val_loss":0.39941103291304253,"loss":0.3358730421052949,"mse_loss":0.17228452074268907,"confusion_matrix_table":{"_type":"table-file","sha256":"d1797392eaa1b8d83389b5432f14fdc291fcbfb2c6aeda2dfea13b87eb26d41e","size":2933,"artifact_path":"wandb-client-artifact://205d6jz8e6u0kz7ula2plsyaxt5lemz1c03xsv65af3r7cg7ltjkfalohesytdqfnqp9599kkkhha5arclddedulq01eiwh32u4v6ingw3w7yxjkirb292nhy2q3xgkv/confusion_matrix_table.table.json","_latest_artifact_path":"wandb-client-artifact://se5e5gj3ifyillxne1aph9gl4fdukw176odory9gdaadbj3c94hlknjiwz6i4yx1pti5828wj67hfv9sc6itqjt1dhhkdkqg854jpo4ns8un9g6eh2wxpdwfkcpvd91a:latest/confusion_matrix_table.table.json","path":"media/table/confusion_matrix_table_10_d1797392eaa1b8d83389.table.json","ncols":3,"nrows":100},"accuracy":0.8794444444444445,"_timestamp":1.7421116091176536e+09,"val_mse_loss":0.20383375983069638,"epoch":10,"_wandb":{"runtime":49},"val_accuracy":0.8586,"_runtime":49.7608453,"_step":10,"cross_entropy_loss":0.3358730421052949,"val_cross_entropy_loss":0.39941103291304253}