{"val_loss":1.465755287629047,"val_accuracy":0.3358,"accuracy":0.3272777777777778,"loss":1.463651801009747,"_wandb":{"runtime":9},"_runtime":9.3990642,"_step":9,"_timestamp":1.741254463466671e+09,"epoch":10}