{"val_accuracy":0.4918,"val_loss":1.248630117404126,"epoch":10,"_timestamp":1.7412564676840312e+09,"_wandb":{"runtime":79},"_runtime":79.5601337,"accuracy":0.4796666666666667,"_step":9,"loss":1.2715838686593657}