{"epoch":10,"val_accuracy":0.8845,"cross_entropy_loss":0.2519904972415574,"confusion_matrix_table":{"nrows":100,"_type":"table-file","sha256":"cbf3e9e88b4ae3ed16a9c3b60153acc1aa6ab821f9138a9ac2b517e2dfc89e43","size":2929,"artifact_path":"wandb-client-artifact://wdtr9rzo0yikdo26hosbo31re1bh7zdo5xql76xhmmg3a45yhl2ldlddlqzd63be2gasubr009gefqn6g29nawvp2xv2gxxiz305p5vevifmzv21kqfvj1czescx16e7/confusion_matrix_table.table.json","_latest_artifact_path":"wandb-client-artifact://h65272uuj4bcpn5f680limcw2pxo8924b5aiwytctntx4gqgxg6cqsc9xw1og8lal4orb4t08l625bpps7e7l5szdu8y51b2wjwvmyliuve0j5b11btpsta40szttbwd:latest/confusion_matrix_table.table.json","path":"media/table/confusion_matrix_table_10_cbf3e9e88b4ae3ed16a9.table.json","ncols":3},"_runtime":49.0281734,"val_cross_entropy_loss":0.35213991466982786,"accuracy":0.908962962962963,"_wandb":{"runtime":49},"val_mse_loss":0.1736753627583988,"_timestamp":1.7415915584212496e+09,"_step":10,"val_loss":0.35213991466982786,"loss":0.2519904972415574,"mse_loss":0.13303157223746306}