{"epoch":10,"_runtime":61.5144843,"loss":0.2754538362613254,"cross_entropy_loss":0.2754538362613254,"_timestamp":1.7421969114753344e+09,"_step":10,"_wandb":{"runtime":61},"mse_loss":0.14306921981797238,"confusion_matrix_table":{"_latest_artifact_path":"wandb-client-artifact://fvf9bh9l9ox5s304s018jjh1uw9kz6rfjlw787bmg409g688q21fthxnl7qyig6bhc4b7jhqov2zuhc71hgc6thnkrpk1bg0f2fvwdb392gwez7alludfmah9r2nt6r2:latest/confusion_matrix_table.table.json","path":"media/table/confusion_matrix_table_10_88fba6578ef14cd245ff.table.json","ncols":3,"nrows":100,"_type":"table-file","sha256":"88fba6578ef14cd245ffdf723e8852ac75d0a59726be78922b96428983957314","size":2933,"artifact_path":"wandb-client-artifact://ejvj2rh7rbmxnglr6yr8egd8jzy1uvj81srh37bwd3wm2qbgyeny6252ryi89tl7gx59wgr54yubfsh6xpqc67kid8038oz9ljjm6hdw8k7lchn5xt2o6f95ul5uyuav/confusion_matrix_table.table.json"},"val_cross_entropy_loss":0.3601177859073355,"val_accuracy":0.8749,"val_mse_loss":0.18038793789242963,"val_loss":0.3601177859073355,"accuracy":0.9014074074074074}