{"_timestamp":1.7411544631335332e+09,"_step":9,"loss":2.301519064715634,"_wandb":{"runtime":5},"accuracy":0.11118518518518518,"val_accuracy":0.10616666666666667,"_runtime":5.2970179,"epoch":10,"val_loss":2.301374853886778}