{"_wandb":{"runtime":3},"epoch":5,"val_accuracy":0.12183333333333334,"_timestamp":1.7411578727200372e+09,"loss":2.30207951089479,"val_loss":2.3018997333446922,"_runtime":3.7237789,"_step":4,"accuracy":0.11462962962962962}