{"_timestamp":1.7412561880137718e+09,"val_accuracy":0.6966,"_step":9,"epoch":10,"loss":26.581789057036882,"_wandb":{"runtime":48},"_runtime":48.398611700000004,"val_loss":30.729706621967075,"accuracy":0.7157037037037037}