{"val_mse_loss":0.20946469562375228,"loss":0.38523584395934846,"_timestamp":1.74210585236734e+09,"val_cross_entropy_loss":0.44075013593289347,"_runtime":20.8265785,"val_accuracy":0.8574,"cross_entropy_loss":0.38523584395934846,"_wandb":{"runtime":20},"epoch":10,"mse_loss":0.18558494410249696,"accuracy":0.8732407407407408,"_step":10,"confusion_matrix_table":{"_latest_artifact_path":"wandb-client-artifact://hpn0c9ok2thht7lys5hkycwulwyslneigr292gw7utlt7xk6xo4srd4d1ugghhozs9p9qhigcv592qbgun34ymfoqx2m6kcy42amtvw3mdaphcwlyox079s6zc3p76o8:latest/confusion_matrix_table.table.json","path":"media/table/confusion_matrix_table_10_940cb222fc33a5885805.table.json","ncols":3,"nrows":100,"_type":"table-file","sha256":"940cb222fc33a5885805fb5733fa27cec9b30190de35408e0202dc07a738d6c8","size":2932,"artifact_path":"wandb-client-artifact://xxlimwwozz9xoqifynxquqg9w39o2ez1csv1prbx7siyrengscmnejj31t1lnb7d5dvv693ldum9g01ikrbwd5gaacbvjk3aoya5ipoh8a84eax9x4wkwame1i8lu7di/confusion_matrix_table.table.json"},"val_loss":0.44075013593289347}