{"_runtime":3.4347085,"val_accuracy":0.10066666666666667,"val_loss":2.302763407482549,"epoch":5,"_step":4,"accuracy":0.09981481481481481,"_wandb":{"runtime":3},"_timestamp":1.7411570063069806e+09,"loss":2.302745192693535}