{"epoch":10,"_timestamp":1.7411491747954786e+09,"_runtime":5.4033329,"_step":9,"_wandb":{"runtime":5}}