{"_runtime":16.5496196,"val_loss":0.5659379502874943,"val_mse_loss":0.22566571674863795,"accuracy":0.8586111111111111,"_timestamp":1.7415840694031556e+09,"epoch":5,"_step":5,"mse_loss":0.20427184522411945,"cross_entropy_loss":0.46130500462717516,"loss":0.46130500462717516,"confusion_matrix_table":{"artifact_path":"wandb-client-artifact://j2klbsosdwa21unjlititek1kfk9z3i4f7a6byd7cewj4i2m9yhmkx8o5p1t9b2izib1e95hfnej1a05ertwf3uavqpxtz1ank8w8k24wihjl74qa5unlu910a78jpv2/confusion_matrix_table.table.json","_latest_artifact_path":"wandb-client-artifact://yjgwntgayelb277j0ore2elbqgx4vrjfcko6h7nycfr9bt7j3n1xsdkeen41o62wrism2s1z2723h2cb0gpnryi41695ww2jwn733s8hnqbk3jkembjts4486snf7ma5:latest/confusion_matrix_table.table.json","path":"media/table/confusion_matrix_table_5_aa96067e0af7895d3133.table.json","ncols":3,"nrows":100,"_type":"table-file","sha256":"aa96067e0af7895d3133173dbea5e497644f203342c8b93e37ee19e3cc4203bb","size":2932},"val_accuracy":0.8508,"_wandb":{"runtime":16},"val_cross_entropy_loss":0.5659379502874943}