{"accuracy":0.8647222222222222,"val_accuracy":0.8522,"val_loss":0.4266024393640215,"_wandb":{"runtime":11},"cross_entropy_loss":0.38039186978962736,"confusion_matrix_table":{"nrows":100,"_type":"table-file","sha256":"14a01aa188ab0640a3b490deb633a75649772ed3eaf58953de294071972941fd","size":2937,"artifact_path":"wandb-client-artifact://y7hrke42f7xoftsjxtdnpv6puef77svqmuddfdimwtk1ik2x6o47kvb56glj596egh26ex0208x1qgoyaj7nq1kbyq5loe2phs1simw3mxyh1k5fpr9i1f02jqmf64do/confusion_matrix_table.table.json","_latest_artifact_path":"wandb-client-artifact://r06u4q71cs5mfcgcn5tr3knixriopi86cqwz1gjc0mj4urecoozwywhinou1caokahjsk0q91yagmgu56lrsffjuk6zjc44qu57269ahhrnt4gjtnt43ozafbwc0kt1u:latest/confusion_matrix_table.table.json","path":"media/table/confusion_matrix_table_10_14a01aa188ab0640a3b4.table.json","ncols":3},"_timestamp":1.7421087953774168e+09,"val_cross_entropy_loss":0.4266024393640215,"_step":10,"val_mse_loss":0.21287157581953897,"loss":0.38039186978962736,"mse_loss":0.1918527866510798,"_runtime":11.299073,"epoch":10}