{"val_loss":0.4511190818788513,"_runtime":20.992949,"_step":10,"_wandb":{"runtime":21},"val_mse_loss":0.21418945267666195,"mse_loss":0.17979630066784585,"_timestamp":1.742106446356838e+09,"cross_entropy_loss":0.36559262482511506,"accuracy":0.8766481481481482,"loss":0.36559262482511506,"confusion_matrix_table":{"nrows":100,"_type":"table-file","sha256":"4f1f8ee3e19a075f0e71650d90f10c7c9708eb2a213442dce05c2db96c315edb","size":2936,"artifact_path":"wandb-client-artifact://2usbkdm9bxh09lmmp3bkwt8c8w6if5w4pbuz0zqdgvbw5mdplgx8fft891q3dm0v1t1e321soy6twmlt42952vxoaa9zw56ogw4wvjhzw537nkc6qzdk6d18ii42bx09/confusion_matrix_table.table.json","_latest_artifact_path":"wandb-client-artifact://znwdc0n787t1svlsk8yzzr0ygfpl713j3v13huqpo038d09zijt92ca2ebbnmgjeeht8xy6ihi610xeas12stdco3htafr2ik6p94ka1uymyp215wv1jgo1c4o0avekt:latest/confusion_matrix_table.table.json","path":"media/table/confusion_matrix_table_10_4f1f8ee3e19a075f0e71.table.json","ncols":3},"val_accuracy":0.8543,"val_cross_entropy_loss":0.4511190818788513,"epoch":10}