{"_wandb":{"runtime":3},"loss":2.2456939344943008,"val_loss":2.2192063290938724,"accuracy":0.12998148148148148,"val_accuracy":0.161,"_step":4,"_timestamp":1.7411549485692756e+09,"_runtime":3.5777799,"epoch":5}