{"confusion_matrix_table":{"path":"media/table/confusion_matrix_table_10_cd4bbccd8861625d00cf.table.json","ncols":3,"nrows":100,"_type":"table-file","sha256":"cd4bbccd8861625d00cf12bfb8ffe3b961bf071be7bcc56793912f6b6d9fffc1","size":2932,"artifact_path":"wandb-client-artifact://29ywtm1mk31ky6quwnyzwgv812rg5nivoeb6i5gi3hchl1gzq9f5afpyofj8vhtdz0s21me4v1rwtlek1xvb4p9td6iozow7vy4zrav5j9cgbupn2ozhkwswhb86mi0i/confusion_matrix_table.table.json","_latest_artifact_path":"wandb-client-artifact://350z798vytavxpnzncz8locwqpicaart941c3uaz8e5hxxlw6jxbuj042gdjuy4s3qu60pazdts0t06c6w1kmtpgr3f585wcoedbpne4ms7lhh5i3rns7pj2yu8v40k2:latest/confusion_matrix_table.table.json"},"loss":0.29315771759400766,"_wandb":{"runtime":28},"val_loss":0.3817820970202628,"mse_loss":0.15136312219731665,"_timestamp":1.742110578581805e+09,"val_cross_entropy_loss":0.3817820970202628,"_step":10,"_runtime":28.9251652,"cross_entropy_loss":0.29315771759400766,"epoch":10,"val_accuracy":0.8694,"accuracy":0.8962777777777777,"val_mse_loss":0.19012871924193586}