{"loss":2.3027802705324047,"accuracy":0.10088888888888889,"val_loss":2.3024879114592722,"_runtime":14.4848825,"val_accuracy":0.1,"_step":9,"_wandb":{"runtime":14},"_timestamp":1.7413448554119017e+09,"epoch":10}