{"val_accuracy":0.105,"_timestamp":1.7411517392718124e+09,"loss":2.302511489215211,"_wandb":{"runtime":5},"_runtime":5.1129982,"accuracy":0.09951851851851852,"_step":4,"epoch":5,"val_loss":2.300018631980517}