{"cross_entropy_loss":0.3245567359854132,"_timestamp":1.7421962460740354e+09,"accuracy":0.8808333333333334,"confusion_matrix_table":{"sha256":"cbcb6eca64c047b1b1c4e3e4e84f431e477f2c4ea76efaef5fd1b3595ff50ece","size":2932,"artifact_path":"wandb-client-artifact://imqbsq5vnyinzvlvmvh6vpwg108m4uuu7wi2suhph5yhvmushur13bs0milejpbicddjq4u2duz2fz72lwzpl8vp0dx4g8txss0k5dv3vxdguyo92nq6mxxpkg499nf9/confusion_matrix_table.table.json","_latest_artifact_path":"wandb-client-artifact://8wx33tlxb8n5guaxxz2vurvhhl6mssc70xmncxfoi7781ammf72ez82r972ybj9ofk87edevtc9f3zrld2zflw377hhxs0yn1s7t0wdl4kihavq2g6uq77m0u52k3uvx:latest/confusion_matrix_table.table.json","path":"media/table/confusion_matrix_table_10_cbcb6eca64c047b1b1c4.table.json","ncols":3,"nrows":100,"_type":"table-file"},"_wandb":{"runtime":45},"val_accuracy":0.8594,"mse_loss":0.16976193474421986,"val_mse_loss":0.20055023567016927,"_step":10,"val_cross_entropy_loss":0.38922246492122964,"epoch":10,"_runtime":45.7420055,"loss":0.41111078369889426,"val_loss":0.47505522134429456}