{"_runtime":39.0662397,"accuracy":0.880425925925926,"epoch":5,"val_cross_entropy_loss":0.38526250448664767,"val_loss":0.38526250448664767,"val_mse_loss":0.19577557862346082,"_step":5,"cross_entropy_loss":0.33601517954603344,"confusion_matrix_table":{"sha256":"5ffad7aec51f25facbd1d5c4b305aac02e0d5bf0bf0e52870ba7fc45d7931e94","size":2927,"artifact_path":"wandb-client-artifact://eyvqr813fbykz7qka80lot5mklvha9ezdda6eta7w5yzbccpk8u2p7smp0bqo6kmnico451ove5ii7mkbw6a24azic5bwnqitkyksa34j28ex6p0abqdr5l0l95ezxay/confusion_matrix_table.table.json","_latest_artifact_path":"wandb-client-artifact://1f5dvnbhs4iiugiujo5xxqd0tlah0xc2qh0912sx9u7kvzp3yyruwzi1trsiatzzxb37bkajtee6vymalftxdmnlt96l7wwwhwog7pcq71qfwgi3son254i6atvxlfza:latest/confusion_matrix_table.table.json","path":"media/table/confusion_matrix_table_5_5ffad7aec51f25facbd1.table.json","ncols":3,"nrows":100,"_type":"table-file"},"mse_loss":0.1729865591624422,"val_accuracy":0.863,"_wandb":{"runtime":39},"_timestamp":1.7415891040841613e+09,"loss":0.33601517954603344}