{"_step":9,"_wandb":{"runtime":13},"val_loss":0.3783685715503649,"epoch":10,"val_accuracy":0.8659,"_runtime":13.3977394,"loss":0.3250884866773125,"accuracy":0.8810185185185185,"_timestamp":1.7412492241941364e+09}