{"val_accuracy":0.1,"_step":9,"_wandb":{"runtime":9},"epoch":10,"val_loss":2.302602566997873,"loss":2.3039653306985044,"accuracy":0.10097436277415531,"_timestamp":1.7412412032737546e+09,"_runtime":9.6811146}