{"_timestamp":1.741580184821463e+09,"val_accuracy":0.1,"_wandb":{"runtime":17},"loss":2.3042878459370444,"accuracy":0.10083333333333333,"confusion_matrix_table":{"nrows":100,"_type":"table-file","sha256":"e057170823602e16cc6d65e01f04cd68537bdc19067d65140986d32eda76ff73","size":2912,"artifact_path":"wandb-client-artifact://xfc2wlolu19k6bdb71l7ce8feqya5g8mvna7xbkjbj7md4ev3ez0uwx5804qgch6jka1q2h3essjqwm1prs24vpqd8cmvxem5k9kh82ez6l5vdomg5mjr69nrdvsredv/confusion_matrix_table.table.json","_latest_artifact_path":"wandb-client-artifact://zcjql1gpi2m0116bhfd3xpfe17fwri6ls1aecdx6u07wit4d6of68cmaxnvjmc4hn1ttrs4bj5a7d42yne0d6xn8uns7piv68v719o4h7nxrs3ig5iplqewd1523toft:latest/confusion_matrix_table.table.json","path":"media/table/confusion_matrix_table_10_e057170823602e16cc6d.table.json","ncols":3},"_step":10,"_runtime":17.276309,"epoch":10,"val_loss":2.3035733165588512}