{"val_accuracy":0.0735,"_runtime":4.0946655,"epoch":5,"_timestamp":1.7411563786458445e+09,"loss":2.303399331081008,"_step":4,"accuracy":0.07585185185185185,"val_loss":2.3035663199826275,"_wandb":{"runtime":4}}