{"loss":2.3149396784914984,"epoch":5,"accuracy":0.18376828786081453,"_step":4,"val_accuracy":0.1794,"_runtime":6.9791625,"val_loss":2.290404560344848,"_timestamp":1.7412425070655587e+09,"_wandb":{"runtime":6}}