{"val_mse_loss":0.18689676834632138,"accuracy":0.881962962962963,"confusion_matrix_table":{"path":"media/table/confusion_matrix_table_10_2ef581f7e6c9b350b6a2.table.json","ncols":3,"nrows":100,"_type":"table-file","sha256":"2ef581f7e6c9b350b6a26cc5ae5db65e878a870d12fa63764a46a59573672598","size":2933,"artifact_path":"wandb-client-artifact://dbmwlqgydlwwe0ktxilndcldem4l9ho52kkyxw19qo9ynhfjsbzwx6bb1ulgmwc43tvrst8bt2e4pkzvw8p50zubwml3eptwlkxdwqrkmz664d8q8ayj7u7pb1ot0em2/confusion_matrix_table.table.json","_latest_artifact_path":"wandb-client-artifact://un4mc0bqka7j7cvrmcleqipmvvihkax9b4gox0m4x3xe625hw1jgfr0scf9sz1bzxfyjsbn0i71tuaynb9mbkm3hcu08w4x22repdqx92i7ebweeqy9g1gtkjesbsc43:latest/confusion_matrix_table.table.json"},"val_loss":0.45214232530494314,"mse_loss":0.16708391464252115,"epoch":10,"_runtime":20.6071972,"val_cross_entropy_loss":0.36824720890065976,"val_accuracy":0.8694,"loss":0.40326891588848346,"cross_entropy_loss":0.3188790024277925,"_timestamp":1.742197904639208e+09,"_wandb":{"runtime":20},"_step":10}