{"epoch":10,"loss":2.121426013619968,"_wandb":{"runtime":5},"_runtime":5.298402,"val_accuracy":0.29483333333333334,"accuracy":0.29168518518518516,"val_loss":2.098488376063249,"_timestamp":1.7411572649550662e+09,"_step":9}