{"_runtime":77.1614822,"val_loss":0.3598805930635079,"confusion_matrix_table":{"path":"media/table/confusion_matrix_table_10_8d22ca8a4f748c53881d.table.json","ncols":3,"nrows":100,"_type":"table-file","sha256":"8d22ca8a4f748c53881d90f6bed8a4522abb5373ab8aa27b04fec6bf5203d306","size":2931,"artifact_path":"wandb-client-artifact://7xf0tqrqpud8tdf9s3yyqc31msc4qh1f2baxxszijkl6ouraoyzmsrh8vwaeovkkxn5nlgykbx5451kfvyfdezuyh236l15x1jhesmllbv57ghxjhb1snq2m89pzcj1y/confusion_matrix_table.table.json","_latest_artifact_path":"wandb-client-artifact://mabce2ptkugnnlfvg2z2jeov6x27hzixj5tbn4w9gxtmygyf96k5q60zkpzz1dk25nsmbtrbqog8qx0n0q4x18zlv22xgpty4aa86jwfrm6wsampslrsst4r2b056lce:latest/confusion_matrix_table.table.json"},"epoch":10,"val_accuracy":0.8791,"_wandb":{"runtime":77},"val_cross_entropy_loss":0.3598805930635079,"accuracy":0.8964444444444445,"val_mse_loss":0.17802422795245174,"_timestamp":1.742104779875882e+09,"mse_loss":0.15106435987089134,"_step":10,"cross_entropy_loss":0.29459376997061043,"loss":0.29459376997061043}