{"_runtime":8.2374354,"mse_loss":0.29854464525174385,"confusion_matrix_table":{"size":2935,"artifact_path":"wandb-client-artifact://zmm0gp9u1p2folppurrt1jihmsw4f5iq8b7y61fzafxtydefanf3gnhkaf60gfw8252q7qfnzpdswrqj939vq853cvjduscxzkzy6hzxkkzf6n47ucfosbh54gvtye4a/confusion_matrix_table.table.json","_latest_artifact_path":"wandb-client-artifact://q4n4o3nd5uvospady4j79dmzw60eknjwg0vf9cqcs73mc5in62jndc4vu34hlvki8gf9edvw5p98duw9npevvfemn53ae9j196yxhvpbncpfzwksgnszui8uuedxmnyj:latest/confusion_matrix_table.table.json","path":"media/table/confusion_matrix_table_5_349baf1765fb794d9612.table.json","ncols":3,"nrows":100,"_type":"table-file","sha256":"349baf1765fb794d961230c98c63749256733c7d5d6b53f564043a3f3f7fda28"},"val_accuracy":0.7777,"_step":5,"epoch":5,"val_mse_loss":0.3010058418721538,"cross_entropy_loss":0.5894915738723199,"val_cross_entropy_loss":0.5933593278646487,"accuracy":0.7753148148148148,"_wandb":{"runtime":8},"loss":0.5894915738723199,"_timestamp":1.7421042231334305e+09,"val_loss":0.5933593278646487}