{"_step":10,"accuracy":0.8043888888888889,"epoch":10,"loss":0.6983668323076246,"_timestamp":1.7415762531774294e+09,"val_accuracy":0.7967,"_runtime":19.5353689,"val_loss":0.7406550309443065,"_wandb":{"runtime":19},"confusion_matrix_table":{"nrows":100,"_type":"table-file","sha256":"7a2e8f8a255a5fb0b8c84337c2f1afe2802ed76416ad0c4647c6d0a8f833f4d0","size":2936,"artifact_path":"wandb-client-artifact://h9t79mpilzl7c83vzhn780az5t8k13ieoi8gfmz7hmnmxz3t5mv79rjs1k12j8i0f6e97x9xezza5y295bev6xdoq6rz2scqdawqyo3bapggczg9u1ipggi18v9fw4jy/confusion_matrix_table.table.json","_latest_artifact_path":"wandb-client-artifact://qggjmbrxltgt3gajhgu0ozibikurmgl5ycw4o0ojmarr8mlysb7p1g3zcvf5k34o7zft8e32mx6grtunpvo4pvag0rxbuqdv3c1udrfj68vdeonzvdjfl793klhkbbkq:latest/confusion_matrix_table.table.json","path":"media/table/confusion_matrix_table_10_7a2e8f8a255a5fb0b8c8.table.json","ncols":3}}