{"accuracy":0.864037037037037,"val_loss":0.4267334244472554,"_step":5,"_wandb":{"runtime":17},"_timestamp":1.7421074386195674e+09,"val_accuracy":0.8522,"cross_entropy_loss":0.3879273561546557,"epoch":5,"loss":0.3879273561546557,"val_cross_entropy_loss":0.4267334244472554,"confusion_matrix_table":{"ncols":3,"nrows":100,"_type":"table-file","sha256":"13de3dfcaeb9a765cc919f3a31faa15de2b0af3781e1833028c02ecfc4b4cb3a","size":2932,"artifact_path":"wandb-client-artifact://u2ivbnvt5q1918j7uv0om03l30srcbxhrmlsg6rw645yzsbnyjzbtb8sd05aff8baxbpinilwh64x51vxijyccfpe9hqr4hkmbejngcq2x45xlw6swf84r6y9arclzbj/confusion_matrix_table.table.json","_latest_artifact_path":"wandb-client-artifact://bc20ilt12526k9iwjrhcgsn47gypgeq0kuqkc9bcifmbsaehapp8v7lbxiar0x3ules1pwym5cdhqa4s1kc3v9xyhfzbkfk6ju0i17t1ylo0gnupl8zh4vzdmv78fyzb:latest/confusion_matrix_table.table.json","path":"media/table/confusion_matrix_table_5_13de3dfcaeb9a765cc91.table.json"},"mse_loss":0.1955957929801123,"val_mse_loss":0.2128749936505109,"_runtime":17.0368947}