{"_runtime":11.4606048,"loss":NaN,"epoch":5,"val_accuracy":0.1,"_timestamp":1.7412457373323689e+09,"_wandb":{"runtime":11},"_step":4,"val_loss":NaN,"accuracy":0.09952949021932424}