{"_runtime":3.9282641,"epoch":5,"val_accuracy":0.09733333333333333,"_timestamp":1.741157284890016e+09,"_step":4,"val_loss":2.3142187617569294,"loss":2.3139874143392323,"_wandb":{"runtime":3},"accuracy":0.1002962962962963}