{"epoch":10,"loss":0.275532712623881,"_timestamp":1.742198246614309e+09,"val_cross_entropy_loss":0.3728919674357053,"mse_loss":0.14519933797210802,"_step":10,"_wandb":{"runtime":20},"val_accuracy":0.8698,"accuracy":0.8987592592592593,"val_loss":0.3728919674357053,"confusion_matrix_table":{"nrows":100,"_type":"table-file","sha256":"be0be12e6741b5d6c7fd3f79aac0307fc48a39055917517d69a1920105f2c3d7","size":2931,"artifact_path":"wandb-client-artifact://simznsue4hth1d6tcf8d0sjxl0sd815ra30h6bthjpm8hksotkvnaw76q5mngdobdgrmx7trq4fmdz9d2rwrkpntpkae6sk3m17q09ye69dcvrjp9stbkonoyjbxtpfx/confusion_matrix_table.table.json","_latest_artifact_path":"wandb-client-artifact://lsxa4d4wypqniwga7zecmpkoffx1cagqtcz141gbgkefruf7zguelmci0lyyff4lr2iszhp1loqq3j3afgt0sb9ot9c2fp6k75e5608i3r9w1pqop9tyoruhioahelt9:latest/confusion_matrix_table.table.json","path":"media/table/confusion_matrix_table_10_be0be12e6741b5d6c7fd.table.json","ncols":3},"cross_entropy_loss":0.275532712623881,"val_mse_loss":0.18572392664647264,"_runtime":20.7606577}