{"val_accuracy":0.1,"val_loss":2.302814510916897,"_timestamp":1.741251384704778e+09,"_step":4,"epoch":5,"accuracy":0.09857407407407408,"_wandb":{"runtime":5},"_runtime":5.228879,"loss":2.3033215216866707}