{"_step":11,"accuracy":0.9022962962962963,"_runtime":53.0800547,"val_accuracy":0.88,"val_loss":0.3792748713970371,"test_confusion_matrix_table":{"nrows":100,"_type":"table-file","sha256":"b9722c334185fb31dca7baa096cfced0614aed19d5abdebec7226925b8b67670","size":2931,"artifact_path":"wandb-client-artifact://1m5xokfxd99p9d3vlc8juqxo4zmwcmk3mgnxjyt5oyoom340eiyi63xkpim1gt5gy1wkj4ou5apbh0mez38blfaz59tppfnal6i14hj42uv6fnkf3mfsw3dry7otu90w/test_confusion_matrix_table.table.json","_latest_artifact_path":"wandb-client-artifact://vj2ld4not452y31xjj6buwltf488293x9g0cnnej98o2jqfz9v36u1ldw0fbg0dio4nxqgnnzfrjjg41fk3kmqi1s4l9gah4701kbymjzl13gwkoxni48q1t790w7a2h:latest/test_confusion_matrix_table.table.json","path":"media/table/test_confusion_matrix_table_10_b9722c334185fb31dca7.table.json","ncols":3},"_wandb":{"runtime":53},"_timestamp":1.7421420142768738e+09,"test_accuracy":0.8749,"epoch":10,"loss":0.31359087023841664}