{"val_accuracy":0.14083333333333334,"_timestamp":1.7411573279921105e+09,"_wandb":{"runtime":3},"val_loss":2.3178735662547134,"loss":2.320521640677021,"_runtime":3.9501483,"epoch":5,"_step":4,"accuracy":0.13318518518518518}