{"_wandb":{"runtime":9},"loss":2.3406158709437035,"_timestamp":1.7413450406921632e+09,"accuracy":0.28925925925925927,"val_loss":2.339374334981411,"_step":4,"val_accuracy":0.2953,"_runtime":9.0733571,"epoch":5}