{"loss":2.292948283646505,"val_loss":2.2833458399443414,"val_accuracy":0.1765,"_runtime":4.9964017,"epoch":10,"_step":9,"_timestamp":1.7411572325729804e+09,"accuracy":0.16672222222222222,"_wandb":{"runtime":4}}