{"epoch":5,"val_mse_loss":0.22554083869568176,"_runtime":28.8940723,"cross_entropy_loss":0.4355667153993491,"confusion_matrix_table":{"artifact_path":"wandb-client-artifact://tzre4mltzmvwmblrqbvbzxiiikp6efmaqnw9tbeup6g5oz1duo944d3yhk39u126jb2kr296njrffusesj4cxh74uqtwui7q6148feipbryff93ovw1g2aionvsolufv/confusion_matrix_table.table.json","_latest_artifact_path":"wandb-client-artifact://rdikt0ku8p5jwzcrg7gky9q1cfn3c80wzdhlzkimuqocvabwrxfkt8qrvpotruest06xurgpas2fnyk780k1lh5lplq470b5uv1agx3rlh3ha6dtjadqz3jvc000m821:latest/confusion_matrix_table.table.json","path":"media/table/confusion_matrix_table_5_c8ead091ea3f4afd8223.table.json","ncols":3,"nrows":100,"_type":"table-file","sha256":"c8ead091ea3f4afd822362ea054461b700ecaac45d352d1e8cff2d0723b5f1c3","size":2933},"_wandb":{"runtime":28},"accuracy":0.845,"val_cross_entropy_loss":0.4439038791653584,"_step":5,"_timestamp":1.7415899060915391e+09,"val_accuracy":0.8421,"loss":0.5882605683307418,"val_loss":0.5960989882057082,"mse_loss":0.22119229433672288}