{"_wandb":{"runtime":5},"val_accuracy":0.5971666666666666,"_runtime":5.4355106,"loss":1.283682528300341,"val_loss":1.1204435794821375,"epoch":10,"_step":9,"_timestamp":1.7411580556629684e+09,"accuracy":0.5322037037037037}