{"_wandb":{"runtime":52},"cross_entropy_loss":0.4464354323213059,"loss":0.4464354323213059,"epoch":10,"val_mse_loss":0.26306922374516045,"mse_loss":0.19732449814111713,"_step":10,"confusion_matrix_table":{"sha256":"6b618e81e58ce75c8c9fb7a35032181fa974e182fd251df43e2889957d31678e","size":2926,"artifact_path":"wandb-client-artifact://qqsnc1ueg25pclzgzfgdf6me7arxez7y2sht8vos0544uqei7rro2z98m5kx8xhnhxakqk5a08fhin3oaaex2mmcq95trlim5t5mrm1zgupd50dzaokzok4wov8f3gxc/confusion_matrix_table.table.json","_latest_artifact_path":"wandb-client-artifact://pz8xp9qt4otnbt1duruy3lzfnlsq4wzmyyp1f0yunm61lou9801ctzfhfwt0x20m8yr76iykk45ssco2fvbx5ry8263papv3l9maux4bj5wpwh280oorobm0tsdvxdq5:latest/confusion_matrix_table.table.json","path":"media/table/confusion_matrix_table_10_6b618e81e58ce75c8c9f.table.json","ncols":3,"nrows":100,"_type":"table-file"},"val_loss":0.6744374918360925,"_runtime":52.3799923,"accuracy":0.8648518518518519,"val_accuracy":0.8229,"_timestamp":1.7421972599807222e+09,"val_cross_entropy_loss":0.6744374918360925}