{"loss":2.3026320020505833,"val_loss":2.299582295146498,"_timestamp":1.7412396456588216e+09,"_step":4,"epoch":5,"val_accuracy":0.2337,"_runtime":7.9874241,"accuracy":0.21305357848952153,"_wandb":{"runtime":8}}