{"accuracy":0.10006668642560759,"val_loss":2.3030740008173054,"epoch":10,"_step":9,"_runtime":26.0842452,"_wandb":{"runtime":26},"val_accuracy":0.1,"loss":2.304446661229994,"_timestamp":1.741238409585511e+09}