{"_timestamp":1.7412362858263555e+09,"accuracy":0.09976769474100436,"_runtime":5.9706901,"_wandb":{"runtime":6},"loss":2.3361894546899524,"val_accuracy":0.1,"epoch":5,"val_loss":2.332525614341383,"_step":4}