{"_wandb":{"runtime":41},"accuracy":0.9089444444444444,"confusion_matrix_table":{"size":2932,"artifact_path":"wandb-client-artifact://dchhkn51l1vkfscujaduj6a800z21vaff3juhw3bnlvjxj435mepz5mrhb95p5a2gxymse8buxliryy8v26rjcody8zl59jbfuqvkb5a4rhpqps6pgzgex74945yxbj1/confusion_matrix_table.table.json","_latest_artifact_path":"wandb-client-artifact://ks9gyx90rm44n1080gty440wrb20tgvc7xf3tdl8ur9da3xjug1vp0zcil0jz89fxj6r5wtj73uocwd8s3vcidybx6k0tairepfes0o9rz7gmjimoc3atizwcupk5luk:latest/confusion_matrix_table.table.json","path":"media/table/confusion_matrix_table_10_f8adb1484fc33706acd1.table.json","ncols":3,"nrows":100,"_type":"table-file","sha256":"f8adb1484fc33706acd16708698d4fb7adcd084b9901e0015e15ab3385bfd273"},"val_accuracy":0.8723,"val_cross_entropy_loss":0.3685095460661243,"loss":0.24893250405812029,"_timestamp":1.7421092947046711e+09,"epoch":10,"cross_entropy_loss":0.24893250405812029,"val_mse_loss":0.18564638887776233,"_step":10,"mse_loss":0.13238064630758062,"_runtime":41.2138346,"val_loss":0.3685095460661243}