{"loss":2.2607299571297124,"val_loss":2.2446253587217018,"epoch":10,"val_accuracy":0.2401,"_wandb":{"runtime":13},"_step":9,"accuracy":0.2378148148148148,"_runtime":13.4136417,"_timestamp":1.7412501142354987e+09}