{"cross_entropy_loss":0.4386216425795281,"val_cross_entropy_loss":0.5459678297805138,"_wandb":{"runtime":9},"confusion_matrix_table":{"sha256":"5cd2be2fdf3e295976f6d4ed58f3f17ccce065ce7766f684e7816af51e94305b","size":2933,"artifact_path":"wandb-client-artifact://4s0y3mwxjlmpwdyf0uo5upkn4xl4jgnd04jqp50k9uwst8spne5kx7iuwt3ogkt8gmwswl83mhs0rzy6qw6hh1wgoixborvfd5d6xbty0j00swx5sshigy7l9z16th6y/confusion_matrix_table.table.json","_latest_artifact_path":"wandb-client-artifact://2g2go98qbmcwikwy4fmlblhdtv14c5e1io6ysvffk5wrztkwsrgcg6a3fe6dgusuh9pr9vqg6hlra3ikqvj0spaifj1ptocpaatnph4m59yuieuvcw0jbzxmjx3ujlyn:latest/confusion_matrix_table.table.json","path":"media/table/confusion_matrix_table_5_5cd2be2fdf3e295976f6.table.json","ncols":3,"nrows":100,"_type":"table-file"},"loss":0.4386216425795281,"val_loss":0.5459678297805138,"accuracy":0.853537037037037,"_runtime":9.6158332,"val_accuracy":0.824,"epoch":5,"_step":5,"_timestamp":1.7421905190003057e+09,"mse_loss":0.20927730880608827,"val_mse_loss":0.2571709865484807}