{"loss":0.3446368346410472,"mse_loss":0.1753140118451213,"confusion_matrix_table":{"_latest_artifact_path":"wandb-client-artifact://7lr8g1xsrxw9ww69s40txk4eukg9meo3nr14en3acyzlusx3we04yhjb649vh0420x7gfo73v2fgjrg4vhx2ujsddxjty38cl0b64ds78itxvi5h0w2jez18o5aiglc9:latest/confusion_matrix_table.table.json","path":"media/table/confusion_matrix_table_10_ba5eec4cfb057fe7a190.table.json","ncols":3,"nrows":100,"_type":"table-file","sha256":"ba5eec4cfb057fe7a19042f34ed4a299f9d12389feef267e1c75e7d9f6dbe2ae","size":2933,"artifact_path":"wandb-client-artifact://fy4vwv75stmz11697fyqndbo1itgv7fsj28llubna8eo408uqf8hxtp2a1rp6crzpi7fjgal6icv0ns24c6pq3wq76xhrdlb5pvaial9fikek9p807wgixsm0a0pyuin/confusion_matrix_table.table.json"},"_wandb":{"runtime":18},"epoch":10,"val_mse_loss":0.20254291792627857,"val_accuracy":0.8594,"val_cross_entropy_loss":0.3994899246495882,"val_loss":0.3994899246495882,"_step":10,"_timestamp":1.7421960174966016e+09,"cross_entropy_loss":0.3446368346410472,"accuracy":0.8777962962962963,"_runtime":18.8175674}