{"val_loss":2.3816649027172803,"accuracy":0.10083333333333333,"_wandb":{"runtime":5},"val_accuracy":0.0925,"epoch":10,"_runtime":5.9772058999999995,"_timestamp":1.74115584662927e+09,"_step":9,"loss":2.3823251996315715}