{"_timestamp":1.7415326468060439e+09,"_step":4,"val_accuracy":0.1,"loss":2.3026382556839065,"accuracy":0.10112962962962962,"_wandb":{"runtime":49},"_runtime":49.4658084,"val_loss":2.3025664173823177,"epoch":5}