{"_wandb":{"runtime":4},"epoch":5,"_timestamp":1.7411562518690455e+09,"val_accuracy":0.09733333333333333,"val_loss":2.324028561490877,"accuracy":0.1002962962962963,"_step":4,"_runtime":4.4265828,"loss":2.329482038067351}