{"val_loss":2.323266159706783,"epoch":10,"_step":9,"val_accuracy":0.10033333333333333,"loss":2.3219957089667593,"accuracy":0.09996296296296296,"_timestamp":1.7411547758869226e+09,"_runtime":7.4604676,"_wandb":{"runtime":7}}