{"_runtime":51.1829293,"mse_loss":0.17387949045747125,"_step":10,"confusion_matrix_table":{"ncols":3,"nrows":100,"_type":"table-file","sha256":"d520f42d0cf4cc7c99dc4cb21f715c8da7ea061bf6518e243c193ad875508a9e","size":2931,"artifact_path":"wandb-client-artifact://6i4f9s5w4s4ctuo0h0kg1bfgjalxxbgcutsbsxz8bkz1zc3fuggbnzjnasreofa4et72v7zgfenj5k0t4pyjxtyvr9mqx2v7xvhr08ek3ruk4df63uu989u4bhmasw3r/confusion_matrix_table.table.json","_latest_artifact_path":"wandb-client-artifact://bqd287ff23dl5j714y8xdxrybyyq9r8ysldbr8m95tmunytlaquz6y8eq8i7xhe5sqmes8yh8ghko0nrecp49ctshlme7ifwbcyvxi7pt4h6fshw7ji95lobooyv9soc:latest/confusion_matrix_table.table.json","path":"media/table/confusion_matrix_table_10_d520f42d0cf4cc7c99dc.table.json"},"val_accuracy":0.8421,"val_cross_entropy_loss":0.43769242035009875,"epoch":10,"cross_entropy_loss":0.333797020363552,"accuracy":0.8777037037037037,"val_mse_loss":0.2261199358490992,"_timestamp":1.7421934285625439e+09,"loss":0.4260355866731248,"val_loss":0.5293434827947031,"_wandb":{"runtime":51}}