{"val_cross_entropy_loss":0.4102181610773274,"mse_loss":0.17382966917197146,"val_mse_loss":0.2069509064007392,"_step":10,"epoch":10,"_wandb":{"runtime":59},"val_accuracy":0.8535,"_runtime":59.5658025,"loss":0.34578846947323594,"_timestamp":1.7421935174053726e+09,"cross_entropy_loss":0.34578846947323594,"accuracy":0.8794074074074074,"confusion_matrix_table":{"sha256":"c0d95672c7d5c8fa1bfcc75dbaedc749e9563d9c0025cc2dd8c5bc575e3a9af0","size":2933,"artifact_path":"wandb-client-artifact://kut8lev66zgz2t28gpaieu64bywuc00o1y8v1q83ie9pl6e1milovonnnajooz5mwuzo1byu0jrk2qrais6e4iwnom15u2vfsdp28v1t8z357wxly4anpk5dze1fy602/confusion_matrix_table.table.json","_latest_artifact_path":"wandb-client-artifact://217569e2kmkv9y0ya21abukgjmzcu3t6edx4utf5itg44bokrvkfe0lzmtc55ntqh8dl9ksgppm5ng9v145k6dqlb4bfbr7x88uc7ocr3eubgfe1lxqprf7q8s0sre60:latest/confusion_matrix_table.table.json","path":"media/table/confusion_matrix_table_10_c0d95672c7d5c8fa1bfc.table.json","ncols":3,"nrows":100,"_type":"table-file"},"val_loss":0.4102181610773274}