{"val_loss":0.39767427155591584,"val_accuracy":0.861,"mse_loss":0.17235436729498327,"_wandb":{"runtime":10},"cross_entropy_loss":0.33554776656920365,"_timestamp":1.741588501222675e+09,"accuracy":0.8797037037037037,"confusion_matrix_table":{"ncols":3,"nrows":100,"_type":"table-file","sha256":"9ca466e7ffcc8b6705eeb6b985da705b3ad35c07662cbc980b1ef5ca4af9512d","size":2935,"artifact_path":"wandb-client-artifact://zd1uvzo5j5hjevbtiu9br1fs7oyzdu9bz84s2a0t0wcyyo3w2c39a3caubs3eyab4xj0exik777sgl2phke4dlp0tpbldqk4viriyebz5ao50x12sc00o7mogmhztrld/confusion_matrix_table.table.json","_latest_artifact_path":"wandb-client-artifact://w794s6fowu3t6cn0qmnb2p2v22jneh2hlus27uaxgah2qke2cn09i7w8u5qk710uwqskq718di9gi77dh6y6yk1fthvc5rhgmrqsrg7ubnkzqvbbjfrkeiat87uur3ng:latest/confusion_matrix_table.table.json","path":"media/table/confusion_matrix_table_5_9ca466e7ffcc8b6705ee.table.json"},"loss":0.33554776656920365,"_step":5,"_runtime":10.2227891,"val_cross_entropy_loss":0.39767427155591584,"epoch":5,"val_mse_loss":0.20096298137688817}