{"_wandb":{"runtime":24},"_step":9,"epoch":10,"val_accuracy":0.292,"_timestamp":1.7412351816065164e+09,"loss":2.3553534234598885,"_runtime":24.4104614,"val_loss":2.353527151288422,"accuracy":0.2945872851215175}