{"accuracy":0.7681296296296296,"val_accuracy":0.7602,"val_loss":0.625287535182138,"_step":9,"loss":0.6157294343944515,"_wandb":{"runtime":14},"_timestamp":1.7413459288006964e+09,"epoch":10,"_runtime":14.4300853}