{"epoch":5,"accuracy":0.12462962962962963,"val_accuracy":0.13616666666666666,"loss":2.321815916669609,"_step":4,"_wandb":{"runtime":5},"_runtime":5.0536485,"val_loss":2.300506463494928,"_timestamp":1.7411516198579364e+09}