{"val_accuracy":0.5701,"_wandb":{"runtime":7},"epoch":5,"val_loss":1.5852582572309566,"_runtime":7.1383593,"accuracy":0.5631111111111111,"_timestamp":1.7412516793386626e+09,"loss":1.608459006832614,"_step":4}