{"_step":5,"mse_loss":0.1775017866941378,"_wandb":{"runtime":8},"accuracy":0.8756851851851852,"epoch":5,"val_loss":0.3898778684404394,"val_cross_entropy_loss":0.3898778684404394,"val_mse_loss":0.1969684464263567,"_runtime":8.3886408,"val_accuracy":0.862,"confusion_matrix_table":{"_type":"table-file","sha256":"3ad2d6dde7e61a50b9395168bbc4c52587c52e071302e11d2e2384a05513fbab","size":2935,"artifact_path":"wandb-client-artifact://0pofo9ppjjkvvzlvvq9n3yew2dsjwvbfs4p59cnskshjpqqots6470o3fvvntmk5x3158emq44qru06vqocdo0rilx9rfirpykmbzurb5m87s7sqo6ha9kh9v9aith4n/confusion_matrix_table.table.json","_latest_artifact_path":"wandb-client-artifact://bo2bqlyjpqxx5lsds0k44waaa0fl2voc7k27o955yfpzjke533srecmhp9jwmj7v3cyy2wa76mo0et96v9887jefw5082jlfl8bn7vit0j1k7t6nwpj8bepdypxem7id:latest/confusion_matrix_table.table.json","path":"media/table/confusion_matrix_table_5_3ad2d6dde7e61a50b939.table.json","ncols":3,"nrows":100},"loss":0.3451536917848273,"cross_entropy_loss":0.3451536917848273,"_timestamp":1.7421116261865096e+09}