{"accuracy":0.09992592592592593,"confusion_matrix_table":{"nrows":100,"_type":"table-file","sha256":"88f44e1bb5c1672f9adb05ebfd911dde84797f91cf645b82e9a89f538015d355","size":2912,"artifact_path":"wandb-client-artifact://ds3xckljzonw3b9kqlj5nv430xrw8lz300p4ux4rqt6cmzvua4n3038mh9vcaxqur6d080vxa6vzlqb9a00xykvl5wo0pir0v666ihrewk5xbi405b1i81h790xw19zz/confusion_matrix_table.table.json","_latest_artifact_path":"wandb-client-artifact://awiae99umcwqmgrdlqjdkfe80gm4s916cgvzqy42ni0bn38380jp6nmhz3poc7xiyvbpyq9nfsc0osn94ewkovrdbluzr2g348zvt2efprydx90gj37xxzyes6q8vug3:latest/confusion_matrix_table.table.json","path":"media/table/confusion_matrix_table_5_88f44e1bb5c1672f9adb.table.json","ncols":3},"_timestamp":1.7421351265330744e+09,"val_accuracy":0.1,"_step":5,"loss":2.3284810317439932,"cross_entropy_loss":2.303520297301078,"mse_loss":0.9001869239380755,"val_mse_loss":0.9001027244079934,"val_loss":2.328160838845525,"_runtime":26.0939757,"val_cross_entropy_loss":2.303098087378387,"_wandb":{"runtime":26},"epoch":5}