{"val_loss":2.2869899327889884,"val_accuracy":0.17216666666666666,"_wandb":{"runtime":5},"_step":9,"loss":2.2888629837387415,"accuracy":0.16624074074074074,"_timestamp":1.7411553631456234e+09,"_runtime":5.8917950999999995,"epoch":10}