{"confusion_matrix_table":{"_latest_artifact_path":"wandb-client-artifact://ptjz5z8y0nytj9s0s2yvmuzdw04q3p2fnlyrs6lmjbi1n8v59dtv2i16lhbrwbl4kjx3n4tsd19xnqmkq7qrvihuaz43arzo85y58x0tojmu5rt24cc2vdhdsymejxic:latest/confusion_matrix_table.table.json","path":"media/table/confusion_matrix_table_10_e057170823602e16cc6d.table.json","ncols":3,"nrows":100,"_type":"table-file","sha256":"e057170823602e16cc6d65e01f04cd68537bdc19067d65140986d32eda76ff73","size":2912,"artifact_path":"wandb-client-artifact://dex5s7vl35purc6hbc0axh44fm42854mhry707agy6ke7et4c13wzt1q43m8umlj6uolzjydpd99ystcf4833dwi51d4nqnzg9gqzkvqhu036x616ik35jysr35cax3c/confusion_matrix_table.table.json"},"loss":2.302602545108851,"val_cross_entropy_loss":2.302606450434517,"_step":10,"accuracy":0.10083333333333333,"_timestamp":1.741585347390211e+09,"cross_entropy_loss":2.3025936826681574,"mse_loss":0.9000017399430376,"val_accuracy":0.1,"_runtime":15.7358902,"val_loss":2.302609831345927,"_wandb":{"runtime":15},"val_mse_loss":0.9000042997459923,"epoch":10}