{"_timestamp":1.741153948664559e+09,"_step":4,"val_loss":2.336914279571991,"epoch":5,"loss":2.311062616036509,"_wandb":{"runtime":4},"val_accuracy":0.0985,"accuracy":0.16492592592592592,"_runtime":4.7039174}