{"loss":2.3083308662201794,"_runtime":5.8261948,"epoch":10,"_timestamp":1.7411571262140095e+09,"_wandb":{"runtime":5},"_step":9,"val_accuracy":0.12083333333333333,"val_loss":2.2883529425608238,"accuracy":0.0997037037037037}