{"val_loss":2.3067461252013857,"loss":2.3105726273471574,"accuracy":0.09938888888888889,"_step":9,"_wandb":{"runtime":5},"epoch":10,"val_accuracy":0.1055,"_timestamp":1.741157521886048e+09,"_runtime":5.8043631}