{"_step":9,"val_loss":1.9129924211321447,"loss":1.8449307321937787,"epoch":10,"_runtime":13.1190924,"_wandb":{"runtime":13},"accuracy":0.3153148148148148,"val_accuracy":0.3268,"_timestamp":1.7412424864655976e+09}