{"_runtime":25.65547,"epoch":5,"accuracy":0.8171481481481482,"val_loss":0.5554577207296992,"_wandb":{"runtime":25},"val_accuracy":0.7944,"_step":4,"loss":0.4994695793924518,"_timestamp":1.7415330209862294e+09}