{"_timestamp":1.7411569639053168e+09,"loss":2.3058890809779973,"val_loss":2.3047089417506745,"_step":4,"_wandb":{"runtime":3},"_runtime":3.7300167,"accuracy":0.10083333333333333,"val_accuracy":0.0925,"epoch":5}