{"_step":5,"val_cross_entropy_loss":0.7502070489927706,"_wandb":{"runtime":9},"loss":0.7534128977958847,"val_mse_loss":0.36891988568720696,"confusion_matrix_table":{"ncols":3,"nrows":100,"_type":"table-file","sha256":"318142d1905f1f4437b45cf1b0b6edb7276088d2b34d5b4b61ecf6e6a2c9b465","size":2934,"artifact_path":"wandb-client-artifact://g7e5xecwxv1oibtt008wop1ebkm91f1r1dinswaw6w5snm5z738arqg9616nc705ldf3ndm0yp702eae8edqb4vsrzu87juik8j65e5h694aa8iwthttwti6n5jt3p1v/confusion_matrix_table.table.json","_latest_artifact_path":"wandb-client-artifact://tiw7o2lo46t3kof0sz991b2gm0malm74zndj9c150c6gu0bh7rsy10rhxlmormguvqq2ndk1cw7s60rk400sl3sok40jehrbn3zc33vd4kca56701n9pplljlun5e23h:latest/confusion_matrix_table.table.json","path":"media/table/confusion_matrix_table_5_318142d1905f1f4437b4.table.json"},"cross_entropy_loss":0.7534128977958847,"_timestamp":1.7421350289740093e+09,"val_loss":0.7502070489927706,"val_accuracy":0.7086,"_runtime":9.0368956,"accuracy":0.7110740740740741,"epoch":5,"mse_loss":0.37693834196647635}