{"_timestamp":1.7415909823463295e+09,"val_cross_entropy_loss":0.39849711420062334,"loss":0.3133028025723938,"_wandb":{"runtime":11},"confusion_matrix_table":{"_latest_artifact_path":"wandb-client-artifact://g1ug8ylj1cezuq60cx8sb8qfmd23ao51zf0s14zysl7onvy8e4eqajz1unvaazyifbfeouzfwfsayj91346bp5i9zfl2z47baz9yl1baq4njtfd01jatcjxwfljftppr:latest/confusion_matrix_table.table.json","path":"media/table/confusion_matrix_table_10_ce5b6d177cbf6d51fee0.table.json","ncols":3,"nrows":100,"_type":"table-file","sha256":"ce5b6d177cbf6d51fee019edb001babac6d12deea6d86f2ad3f0732d872e528b","size":2933,"artifact_path":"wandb-client-artifact://spjrqpljx9xfflhkdrk1ahhekmpn84x76ej6xfhlmrqqwa7q85zbkn06ae8hdjrtma2fm132n2auhberowl8lbi74n54r3del7637mjmvye4ixldavsfnq1sm7tz0u3b/confusion_matrix_table.table.json"},"epoch":10,"val_accuracy":0.8669,"cross_entropy_loss":0.3133028025723938,"_runtime":11.0859868,"_step":10,"val_mse_loss":0.19657605774760714,"val_loss":0.39849711420062334,"mse_loss":0.15946337575170483,"accuracy":0.890425925925926}