{"confusion_matrix_table":{"_type":"table-file","sha256":"186d2b5ebd2753a517f002adb91267ae678d1d911fd5eb6a11390c308f59951a","size":2931,"artifact_path":"wandb-client-artifact://5odfzpyyfm4osy0on75jdzs8px1jmxgc7a7a4o94e2sss1fpxcsv3kg29wdlrc21coxy1c8bydmeko57eakg5ix9jait81ptz16btqsixxe6gyyivv9150ymqia0gds3/confusion_matrix_table.table.json","_latest_artifact_path":"wandb-client-artifact://sflyewij39xmhfhgej3f9fvs3jxhzqi0k8ax4hmfp1m3t95b54erk78itji5gr7iil7jpop6xbbb11btfg12edidf17e83yti48ej2sbfh00ngkjj9odmxouqr8nra1w:latest/confusion_matrix_table.table.json","path":"media/table/confusion_matrix_table_5_186d2b5ebd2753a517f0.table.json","ncols":3,"nrows":100},"_timestamp":1.741587281164814e+09,"val_accuracy":0.8649,"_runtime":8.3242451,"loss":0.3385192749659184,"cross_entropy_loss":0.3385192749659184,"_step":5,"val_mse_loss":0.19419401250027143,"accuracy":0.8797962962962963,"_wandb":{"runtime":8},"epoch":5,"val_cross_entropy_loss":0.3857319023169905,"val_loss":0.3857319023169905,"mse_loss":0.1734581164354188}