{"mse_loss":0.16646471233778606,"confusion_matrix_table":{"_type":"table-file","sha256":"02c49698162b1b9c7cbbdf69397781fdea5f9e67a199e746a1b4a8fb09081ea5","size":2929,"artifact_path":"wandb-client-artifact://50xjy2fmn7g3zuohzuisgr8vajbnox7pncyriz8zuaooc149kuph3lrylp1gbnaklq22ijvbdw5pojdkmwi4b0ikrancrm6qhfb47yqroir0z55ww3sf837nlnpzfpti/confusion_matrix_table.table.json","_latest_artifact_path":"wandb-client-artifact://4vngyt8zcn8w2m4gbvdn6rncmwgx4b9x2t9bgh0m0qgxnvlvbx12ya7dafuowqptqz12rio6r2vwhzbh8dzub0tjay996jkxi16ax6qma0mrvrejjh4j4zzj3cisdc8h:latest/confusion_matrix_table.table.json","path":"media/table/confusion_matrix_table_5_02c49698162b1b9c7cbb.table.json","ncols":3,"nrows":100},"cross_entropy_loss":0.32197867231179533,"val_loss":0.38320590370523516,"_wandb":{"runtime":32},"_timestamp":1.7415877748376198e+09,"epoch":5,"loss":0.32197867231179533,"_runtime":32.8099701,"val_mse_loss":0.19115310923227666,"_step":5,"val_accuracy":0.8691,"val_cross_entropy_loss":0.38320590370523516,"accuracy":0.8857592592592592}