{"_step":11,"epoch":10,"_wandb":{"runtime":36},"accuracy":0.9933888888888889,"val_loss":0.08295012674492452,"test_confusion_matrix_table":{"nrows":100,"_type":"table-file","sha256":"2fcbea2fc63c2b1086596b1730ae928b7cd7a3f337a6791b2361c1acb5d5ce97","size":1790,"artifact_path":"wandb-client-artifact://zn4zt1bp32ycfekizx492l9lnmnenxbtko577akzdgorp8ifebk5133ou5ige3h5v431zbq3mkp7hxhnbvbu4nvsrfz5g9jpvcndurysyrulq1y3kyce7b8oov92umvq/test_confusion_matrix_table.table.json","_latest_artifact_path":"wandb-client-artifact://xez56f6jqeiup4d5rqai1qnb9x50h0d6lzwe63z1v2itefib5fcpvmfoxbzjx1am4b22p47rq7z3kdxqx5mg43k8jmolp747bj28o84vyagvxyp2b3q3ky80n80pq6n5:latest/test_confusion_matrix_table.table.json","path":"media/table/test_confusion_matrix_table_10_2fcbea2fc63c2b108659.table.json","ncols":3},"val_accuracy":0.9798333333333333,"_timestamp":1.7422046478709178e+09,"test_accuracy":0.9764,"loss":0.019728288354770633,"_runtime":36.2003974}