{"_runtime":29.2240204,"confusion_matrix_table":{"sha256":"7777a75262aa06453c5379421f1f45a417c10bf6e16315bbfacc680e1c6219f3","size":2931,"artifact_path":"wandb-client-artifact://dluparzyj1tgus3tgg8oyi64inv8w9d9tdp8elprs0hmwf7wn6ybdxmgoz1aom44wgbxxqlpbln9zc3hl7trisxo5tic3elhr0k0lwmk3917ctn7o8jrk2dpiyisug3e/confusion_matrix_table.table.json","_latest_artifact_path":"wandb-client-artifact://74qv8pmdtsfl1xxwnkl1yvuu4xlieho28ljoosa9u0p8bq9hyc0h279os3syfm9ovf07ihnoxz4hn41zdbzk3w0gv0t9uo8ozko2ya8fjyc0no6vxg0ezrfpju6vcgn3:latest/confusion_matrix_table.table.json","path":"media/table/confusion_matrix_table_10_7777a75262aa06453c53.table.json","ncols":3,"nrows":100,"_type":"table-file"},"val_accuracy":0.8611,"val_mse_loss":0.2017760807734803,"epoch":10,"cross_entropy_loss":0.29096177671255297,"loss":0.29096177671255297,"_timestamp":1.7421077564047685e+09,"_step":10,"val_cross_entropy_loss":0.405932947890442,"val_loss":0.405932947890442,"mse_loss":0.15073914022371768,"accuracy":0.896,"_wandb":{"runtime":29}}