{"mse_loss":0.14024487479439882,"_step":10,"confusion_matrix_table":{"ncols":3,"nrows":100,"_type":"table-file","sha256":"74014554031f12fe82a7c10286e7e1de109ff159190a74f321626e6ca11ec860","size":2930,"artifact_path":"wandb-client-artifact://xy49f6q25kbidpr9ue3xsfos2vghbkyfmr4a1gk09re8snox40ugr843rjosu4xef9v39gmkvvsl81b6czrfu6bpa6l29g1s9isurhwghypdwjyfy6yw0vitflop0kc7/confusion_matrix_table.table.json","_latest_artifact_path":"wandb-client-artifact://71ecapgqaqzs3llwphybf9d1b5lpehbo7sg07iy362yb65veixbq9j8n7qth81rpx75x56a3fn90z1wu3w9zzcs1i7onv938qgcr2tgqwjx6c07gytpr24h3hdt69oqg:latest/confusion_matrix_table.table.json","path":"media/table/confusion_matrix_table_10_74014554031f12fe82a7.table.json"},"val_accuracy":0.8763,"val_loss":0.3458094293777244,"accuracy":0.9027222222222222,"epoch":10,"val_mse_loss":0.17621192147998113,"_timestamp":1.7421963895323298e+09,"loss":0.2649452640699963,"_wandb":{"runtime":50},"val_cross_entropy_loss":0.3458094293777244,"cross_entropy_loss":0.2649452640699963,"_runtime":50.7539338}