{"val_loss":2.307020257851262,"_wandb":{"runtime":4},"_timestamp":1.7411562407033792e+09,"_runtime":4.244149,"epoch":5,"accuracy":0.10083333333333333,"val_accuracy":0.0925,"_step":4,"loss":2.3061214930823857}