{"val_accuracy":0.1,"loss":2.3026774226920215,"_step":9,"accuracy":0.09957407407407408,"val_loss":2.3026044308611264,"_wandb":{"runtime":30},"epoch":10,"_runtime":30.5337221,"_timestamp":1.741257354738645e+09}