{"val_loss":0.49058006504361285,"confusion_matrix_table":{"path":"media/table/confusion_matrix_table_10_9ede81add302337c8a38.table.json","ncols":3,"nrows":100,"_type":"table-file","sha256":"9ede81add302337c8a38acdd5fdcd978c69c6456ab29e73d8876fb71a372b9eb","size":2933,"artifact_path":"wandb-client-artifact://bm8onl5kvwsv88uhp1vy9r16f2poy8xvqjni23xzpzyqxxdwhat558zy0pa8swq3l0msmkyq4kgakgyh5l9642isayib8wkta0dru1w946j3w6fi3k5xrec9a3bmapzu/confusion_matrix_table.table.json","_latest_artifact_path":"wandb-client-artifact://sq3wztrolglpypnp9rkysxshqwwct3dsuy93epvrb5xx462qysxg8g15jzlq0uo3k61v162x6qmioseic5s5c2tc556exxh0k21dep3p0vxj5e379a43nkfqqdmdo609:latest/confusion_matrix_table.table.json"},"_runtime":39.7993064,"loss":0.4144310290921509,"val_accuracy":0.8594,"accuracy":0.8807592592592592,"val_mse_loss":0.203560743794688,"_step":10,"cross_entropy_loss":0.33915444652226007,"_wandb":{"runtime":39},"mse_loss":0.17231460200148116,"_timestamp":1.74158374322219e+09,"epoch":10,"val_cross_entropy_loss":0.4144452499296936}