{"_runtime":6.483507,"_step":9,"epoch":10,"val_accuracy":0.10616666666666667,"_wandb":{"runtime":6},"loss":2.3036846477602806,"_timestamp":1.741156339222913e+09,"accuracy":0.10777777777777778,"val_loss":2.3036204408778613}