{"val_cross_entropy_loss":0.42013693302837274,"loss":0.4362491308156841,"_runtime":13.7029738,"_step":10,"confusion_matrix_table":{"ncols":3,"nrows":100,"_type":"table-file","sha256":"f6e62cf93d53fb7e4df4d3a64d00070d1bf86e4670b645e21f03ef263c4ce11a","size":2935,"artifact_path":"wandb-client-artifact://h5bccx1he16zx136krw5d33pc9fa4r98swx6cufbqthm6714tekm46sulmdv2tfkvnjwu2wyv458hei4llfrg3vrmrea70mfmwmttfjo8nfohsba20cf3k281q2vpoix/confusion_matrix_table.table.json","_latest_artifact_path":"wandb-client-artifact://dyz4h9z386tkcaxejwv1anef70vbymwl9a03dcy2h3meepjntsk1dwfekkbpfquyk7jf2hnqzr45g4dzbqp46tdoaup0u2mwnzozeswatkeavtl4mvec28hd7rcgm1x8:latest/confusion_matrix_table.table.json","path":"media/table/confusion_matrix_table_10_f6e62cf93d53fb7e4df4.table.json"},"val_accuracy":0.8523,"accuracy":0.8673888888888889,"epoch":10,"_timestamp":1.742198015126983e+09,"_wandb":{"runtime":13},"cross_entropy_loss":0.3804192875640523,"val_loss":0.47607353802817515,"mse_loss":0.19086869275123525,"val_mse_loss":0.21157309656658235}