{"_wandb":{"runtime":26},"_runtime":26.0634617,"epoch":5,"val_accuracy":0.849,"cross_entropy_loss":0.38028777615130344,"loss":0.4974335405775665,"mse_loss":0.19400101115001367,"val_loss":0.5346586955157429,"accuracy":0.8642037037037037,"_step":5,"val_cross_entropy_loss":0.41820849745895355,"confusion_matrix_table":{"ncols":3,"nrows":100,"_type":"table-file","sha256":"d77f04d5aec3995e795d5f1ee09bc3e30a2c6ba4d9c977d7018c7e03efafe633","size":2935,"artifact_path":"wandb-client-artifact://sg7kbpkm8q8d8qz3j5lxmkh9nxtrai8rl8ca4mz4p23gdrq86foh7n58luiu4f7392bpb7xm91c34169lhibaqwnfzdf35qfkbuw4oseb76r5g277mshgppjuxtubrp4/confusion_matrix_table.table.json","_latest_artifact_path":"wandb-client-artifact://s4lhany3uctlbkk6r0xzk7aywu09bz4sbk6viuvhvu480z4qxst2qwkiavw00wvz50c88zb7xx5fmelk7qwbi8tyqnr6oljcxnxmgapht5hq39f5xfppvmbvfyi6sgof:latest/confusion_matrix_table.table.json","path":"media/table/confusion_matrix_table_5_d77f04d5aec3995e795d.table.json"},"_timestamp":1.7415896421768255e+09,"val_mse_loss":0.21421611748763839}