{"mse_loss":0.18177860027552667,"val_cross_entropy_loss":0.39987355823487114,"epoch":5,"accuracy":0.8720185185185185,"_step":5,"val_mse_loss":0.2035256613307134,"cross_entropy_loss":0.35523612104437646,"val_loss":0.46680046751320287,"_wandb":{"runtime":8},"val_accuracy":0.8575,"_timestamp":1.7415870878340755e+09,"_runtime":8.8569262,"confusion_matrix_table":{"path":"media/table/confusion_matrix_table_5_57af9177b6970592ef9e.table.json","ncols":3,"nrows":100,"_type":"table-file","sha256":"57af9177b6970592ef9e9cf9e2855d8d5ecd36184ebadf66cbd268889fe9d696","size":2932,"artifact_path":"wandb-client-artifact://endbgimf9ha9qlp0idw0bpz2eq1d2ccnm98hhq5ncqtmdwy4vj6ygrf2i4wmn4ecj2jdx4xixe383p1z70m45rpe1qejmdl6p39va8qpj6tweu840mqutd7erh7ei9wq/confusion_matrix_table.table.json","_latest_artifact_path":"wandb-client-artifact://xqq94pmx2j7y65goxbkqdzvufucsqjalz727tzrs2a0h7wkn4wngrlmgkhtn15ebreuwc1okatjwmvfhcxy01si96neonk8k2p5q3ouxqkolln5nly0rgwtl341hppgk:latest/confusion_matrix_table.table.json"},"loss":0.4218003813429678}