{"epoch":10,"accuracy":0.10114107883817428,"_wandb":{"runtime":54},"val_accuracy":0.1464,"_runtime":53.9956853,"loss":2.3039275049178185,"_step":9,"val_loss":2.3025360678016846,"_timestamp":1.74124237388832e+09}