{"confusion_matrix_table":{"_latest_artifact_path":"wandb-client-artifact://e1gz0qw0ffz1idc4vzghja3qrqige7d3ngaffr0y36w40a0q1k2oavyhc01v0u3lzoskfiqbpewufeulwixfka9v1l2v0j7hx7wvpknhj5nk2uta0s207zbfs159la8s:latest/confusion_matrix_table.table.json","path":"media/table/confusion_matrix_table_10_3196f375410a9030fe97.table.json","ncols":3,"nrows":100,"_type":"table-file","sha256":"3196f375410a9030fe97d912c69c8832662ffde23575de6c6777012ef169d4f8","size":2931,"artifact_path":"wandb-client-artifact://n6bv8b33esbilps6t5o8v4164bmvu7ulg24hx7j9gsgic6co3gqfpzzvurxowl0rzvs4iqze1ciste49aswhit8cp3j68xu1mj53xegtf99fa1oqf6i0b670r6ndh71x/confusion_matrix_table.table.json"},"cross_entropy_loss":0.3195950842334424,"val_cross_entropy_loss":0.3874750104068886,"_timestamp":1.7421112108841395e+09,"_step":10,"_runtime":14.6304753,"val_mse_loss":0.19636793352802745,"val_loss":0.45182598472672786,"_wandb":{"runtime":14},"mse_loss":0.1645974910825763,"val_accuracy":0.8629,"loss":0.383539279157226,"epoch":10,"accuracy":0.8855}