{"val_accuracy":0.45116666666666666,"epoch":10,"accuracy":0.4003148148148148,"_timestamp":1.741152139174949e+09,"_runtime":5.1814535,"_wandb":{"runtime":5},"_step":9,"val_loss":1.6689026761540808,"loss":1.7906913709846715}