{"_runtime":21.00831,"_wandb":{"runtime":21},"epoch":10,"val_loss":0.3956297866592426,"val_accuracy":0.8604,"_step":10,"loss":0.33844438285155204,"cross_entropy_loss":0.33844438285155204,"mse_loss":0.17351057613270243,"val_mse_loss":0.20131179728790874,"accuracy":0.8785740740740741,"_timestamp":1.742111766259773e+09,"val_cross_entropy_loss":0.3956297866592426,"confusion_matrix_table":{"ncols":3,"nrows":100,"_type":"table-file","sha256":"383ccdedf4548fd6ef12ca084c0a59303910493f498f032d4501e82b01928a63","size":2933,"artifact_path":"wandb-client-artifact://05pevc837ig8noa4580m30eu7mqaz30281k270lmo0n2lfmm8t0ihof4x003wfhfq0vy0x5egexndf23yimk0kulcb2yuy2fojkvry9k3aos7e1obj6g6pyer631s1br/confusion_matrix_table.table.json","_latest_artifact_path":"wandb-client-artifact://xsuphosqlv22a5yfl1wuw7h7e3zzxhci6lo6fqx3t3l3znxio744m1qnc4ti4v5buqyxfi34018d1gsh0n1r95nfew2hh1ff3tzehejdpycfnvjhzzc6cd0zizo2ixmi:latest/confusion_matrix_table.table.json","path":"media/table/confusion_matrix_table_10_383ccdedf4548fd6ef12.table.json"}}