{"loss":1.8945068672305752,"accuracy":0.19359801304863583,"_timestamp":1.7412368603666532e+09,"val_accuracy":0.1985,"_runtime":13.3535464,"val_loss":1.9204453944263598,"_wandb":{"runtime":13},"epoch":10,"_step":9}