{"_wandb":{"runtime":47},"val_mse_loss":0.19650205009794694,"_runtime":47.54741,"mse_loss":0.14946451671312344,"_step":10,"val_loss":0.3918513344802747,"confusion_matrix_table":{"sha256":"1a299e9d796ae1fe3d0c222d3d20a8f102f286693213a5f2887b41f5069a1c23","size":2930,"artifact_path":"wandb-client-artifact://qomjca01mqz8lww94ne6jo4wtrtd6qnkzayxw3kyz51sk4lugarooeugplj855lofvqk7pqggjghn8bkqg1rqj481o00jcvci4bvuwk9jxckvfll6is9mmsqz2vcgolv/confusion_matrix_table.table.json","_latest_artifact_path":"wandb-client-artifact://k0knx66yjt50a14ha8wfpwuiiuqguvne14q2ds8kqybv3uovwp9bnuv2wgf4ahjr99aeyebb804ykw5mq6lqkoq90fi06qxzf2u9dyuw9c0hbol981cu26vo4fu113kv:latest/confusion_matrix_table.table.json","path":"media/table/confusion_matrix_table_10_1a299e9d796ae1fe3d0c.table.json","ncols":3,"nrows":100,"_type":"table-file"},"epoch":10,"loss":0.2920508212681161,"cross_entropy_loss":0.2920508212681161,"val_accuracy":0.8692,"_timestamp":1.742111158398937e+09,"val_cross_entropy_loss":0.3918513344802747,"accuracy":0.8980925925925926}