{"_timestamp":1.7413466296854038e+09,"val_accuracy":0.5588,"epoch":10,"accuracy":0.5616481481481481,"val_loss":1.2212671420424535,"loss":1.2324268502402949,"_runtime":10.6143057,"_step":9,"_wandb":{"runtime":10}}