{"_step":9,"_timestamp":1.741240708603064e+09,"_runtime":19.0350292,"val_accuracy":0.8606,"loss":0.3370497862170153,"accuracy":0.8781111111111111,"val_loss":0.38464623060667213,"_wandb":{"runtime":19},"epoch":10}