{"_runtime":8.1996638,"_step":4,"accuracy":0.10083333333333333,"val_accuracy":0.1,"_wandb":{"runtime":8},"loss":2.3026344104218675,"val_loss":2.302604812499073,"_timestamp":1.741346198280185e+09,"epoch":5}