{"_wandb":{"runtime":29},"_timestamp":1.7412393415612774e+09,"accuracy":0.10083333333333333,"val_loss":28.037299731678758,"val_accuracy":0.1,"epoch":5,"loss":32.91435052237954,"_runtime":29.8614962,"_step":4}