{"val_mse_loss":0.9000323278854696,"val_loss":2.3126392480747557,"_wandb":{"runtime":45},"mse_loss":0.9000517635485565,"val_accuracy":0.1,"_runtime":45.1994098,"cross_entropy_loss":2.3028438591814973,"accuracy":0.09951851851851852,"_timestamp":1.7421348941921163e+09,"val_cross_entropy_loss":2.302748444991861,"loss":2.3125217453439584,"epoch":5,"_step":5,"confusion_matrix_table":{"ncols":3,"nrows":100,"_type":"table-file","sha256":"3a5e256cb12d2d5189da1c363d9fd263bbd628492564bad9d615d9c78283fc84","size":2912,"artifact_path":"wandb-client-artifact://gxi9ay4wsr0mkn44fi4x0vspatbvgz6cryhxkkfhjvnzz4rjx3e1f9bcsbd7el1335ej4fyfqsecr3bug5jdewyujvndyy856gyjmqw2ani7rgcffq1k66co5w1khrga/confusion_matrix_table.table.json","_latest_artifact_path":"wandb-client-artifact://p3by6znp8nejhbh0f83e4n5w42d5tq8s7linwemtt03404t278nuyoh09tcpr9fxilb9r4i0hhvksr9hbwmc0ju1gr2nuuhhax1nkuo0b0lunn38l28mj6qdww7da8mr:latest/confusion_matrix_table.table.json","path":"media/table/confusion_matrix_table_5_3a5e256cb12d2d5189da.table.json"}}