{"loss":0.28519439249040246,"_step":10,"confusion_matrix_table":{"ncols":3,"nrows":100,"_type":"table-file","sha256":"debe38cf408490ffb4e2ded2fe336000fe8868bdc5e0e5013a15c338f0e5615e","size":2930,"artifact_path":"wandb-client-artifact://dnxw1p81sxzejaxxdfv8t6tyflyicvvdyef1h3hsefhxpk05zjeof4941untl1d8mf100jyye201r4ig0bsz3d6f5n42ke2bar7ztycw7ui7v0b15ae8j681os1vffhh/confusion_matrix_table.table.json","_latest_artifact_path":"wandb-client-artifact://tudlpyw5eaxr00cy4ruxubf03rr6vpls1ullw8n2xz3w7943me1lhbg89z5yhjpho6d74rzoamq9cjaj2osih5zhr0wt6ttu70qzpx9kdr7xj0wc18pkw3zloyo6g98o:latest/confusion_matrix_table.table.json","path":"media/table/confusion_matrix_table_10_debe38cf408490ffb4e2.table.json"},"_timestamp":1.7421078551816869e+09,"cross_entropy_loss":0.28519439249040246,"_wandb":{"runtime":63},"val_loss":0.38154074919501074,"val_cross_entropy_loss":0.38154074919501074,"epoch":10,"mse_loss":0.14733027490275274,"accuracy":0.8982592592592593,"_runtime":63.7178109,"val_mse_loss":0.19145930459645732,"val_accuracy":0.8712}