{"loss":76.57494199230887,"val_accuracy":0.6758,"_runtime":102.9216788,"epoch":10,"_wandb":{"runtime":102},"_timestamp":1.7412563050998902e+09,"accuracy":0.6977222222222222,"_step":9,"val_loss":88.36593362428638}