{"val_loss":2.3036708943321638,"_wandb":{"runtime":22},"epoch":5,"_step":4,"_runtime":22.1538895,"_timestamp":1.741237150095187e+09,"val_accuracy":0.1,"accuracy":0.10037317121391853,"loss":2.30599272420706}