{"confusion_matrix_table":{"nrows":100,"_type":"table-file","sha256":"9eef9ac4e8c23ce55cad985c22dfc2e566832cd8eb8505fd96829cbaf4da10b0","size":2931,"artifact_path":"wandb-client-artifact://ulbwk14rhjv2gop5aox4taqiw6941bcszc68e4h26if3jyl487tcen7mpl52t9ql4cf655qj9zffc3r1kja9ae9zra6u4mkp7u1qeh4r566h70y3hcsm7rjrr47ym4tr/confusion_matrix_table.table.json","_latest_artifact_path":"wandb-client-artifact://qmr2l99xfbf84qt453mg38tuawnnhdfn27pmieffq1mh4tjw7yhwzcashtqa7ncmgykvur3yxz8q0p2lzij9a47q2d7ev0kbusoh6laftvne3l7qypubvh1bqtpcvfgl:latest/confusion_matrix_table.table.json","path":"media/table/confusion_matrix_table_10_9eef9ac4e8c23ce55cad.table.json","ncols":3},"_step":10,"epoch":10,"val_loss":0.48440975950873827,"_runtime":61.552388,"mse_loss":0.16952936895251444,"val_mse_loss":0.19349327177121042,"_wandb":{"runtime":61},"cross_entropy_loss":0.3307133104508861,"val_cross_entropy_loss":0.37880157885523447,"_timestamp":1.7421099532182958e+09,"accuracy":0.8821851851851852,"val_accuracy":0.8644,"loss":0.43684619622593784}