{"val_cross_entropy_loss":0.3853481662912569,"cross_entropy_loss":0.34656076240759265,"val_accuracy":0.8608,"val_loss":0.4741214600950583,"loss":0.4368785351154297,"_wandb":{"runtime":27},"epoch":5,"_runtime":27.7875311,"mse_loss":0.18003468404775963,"_step":5,"accuracy":0.8739629629629629,"_timestamp":1.7415899426786103e+09,"confusion_matrix_table":{"_type":"table-file","sha256":"9bcc48ee2d3b78a22435b7f3c2628bdc78d5d1316095ff8b57fb349bb2087987","size":2935,"artifact_path":"wandb-client-artifact://t7zf6zwmw2ii9h9kmouv7a3xrnhch38mra99y5mcsxbq726tworn5y7wjavtvshdzrhfo96pf3g1a2vddxjt6a5ldrvzxfk3p3nis22mhz1k6jwb37r6yokcbjeevab3/confusion_matrix_table.table.json","_latest_artifact_path":"wandb-client-artifact://j7z98mg4r7q1utz8zhwpv86hb8kmm7u3pr5ynvskpqabdypulw4511dhcsm7860ewu4l569vpet7vci61iijmyvx5n7wxj7z2h9vkch07hi43wy1pyox8vnlqsxxqoqb:latest/confusion_matrix_table.table.json","path":"media/table/confusion_matrix_table_5_9bcc48ee2d3b78a22435.table.json","ncols":3,"nrows":100},"val_mse_loss":0.19848373967635638}