{"_timestamp":1.741575866927943e+09,"accuracy":0.10083333333333333,"confusion_matrix_table":{"ncols":3,"nrows":100,"_type":"table-file","sha256":"e057170823602e16cc6d65e01f04cd68537bdc19067d65140986d32eda76ff73","size":2912,"artifact_path":"wandb-client-artifact://wpfsk08yahudojeubxsd2ohf2knzimgm7opi60432ctmtxcezb0d0nc268f5r6xu6nvf92pp7cxyml0u5segm8egeo862uggqubo02e8p8s2hjzn6ebvmyflkg8p3gs2/confusion_matrix_table.table.json","_latest_artifact_path":"wandb-client-artifact://be88s3aqw3u6dvz635lukhgi4owhc8888cvroq5rlmpa4vovm5rdfs2b2lqa6zzwkxfprfmu6m70xsplzai3v42wmvb595iedug66pgswyh418hghszs4pev908j78l8:latest/confusion_matrix_table.table.json","path":"media/table/confusion_matrix_table_10_e057170823602e16cc6d.table.json"},"_wandb":{"runtime":10},"loss":2.302511266842065,"val_loss":2.3025175239426456,"_step":10,"_runtime":10.8821712,"epoch":10,"val_accuracy":0.1}