{"val_accuracy":0.8424,"_runtime":10.3603893,"accuracy":0.8732592592592593,"_wandb":{"runtime":10},"epoch":5,"loss":0.3679489726304402,"val_loss":0.5234059003583792,"_step":4,"_timestamp":1.7413457535704854e+09}