{"epoch":5,"_step":4,"_wandb":{"runtime":20},"val_loss":2.3362671941214326,"_timestamp":1.7412413047886121e+09,"_runtime":20.8181971,"loss":2.392037289891179,"accuracy":0.09821428571428571,"val_accuracy":0.1}