{"_wandb":{"runtime":62},"val_accuracy":0.5611,"epoch":10,"accuracy":0.5566851851851852,"_timestamp":1.741256949580495e+09,"_step":9,"loss":67.92319869715395,"val_loss":78.37909858779047,"_runtime":62.3311041}