{"loss":6.8954902697238625,"val_accuracy":0.1156,"_wandb":{"runtime":8},"accuracy":0.1307222222222222,"epoch":10,"_timestamp":1.7413406162636268e+09,"_step":9,"val_loss":6.518464549349446,"_runtime":8.8593576}