{"_wandb":{"runtime":31},"val_accuracy":0.8742,"_timestamp":1.7421086067363849e+09,"confusion_matrix_table":{"ncols":3,"nrows":100,"_type":"table-file","sha256":"277c0ff51168a37b19a190167afbbb55533f1a8af41283913c66442d0420ca54","size":2932,"artifact_path":"wandb-client-artifact://ryb4wehxhhjjj0tg8z1u02kimh2ckpsizik8s7v3b6ywf8ysc1nblzuz2l2q0tnt6hzblfguyb4y83sjyapg3udxpdg7j8uh75nqjsd9ge0oqjrf65mhp3l7tlmf89wv/confusion_matrix_table.table.json","_latest_artifact_path":"wandb-client-artifact://yqac3tyu5wgkuirm3dq31xwb1gw48g7ydhehdf8uo5vvnfmx0zesegezxr5rvak0wlf0wpotvfekhgoqu20g1thidr15t28948yr5dekjqtlvl8eehm20cvtxj3v50pf:latest/confusion_matrix_table.table.json","path":"media/table/confusion_matrix_table_10_277c0ff51168a37b19a1.table.json"},"accuracy":0.8958333333333334,"mse_loss":0.15116992382045905,"loss":0.2939655532455769,"_runtime":31.221981800000002,"cross_entropy_loss":0.2939655532455769,"val_cross_entropy_loss":0.37630245646165267,"val_loss":0.37630245646165267,"epoch":10,"_step":10,"val_mse_loss":0.1850471860283783}