{"val_accuracy":0.8504,"_runtime":42.2691276,"val_loss":0.41350937439342217,"accuracy":0.8647407407407407,"_timestamp":1.7413690139850502e+09,"_step":9,"epoch":10,"loss":0.3798629166561929,"_wandb":{"runtime":42}}