{"val_loss":2.3026690332431414,"accuracy":0.09705555555555556,"_runtime":16.4220429,"_wandb":{"runtime":16},"_step":4,"epoch":5,"val_accuracy":0.1,"loss":2.302916358482855,"_timestamp":1.74134715704858e+09}