{"_runtime":8.7331391,"val_accuracy":0.2098,"epoch":5,"_timestamp":1.741577666051589e+09,"accuracy":0.22722222222222221,"_wandb":{"runtime":8},"_step":5,"loss":18.07161980151031,"confusion_matrix_table":{"size":2960,"artifact_path":"wandb-client-artifact://6eqjcipr3nv85rtqaqztpybmvsckhwocinlfyaud37qplu89rkhnuwl9old6xbzv6zul0yc6ng4d5nl8rx9hdj2svzqenkjd8smu7zr5h3xb44z1fjgxv8nasx7thad9/confusion_matrix_table.table.json","_latest_artifact_path":"wandb-client-artifact://hcx9yv26p6ma97don41xjpgs7sirsscdn2as40ngfjj3io4088cixkdrm31mlo8z98y337rrr0wlxu948mnpdhgob1qe7prb0pnee5q5a50x4m2huzmxpuuymyvvm0nm:latest/confusion_matrix_table.table.json","path":"media/table/confusion_matrix_table_5_d80a1e8dff7639d671c5.table.json","ncols":3,"nrows":100,"_type":"table-file","sha256":"d80a1e8dff7639d671c59e864499718702d6126851a984f51844f3118a0edf7d"},"val_loss":16.156494936599643}