{"_step":10,"val_accuracy":0.8548,"_wandb":{"runtime":21},"cross_entropy_loss":0.3556126714519675,"_timestamp":1.742195832245579e+09,"_runtime":21.0983039,"mse_loss":0.17908386460462047,"loss":0.3556126714519675,"accuracy":0.8755,"val_loss":0.4113719195753346,"epoch":10,"val_cross_entropy_loss":0.4113719195753346,"val_mse_loss":0.20470874609928036,"confusion_matrix_table":{"path":"media/table/confusion_matrix_table_10_b653dd102ca2666e56ec.table.json","ncols":3,"nrows":100,"_type":"table-file","sha256":"b653dd102ca2666e56ec3b6299cb3cb3250f39fc82df6f2d9371457f53dc38ba","size":2930,"artifact_path":"wandb-client-artifact://3kx81fyt2sk0hx6dikc7hfn9ml4fwuezervylsjwcv9lte69kwre7hp9s4ec8sxhkmq8vcb3jk4al4kt5vpfmx0x6959tl83jawcsclgnpnmj3epk4felciiuc5q78ab/confusion_matrix_table.table.json","_latest_artifact_path":"wandb-client-artifact://6025af5ssyrgletu6q7fskkjvyqil9rwkdgfqd67j8fk4rtp85sebabl4akbxvejpu6h6ks4nuemtb763g0wqyy6tarkib4jco6sozvnnqzbvraxeqdp18742i0o40hp:latest/confusion_matrix_table.table.json"}}