{"_wandb":{"runtime":45},"loss":0.3174155378910116,"_timestamp":1.7421905712086895e+09,"cross_entropy_loss":0.3174155378910116,"_runtime":45.6986687,"confusion_matrix_table":{"ncols":3,"nrows":100,"_type":"table-file","sha256":"906be8a74de04d44fda16568364ca8229fa55775688330d8aca12094dfaa95fd","size":2931,"artifact_path":"wandb-client-artifact://civ1b7gk95apcabhylzot66g41ir2ulad6qn3p9pj2hh0fw13swxweku46973v10esqsfsvsizy26grbw9j4sjkejot5mmt9km40ubcr8agevhhuw558d8inaii8j3y6/confusion_matrix_table.table.json","_latest_artifact_path":"wandb-client-artifact://j956entge5le2hemstirdk2xdzh02ig8dnrrkoyui1giq4tt0k1rkynarsb8r0wa8191hpeqin61n15iy9hb3yf1it1o57tu3c5dyv5dwb2qmsiemjqn21sqtm6ig5wo:latest/confusion_matrix_table.table.json","path":"media/table/confusion_matrix_table_10_906be8a74de04d44fda1.table.json"},"accuracy":0.8865,"val_cross_entropy_loss":0.3656596324160796,"val_loss":0.3656596324160796,"epoch":10,"_step":10,"val_accuracy":0.8696,"val_mse_loss":0.18535223679241608,"mse_loss":0.16319840596318685}