{"_timestamp":1.7411578944028773e+09,"loss":2.2397437701348752,"val_loss":2.2078925198461983,"val_accuracy":0.3055,"_runtime":3.685359,"accuracy":0.25401851851851853,"epoch":5,"_step":4,"_wandb":{"runtime":3}}