{"_runtime":20.1761283,"val_accuracy":0.8272,"confusion_matrix_table":{"ncols":3,"nrows":100,"_type":"table-file","sha256":"cb9c6c05c21c7a8fd1eb6c06fe94ea4ba97f6cfd0e87b1ccc9d5841cf0f72633","size":2931,"artifact_path":"wandb-client-artifact://7klkv6la824l8yrrrgm9509w8brtu2tskni18ktq97xcxve9f8dx6akcuqpkwc1z97bj4wwes4h009bpm1yp9fnnjux7rikj7ksplzo940wj9m24ywc4oqw7yqp26vkp/confusion_matrix_table.table.json","_latest_artifact_path":"wandb-client-artifact://kjxef6i74rr4u84ex56g8f9b3prljgxouad3g5dlxy3kzlxm5qz4zyu55uqq60guhsi5z1seu0ydc7x5atv5hn8vf6forvvaivmolkfmnypcgv814fropi4y8s971f4a:latest/confusion_matrix_table.table.json","path":"media/table/confusion_matrix_table_10_cb9c6c05c21c7a8fd1eb.table.json"},"epoch":10,"_timestamp":1.7421905026703913e+09,"_step":10,"val_loss":0.5423711225458192,"_wandb":{"runtime":20},"cross_entropy_loss":0.5090389672714322,"mse_loss":0.24369764967375587,"val_mse_loss":0.25620629767700676,"val_cross_entropy_loss":0.5423711225458192,"accuracy":0.8331111111111111,"loss":0.5090389672714322}