{"_step":4,"val_loss":2.3033004725929285,"val_accuracy":0.1,"_runtime":20.3887329,"loss":2.3034659757831957,"epoch":5,"_timestamp":1.7413446449114296e+09,"_wandb":{"runtime":20},"accuracy":0.09794444444444445}