{"val_accuracy":0.10483333333333333,"val_loss":2.303434841987143,"_runtime":7.1496963000000004,"_step":9,"loss":2.3039013279782012,"_wandb":{"runtime":7},"accuracy":0.10085185185185185,"_timestamp":1.7411527714827404e+09,"epoch":10}