{"accuracy":0.10646296296296297,"_timestamp":1.7411574478491666e+09,"val_loss":2.2572083295679173,"epoch":10,"_wandb":{"runtime":6},"_runtime":6.2863876,"val_accuracy":0.10066666666666667,"_step":9,"loss":2.259582902429957}