{"val_accuracy":0.7814,"confusion_matrix_table":{"size":2930,"artifact_path":"wandb-client-artifact://8g54ev6h5f4w9nxn66vh0mme7rckezely59rwoiaxoulvvgjai6upx578auicd0m5hxiw4jnlskq4w13ntjqg62fbyuyww4vom7zshq56nnylaql150xgkvlakl18y8x/confusion_matrix_table.table.json","_latest_artifact_path":"wandb-client-artifact://8l8inliqvdq277h5xyfudjc46af3oqh6zq3p06jndmsy6t1uzfhvvwhfe8xiczf6e8ir3btskms285th9h8o80198pj7mnvh7s4a0y0r16p3gs9abdf9geaven0zpopn:latest/confusion_matrix_table.table.json","path":"media/table/confusion_matrix_table_5_85974273ec4fce544c37.table.json","ncols":3,"nrows":100,"_type":"table-file","sha256":"85974273ec4fce544c37fe9acc44ec37a944ea43a8d3ff0b1e11b6beec10a3d9"},"_runtime":40.7657095,"val_mse_loss":0.3241044869351727,"_step":5,"val_cross_entropy_loss":0.8626227637559277,"_timestamp":1.7421916497802796e+09,"val_loss":0.8626227637559277,"cross_entropy_loss":0.6324755264550889,"loss":0.6324755264550889,"epoch":5,"_wandb":{"runtime":40},"accuracy":0.8197777777777778,"mse_loss":0.25786824491916555}