{"_step":10,"cross_entropy_loss":0.4023131176251793,"val_loss":0.5903634596677987,"val_cross_entropy_loss":0.43281472178893093,"mse_loss":0.20419406201062815,"accuracy":0.8570740740740741,"_wandb":{"runtime":42},"val_mse_loss":0.2183586047374285,"confusion_matrix_table":{"ncols":3,"nrows":100,"_type":"table-file","sha256":"080bb2b82e72a4a6d2382fb9ea06aa72cdfeba914ef675dab7aca41c362271cd","size":2933,"artifact_path":"wandb-client-artifact://2ex4z7zsgijn5e5gfevo9guz2rivwy979dnwp0mzpcvb9cxs6i0dhsiya2m3kyev77wa9u2nkaqxhrybfb3gaofq0ze25dkse6iqmrw2fhth4b7jmuq1m9qe1evistdg/confusion_matrix_table.table.json","_latest_artifact_path":"wandb-client-artifact://1sna8raadzlxiclsu77y5wqcdsmxbao3k6g5xxeqc5zfwjlpovqawj5dd3waqequ40rx04xhpyj7o7egct0ahtjq0o2j12wd077rx07big1utrfm1v9w48tv057vioe1:latest/confusion_matrix_table.table.json","path":"media/table/confusion_matrix_table_10_080bb2b82e72a4a6d238.table.json"},"epoch":10,"_runtime":42.0718185,"_timestamp":1.7421981664596064e+09,"loss":0.5597760098086935,"val_accuracy":0.8451}