{"_step":5,"_runtime":32.6246643,"val_accuracy":0.8727,"_timestamp":1.7421079568503308e+09,"mse_loss":0.16573751523637165,"accuracy":0.8847037037037037,"cross_entropy_loss":0.32032694930478484,"_wandb":{"runtime":32},"loss":0.32032694930478484,"epoch":5,"val_mse_loss":0.18477298066345355,"val_cross_entropy_loss":0.3711111119737781,"confusion_matrix_table":{"artifact_path":"wandb-client-artifact://phyd3p7eargfg179p4zfeagd7ck4qt1p4a6z03bn7uhzr7xi41btuae4l6hqi22nzsthskmoascmvmbnogholgt9au92yy0b0id0o9srp6os4r5potorqgp3m8gx91ko/confusion_matrix_table.table.json","_latest_artifact_path":"wandb-client-artifact://rx31x9ck8ur1mskjdknxdlv43411renf9dfqlek6vzz8wr9v2avq1kct7hev3r66j7ist682v06or6e26lk6u7lddiks02hpfdhsd714uv4yvtrqkwr9667zxqfu8oxl:latest/confusion_matrix_table.table.json","path":"media/table/confusion_matrix_table_5_fe3a3cb95afca592b9a0.table.json","ncols":3,"nrows":100,"_type":"table-file","sha256":"fe3a3cb95afca592b9a0748781d8b5db4cc1ad11a7745fd6796d3f045ab8734d","size":2931},"val_loss":0.3711111119737781}