{"epoch":5,"_step":4,"val_loss":2.342231360783119,"val_accuracy":0.1,"_runtime":30.8433796,"loss":2.406461480812928,"accuracy":0.09920370370370371,"_timestamp":1.7412505015822158e+09,"_wandb":{"runtime":30}}