{"mse_loss":0.13306499035535108,"val_accuracy":0.8819,"loss":0.2501845408990264,"epoch":10,"accuracy":0.9072962962962963,"_timestamp":1.7421075532844915e+09,"cross_entropy_loss":0.2501845408990264,"val_mse_loss":0.17289716973435992,"_step":10,"val_cross_entropy_loss":0.3432196182933588,"val_loss":0.3432196182933588,"_wandb":{"runtime":39},"confusion_matrix_table":{"_latest_artifact_path":"wandb-client-artifact://75ujq13jy35clu3tbszpp3r97j2i8nfww0xbnt07mqy8xkiic8488c5cnsxkxd4o6mea9jizvh346qxx535j2ttk8nkr9k4sqd6d2s0wln1u9u0p2j0lcpw2eb37pua0:latest/confusion_matrix_table.table.json","path":"media/table/confusion_matrix_table_10_f3e7d90702e1a9527b1d.table.json","ncols":3,"nrows":100,"_type":"table-file","sha256":"f3e7d90702e1a9527b1da95bbd641b57e28e8ba4532511672e08636fc227ca9d","size":2928,"artifact_path":"wandb-client-artifact://po9yzzcx52m117p773c99eho60hue9du6gjwuizm8k9k5hg979d9d1r7xscn590ihbibe0noxpywoc32ojybhr4qyv3t4xm1vp3lnbz1fmw3rety2oojxuijlv1j2b45/confusion_matrix_table.table.json"},"_runtime":39.825474}