{"_wandb":{"runtime":37},"loss":2.293097604489381,"epoch":10,"accuracy":0.20583333333333334,"_timestamp":1.7412494104903114e+09,"_runtime":37.3167094,"val_loss":2.290904741724795,"val_accuracy":0.2829,"_step":9}