{"loss":2.30261056674089,"val_accuracy":0.1,"_timestamp":1.7412425707357342e+09,"_runtime":6.0615009,"_wandb":{"runtime":6},"accuracy":0.10046296296296296,"epoch":5,"val_loss":2.3025933858322585,"_step":4}