{"_step":4,"accuracy":0.12674074074074074,"loss":2.2786959130894724,"val_accuracy":0.14183333333333334,"_timestamp":1.7411578834033494e+09,"epoch":5,"val_loss":2.2706822401182816,"_wandb":{"runtime":3},"_runtime":3.71369}