{"val_loss":1.268919293088627,"accuracy":0.4540332147093713,"epoch":10,"_runtime":14.8358973,"_step":9,"_timestamp":1.7412374299868207e+09,"_wandb":{"runtime":14},"loss":1.2670339154716026,"val_accuracy":0.4597}