{"_timestamp":1.7411543636895866e+09,"_step":9,"_wandb":{"runtime":7},"_runtime":7.2692553,"val_loss":2.3042728131423207,"loss":2.3045517165817904,"val_accuracy":0.11516666666666667,"epoch":10,"accuracy":0.11127777777777778}