{"loss":2.302043581659513,"val_accuracy":0.09733333333333333,"epoch":10,"_step":9,"_timestamp":1.7411544535423436e+09,"_runtime":6.4025029,"accuracy":0.1002962962962963,"val_loss":2.300229870660416,"_wandb":{"runtime":6}}