{"epoch":5,"accuracy":0.8588333333333333,"_runtime":7.5451435,"val_loss":0.5141789446786122,"_wandb":{"runtime":7},"_timestamp":1.7412402301229765e+09,"loss":0.45295059028988427,"val_accuracy":0.8313,"_step":4}