{"_wandb":{"runtime":6},"_timestamp":1.741241858678572e+09,"_runtime":6.1291451,"val_accuracy":0.2982,"epoch":5,"loss":2.253739219952552,"_step":4,"accuracy":0.2913577500988533,"val_loss":2.2470522755322926}