{"accuracy":0.10066666666666667,"val_loss":2.302608925570164,"_timestamp":1.74125714379689e+09,"_runtime":6.9458879,"epoch":5,"val_accuracy":0.1,"loss":2.3026103908456474,"_step":4,"_wandb":{"runtime":6}}