{"_step":9,"loss":NaN,"accuracy":0.09944444444444445,"_runtime":41.3823869,"val_loss":NaN,"_timestamp":1.7413438125543494e+09,"epoch":10,"_wandb":{"runtime":41},"val_accuracy":0.1}