{"_runtime":5.2627937,"epoch":10,"loss":2.546043011171046,"_timestamp":1.7411558887754626e+09,"val_loss":2.5310512596753973,"val_accuracy":0.105,"_step":9,"accuracy":0.09944444444444445,"_wandb":{"runtime":5}}