{"mse_loss":0.13917395642283054,"_timestamp":1.7421942123805857e+09,"epoch":10,"confusion_matrix_table":{"sha256":"81a0fc677aad2a1c8e7bc305f43d1423dc51d8596430cd1a1241c25d816a030c","size":2933,"artifact_path":"wandb-client-artifact://cmy1s78i9tltl0lirlikq9m44kba0j9prr9a2ezzp1l71ps0cb9m7iosydr6pu8mt0idpfhydugfhdeaj5ul5nm4bmng0xgpu4guhg9zxjklfnhmxygkp247020480or/confusion_matrix_table.table.json","_latest_artifact_path":"wandb-client-artifact://lq122c7qv71zbzuzb34niuwiqvlgqk3764bal0tyxspn6imd5naskla2otz1aquynggptrza1yzkn30afo6iraay7p96t7umyoeffd27rvlvhh1tlpfems7crqk6bvlk:latest/confusion_matrix_table.table.json","path":"media/table/confusion_matrix_table_10_81a0fc677aad2a1c8e7b.table.json","ncols":3,"nrows":100,"_type":"table-file"},"val_loss":0.36124137455825883,"val_mse_loss":0.18338250619624852,"val_accuracy":0.873,"_wandb":{"runtime":36},"_step":10,"cross_entropy_loss":0.26190483726997266,"val_cross_entropy_loss":0.36124137455825883,"loss":0.26190483726997266,"accuracy":0.9036851851851851,"_runtime":36.0602798}