{"val_loss":2.263379798027964,"_timestamp":1.7412385469629457e+09,"_runtime":4.2989994,"loss":2.2779911112054707,"_step":4,"val_accuracy":0.4093,"accuracy":0.3749259039715471,"epoch":5,"_wandb":{"runtime":4}}