{"mse_loss":0.1794608953851593,"val_mse_loss":0.21079700226874556,"_timestamp":1.7421910815637717e+09,"_wandb":{"runtime":20},"val_loss":0.4274840905893052,"_step":10,"_runtime":20.4305131,"val_cross_entropy_loss":0.4274840905893052,"epoch":10,"loss":0.36221425563571263,"val_accuracy":0.8544,"accuracy":0.8759814814814815,"confusion_matrix_table":{"_type":"table-file","sha256":"05e4da246ae19d1ae636ab1aa84de9b9ef896b72bb99ce323ed73bdf4f8c54f6","size":2931,"artifact_path":"wandb-client-artifact://bqb0q2xlbrfz9ymwq2bv42ocap7i8knz2pkrdnu2j7ieneug9lefuyy19rgvy80ferrfr3s7hnybaz0ut3btxn6zl7psm37don6to9gyj2a3uf58rolgg99ne8cababh/confusion_matrix_table.table.json","_latest_artifact_path":"wandb-client-artifact://g29rjs85aojypk6uwbnbejt360ymli84vnqbnd9sz2ir02rer0l6msew7qo4qhnd3zvtitzbx1lwd5c4pbhah90gja698ipo2y7gyesutj4prhwq0mykam7ctv7voy4m:latest/confusion_matrix_table.table.json","path":"media/table/confusion_matrix_table_10_05e4da246ae19d1ae636.table.json","ncols":3,"nrows":100},"cross_entropy_loss":0.36221425563571263}