{"epoch":10,"loss":2.339788277832198,"accuracy":0.09944444444444445,"_wandb":{"runtime":28},"_runtime":28.3650892,"val_loss":2.32620590453826,"val_accuracy":0.1,"_step":9,"_timestamp":1.7412493381059492e+09}