{"_wandb":{"runtime":4},"epoch":5,"_runtime":4.3783676,"_timestamp":1.7411525927137666e+09,"_step":4,"val_accuracy":0.11483333333333333,"val_loss":2.301522361258039,"accuracy":0.10755555555555556,"loss":2.302247745788078}