{"val_loss":0.39561016667655696,"cross_entropy_loss":0.3279761785087749,"val_cross_entropy_loss":0.39561016667655696,"accuracy":0.8818148148148148,"val_accuracy":0.8581,"_step":5,"loss":0.3279761785087749,"epoch":5,"val_mse_loss":0.20305436851208514,"confusion_matrix_table":{"artifact_path":"wandb-client-artifact://q1m0bsdbaex821kjq48ofodewup9vt8cq65en1pxn628uoloqzfuzz98oxa5ucnnj0iw7lxmdr4y951etxymk7ce2b7323wt5ng16fwzpb0cnp531y26hxucadwjvooq/confusion_matrix_table.table.json","_latest_artifact_path":"wandb-client-artifact://81wgjyxog2f05mnqskqe5ny49wbpwn1ro3il4ea6h5nvme7qxea8u51ypsvyjy8w4uq9wmnevm7bh8o3pmg6k5tvez66rygqy36aih3d4t836a6xefe8c9zb8e1t4f7n:latest/confusion_matrix_table.table.json","path":"media/table/confusion_matrix_table_5_086ab0b949dce835817c.table.json","ncols":3,"nrows":100,"_type":"table-file","sha256":"086ab0b949dce835817c6a119ad77d651c55fc217cf2d1f57ef292ea495fbc2e","size":2926},"_runtime":9.0945417,"_wandb":{"runtime":9},"mse_loss":0.169920265839038,"_timestamp":1.741589410072961e+09}