{"_timestamp":1.7412386522064931e+09,"_wandb":{"runtime":13},"val_accuracy":0.3448,"_runtime":13.8990641,"loss":2.348573557820923,"accuracy":0.30612396204033215,"val_loss":2.345056799087997,"epoch":10,"_step":9}