{"cross_entropy_loss":0.3487678897767812,"val_cross_entropy_loss":0.434889851393965,"mse_loss":0.17735285397382075,"val_loss":0.434889851393965,"_wandb":{"runtime":7},"_timestamp":1.742106715524061e+09,"_runtime":7.2321189,"val_mse_loss":0.2199771912406,"confusion_matrix_table":{"nrows":100,"_type":"table-file","sha256":"b5d2b3b37fc912a905c908bbabf59311bfc5d6a1dfd8db0838f6ea217ccd4b33","size":2932,"artifact_path":"wandb-client-artifact://xgd3sx377dgp8k6z0phxt8x6l7ueo4f4ys0hbuhuajeunowj7ec40b39k9ph3u14l2kkg4s32pypqriw4xijnqxnu13igds4mhqtroqfoap93lwlpm3r9bfzh7gdo06z/confusion_matrix_table.table.json","_latest_artifact_path":"wandb-client-artifact://xcxlpd06qs11xs3dzdafabc577zesqvu2vsep76i4oymya7bnwkkwacdo847dixl8qc9u59lygoqum5oikzy01vdmsa30p126y1j2hxxbc9a2kifgsjs1ccuvwg8jwg1:latest/confusion_matrix_table.table.json","path":"media/table/confusion_matrix_table_5_b5d2b3b37fc912a905c9.table.json","ncols":3},"_step":5,"accuracy":0.8773148148148148,"epoch":5,"val_accuracy":0.8478,"loss":0.3487678897767812}