{"_timestamp":1.7411539164440775e+09,"_step":4,"accuracy":0.1002962962962963,"loss":2.307220014916807,"val_accuracy":0.09733333333333333,"_wandb":{"runtime":4},"_runtime":4.4546588,"epoch":5,"val_loss":2.3062355150293743}