{"_step":5,"val_mse_loss":0.18514189174617043,"val_loss":0.36515356979243696,"confusion_matrix_table":{"_latest_artifact_path":"wandb-client-artifact://e8ul3ellslohaqkmnb5rvdzk571gpiq8uxlctafd36ohbe03z0djj735cuxfmt1exfx3k6uxft4mzwfqie2y6532k0sq2vss5qkwi1m8687r5wylrl0kwyr4rfj2v61j:latest/confusion_matrix_table.table.json","path":"media/table/confusion_matrix_table_5_fa5d6ffd560a93e42106.table.json","ncols":3,"nrows":100,"_type":"table-file","sha256":"fa5d6ffd560a93e4210694c652082f5a93f77f56d5fed3ab85a43c29d3f24c52","size":2933,"artifact_path":"wandb-client-artifact://qet02bp5zfcfgoa4t8rjc36b7po9k27kbdp9mh2gpc75wthwh1twpl3d6y5l8tkyuznp6x3cy6hlfq9sw6mu5ctvqcs5bnwle5csy4hjrnl56c003wt1n8na4wd4m4c0/confusion_matrix_table.table.json"},"accuracy":0.8835925925925926,"mse_loss":0.16683122276266543,"epoch":5,"cross_entropy_loss":0.321448989494318,"_timestamp":1.7421078804802403e+09,"val_cross_entropy_loss":0.36515356979243696,"loss":0.321448989494318,"val_accuracy":0.8699,"_runtime":10.536572,"_wandb":{"runtime":10}}