{"val_loss":2.3044758076982688,"_wandb":{"runtime":18},"loss":2.3046434531612743,"val_accuracy":0.1,"_step":4,"accuracy":0.09753703703703703,"_timestamp":1.7413650080575078e+09,"_runtime":18.2380942,"epoch":5}