{"val_accuracy":0.8551,"mse_loss":0.18870357833582924,"accuracy":0.8688518518518519,"cross_entropy_loss":0.37088835148919186,"_runtime":54.6877176,"val_cross_entropy_loss":0.4202204661981139,"confusion_matrix_table":{"size":2934,"artifact_path":"wandb-client-artifact://ftlq8w369j3d0ov9z2hn8320t50eou7n8e1znw1353ervwpvc7m7rtlzno6k02j4726c45lcv7iihcqdckv4visag1okgw0t1i618odhv6z10rx4unqgzg98qqreailo/confusion_matrix_table.table.json","_latest_artifact_path":"wandb-client-artifact://t0x4ou1vxkcr60ifcs981se3k358y3ocxuq3wza0x3c3kat6v2nqvvuikt771ybkvnp5v243kggt1ocjayx697zcek8utpn603sxdg4vde26phxf7e0oadc3t0sq148p:latest/confusion_matrix_table.table.json","path":"media/table/confusion_matrix_table_5_389648aa4ed600a82541.table.json","ncols":3,"nrows":100,"_type":"table-file","sha256":"389648aa4ed600a825419533f68c940a843a946aff0ec9056d12d226a1b9ee62"},"val_loss":0.4202204661981139,"val_mse_loss":0.2110443006609065,"_wandb":{"runtime":54},"loss":0.37088835148919186,"epoch":5,"_timestamp":1.7421071094820993e+09,"_step":5}