{"confusion_matrix_table":{"nrows":100,"_type":"table-file","sha256":"28c050b53f88aab1a24773a3599f938920d7e958a8532ec97cf224f67355e7bf","size":2939,"artifact_path":"wandb-client-artifact://1bvw0p4a9s5kbm2uhyfo7enso0bvmctqdyu8cqdj6ftn6fnw520c1a8h9j91za8ry9l016rx137ok8lp1mf5m0tarv04vj86j97nqqzmeo1dizwlatx1wjjxfs5n58sg/confusion_matrix_table.table.json","_latest_artifact_path":"wandb-client-artifact://f0ecs1oro17c15wur79lp7j7q3izx6fyldwhe544lzi4vemo53o0236wcp6s8fiaxns9205ppog8uc9mgg0l2nfq7o70ntoe9gto4yjaaxmqeo1d31iol03sr2t0gqsr:latest/confusion_matrix_table.table.json","path":"media/table/confusion_matrix_table_5_28c050b53f88aab1a247.table.json","ncols":3},"accuracy":0.7283333333333334,"loss":0.8824465105553235,"_step":5,"_timestamp":1.741577051444225e+09,"val_loss":0.8499596630381452,"val_accuracy":0.739,"_runtime":13.066794,"epoch":5,"_wandb":{"runtime":13}}