{"epoch":5,"_step":4,"val_accuracy":0.0985,"val_loss":2.4083332804734363,"_timestamp":1.741155415486707e+09,"_runtime":4.8168869,"accuracy":0.10016666666666667,"_wandb":{"runtime":4},"loss":2.406346501574112}