{"_wandb":{"runtime":6},"val_loss":2.3010122014597987,"loss":2.3011053688375402,"_runtime":6.9075647,"epoch":10,"val_accuracy":0.1245,"accuracy":0.12348148148148148,"_timestamp":1.7411514878960695e+09,"_step":9}