{"_wandb":{"runtime":3},"val_loss":2.2944311843369265,"_step":4,"loss":2.2935985722591457,"val_accuracy":0.1035,"_runtime":3.8795674,"epoch":5,"accuracy":0.1029074074074074,"_timestamp":1.7411532247162776e+09}