{"accuracy":0.09944444444444445,"loss":NaN,"val_accuracy":0.1,"_step":9,"epoch":10,"_wandb":{"runtime":12},"_timestamp":1.7413434024328613e+09,"_runtime":12.0589019,"val_loss":NaN}