{"cross_entropy_loss":0.31265477243042583,"val_cross_entropy_loss":0.395569928888178,"confusion_matrix_table":{"ncols":3,"nrows":100,"_type":"table-file","sha256":"5489d15924c972f3005fcd80068b688ef61eab9a6abd30a77efcf623350b73af","size":2931,"artifact_path":"wandb-client-artifact://dnzp1qsmbhdtjd7ymamm67pids3vcdbz2ub1kzx84zugg3uynsui4xton0ie6u62mdxpb747ssbg4mnhpyeg2h70cputgtz1wlk2uw48sg6knnbmj2sqb9f1vuge9t4p/confusion_matrix_table.table.json","_latest_artifact_path":"wandb-client-artifact://zlcwj0kro57p23a4ntgx490ek46wckqefvluy51ioiujrx9cwcy7k9wxqiw3ga65c8yomqu6oowrgefhpq3zgwagqeqcrl7lpiobgy43nip9mvxn2grrdrq6av38wt5k:latest/confusion_matrix_table.table.json","path":"media/table/confusion_matrix_table_10_5489d15924c972f3005f.table.json"},"_runtime":29.5717873,"mse_loss":0.15911178417791066,"epoch":10,"val_loss":0.395569928888178,"accuracy":0.8920185185185185,"val_accuracy":0.8684,"loss":0.31265477243042583,"_wandb":{"runtime":29},"_timestamp":1.7421936511424594e+09,"val_mse_loss":0.19391857302249124,"_step":10}