{"_runtime":5.3014556,"val_loss":2.692507536371566,"accuracy":0.09938888888888889,"_timestamp":1.741155480231028e+09,"_wandb":{"runtime":5},"epoch":10,"val_accuracy":0.1055,"_step":9,"loss":2.735411325821846}