{"_step":4,"loss":2.305358307906566,"epoch":5,"val_loss":2.3025830663534457,"_timestamp":1.7412374111993172e+09,"val_accuracy":0.1,"_wandb":{"runtime":7},"_runtime":7.2422307,"accuracy":0.0995699881376038}