{"val_loss":2.3024748443437892,"_wandb":{"runtime":6},"val_accuracy":0.1406,"epoch":5,"_runtime":6.5214007,"_timestamp":1.7412576360077207e+09,"accuracy":0.10931481481481481,"loss":2.3024772112979366,"_step":4}