{"loss":1.8968236687389348,"accuracy":0.3109074074074074,"_runtime":5.6165408,"_wandb":{"runtime":5},"_step":9,"_timestamp":1.7411545223461967e+09,"val_loss":1.8381003228962587,"epoch":10,"val_accuracy":0.34883333333333333}