{"_timestamp":1.7411490720091171e+09,"_runtime":4.1722874,"_step":4,"_wandb":{"runtime":4},"epoch":5}