{"epoch":5,"_wandb":{"runtime":149},"val_loss":0.6028741878516568,"_timestamp":1.7412560926588564e+09,"_runtime":149.0298341,"accuracy":0.8362962962962963,"val_accuracy":0.8345,"_step":4,"loss":0.6045334233124755}