{"_step":4,"val_accuracy":0.09733333333333333,"epoch":5,"loss":2.554936977607442,"_wandb":{"runtime":4},"accuracy":0.1002962962962963,"_timestamp":1.741155511923967e+09,"val_loss":2.563328647059814,"_runtime":4.9311738}