{"_timestamp":1.7411580080178494e+09,"epoch":10,"loss":1.6904634340765092,"_wandb":{"runtime":5},"val_loss":1.620351003127939,"_step":9,"val_accuracy":0.49466666666666664,"_runtime":5.7299289,"accuracy":0.4855}