{"val_loss":2.2937057525685542,"loss":2.294496357985981,"val_accuracy":0.19916666666666666,"_timestamp":1.741154533992986e+09,"_wandb":{"runtime":6},"_step":9,"epoch":10,"accuracy":0.1947037037037037,"_runtime":6.5475084}