{"loss":1.7787902283254036,"val_loss":1.713623790053856,"_runtime":5.1607793,"_step":4,"epoch":5,"val_accuracy":0.2086,"_wandb":{"runtime":5},"_timestamp":1.741347826299882e+09,"accuracy":0.2069814814814815}