{"val_accuracy":0.1,"_runtime":9.0476338,"_wandb":{"runtime":9},"loss":2.326737673293385,"val_loss":2.3263818929338727,"_step":5,"_timestamp":1.7415773398390052e+09,"accuracy":0.09672222222222222,"epoch":5,"confusion_matrix_table":{"path":"media/table/confusion_matrix_table_5_3a5e256cb12d2d5189da.table.json","ncols":3,"nrows":100,"_type":"table-file","sha256":"3a5e256cb12d2d5189da1c363d9fd263bbd628492564bad9d615d9c78283fc84","size":2912,"artifact_path":"wandb-client-artifact://nr8dcftercwcq8t0lantwsxwh3su89xq0i9e3m0zuqwvv1p6oezh682amcxu4380lnuo8or1xeznzej4ieitjaidi4hclzxa47hsnsjgux483ex7b30v176cfjxmw8m1/confusion_matrix_table.table.json","_latest_artifact_path":"wandb-client-artifact://t83godp90n7c4pfhdo7ephg6eaz0jcmachbdyiwnp58dpcouacawcwui6wmb62bnlpi2y4859u9ivo224fhfx45d7vizw4f1b320b9vxdg83e9y95nonbhorqqtcgm2u:latest/confusion_matrix_table.table.json"}}