{"cross_entropy_loss":2.302607671108138,"confusion_matrix_table":{"_latest_artifact_path":"wandb-client-artifact://11eppkhuq3h0johnm1nv22atx4yzu10b5drn1bo7nifaaqky1epowa9xl8b9w8iynb1k2wn20pom32ioxl2645yqluml7239vf16k8w39l6libix4qkiwweo6157g6pa:latest/confusion_matrix_table.table.json","path":"media/table/confusion_matrix_table_5_e057170823602e16cc6d.table.json","ncols":3,"nrows":100,"_type":"table-file","sha256":"e057170823602e16cc6d65e01f04cd68537bdc19067d65140986d32eda76ff73","size":2912,"artifact_path":"wandb-client-artifact://msrz4gvd3ydwvl5ahdymdie3fo396ycjzk72kr7g89wbbgarvobp72atma652mlq8b4uemat7cmup5z3ibvd9e7yjvn4mkjrhaiwqpwr35qbml6xqmcs4eh56cxx1m8l/confusion_matrix_table.table.json"},"accuracy":0.10046296296296296,"_timestamp":1.7421342972155356e+09,"_step":5,"val_cross_entropy_loss":2.302592794305079,"epoch":5,"mse_loss":0.9000045347676585,"_runtime":21.7895862,"val_accuracy":0.1,"val_loss":2.302598313106714,"loss":2.3026146749062253,"val_mse_loss":0.9000015597804981,"_wandb":{"runtime":21}}