{"epoch":5,"loss":2.308275753224097,"_wandb":{"runtime":14},"_timestamp":1.7413472357209468e+09,"_runtime":14.0272348,"accuracy":0.09972222222222223,"val_loss":2.307783447567732,"_step":4,"val_accuracy":0.1}