{"loss":0.46837440659178997,"_runtime":6.8387504,"val_accuracy":0.8436,"val_loss":0.4989902271767831,"_wandb":{"runtime":6},"accuracy":0.8554074074074074,"_step":4,"epoch":5,"_timestamp":1.7413583708758357e+09}