{"_step":10,"_timestamp":1.741584850875386e+09,"cross_entropy_loss":0.44523926215478,"loss":0.5592188145911552,"_wandb":{"runtime":47},"val_cross_entropy_loss":0.4930504856067374,"epoch":10,"val_loss":0.6086889733002064,"val_mse_loss":0.22883223164796782,"val_accuracy":0.8399,"mse_loss":0.2122109541081721,"confusion_matrix_table":{"path":"media/table/confusion_matrix_table_10_647c505fa6d8e00c4f42.table.json","ncols":3,"nrows":100,"_type":"table-file","sha256":"647c505fa6d8e00c4f4265805a1bde10ab208d4db34e9eeb379f249a264b17fb","size":2936,"artifact_path":"wandb-client-artifact://ru7amic9m3m2avk8p5lwij9aicbn5xmtgyblhebq401fku2m1k8ik3th8k9zb1scexznlughas3dut8gyf4f9xij4e48927aqi7daztyspjwcjxp5544j7dj75y89o6p/confusion_matrix_table.table.json","_latest_artifact_path":"wandb-client-artifact://3gnd5n3axul6xctihg94rccsduvsba0yxbs2xqoknhlbg30udnberh9ys4h1u3di7p0k64q78tshnwdyh2x4wffjfe5d590olm1i80x55owvqyotsgwsqsofd9q8jjml:latest/confusion_matrix_table.table.json"},"_runtime":47.7118616,"accuracy":0.852}