{"_wandb":{"runtime":3},"_timestamp":1.741157760302126e+09,"loss":2.3029058602906685,"accuracy":0.030851851851851853,"_runtime":3.4363568,"val_loss":2.303040315984928,"_step":4,"epoch":5,"val_accuracy":0.031166666666666665}