{"accuracy":0.26505555555555554,"_runtime":3.6832021,"_wandb":{"runtime":3},"val_loss":1.8376026366527698,"_timestamp":1.7411554464995904e+09,"loss":1.9768590421570467,"_step":4,"val_accuracy":0.37916666666666665,"epoch":5}