{"val_loss":2.2624960142146753,"_step":9,"val_accuracy":0.1735,"epoch":10,"_runtime":16.8379105,"loss":2.29060984342389,"_timestamp":1.7412430323192985e+09,"_wandb":{"runtime":16},"accuracy":0.16281756623171215}