{"val_mse_loss":0.2025192004288194,"epoch":10,"_wandb":{"runtime":29},"val_loss":0.4139681316309134,"confusion_matrix_table":{"_type":"table-file","sha256":"7d0660c11ab2b65dd5d9f6ef197a4b65988cfe52fc837c3d57080f5aa932c613","size":2935,"artifact_path":"wandb-client-artifact://jrtlj0mskaxg99shsiyczpbdkyuff1fvslo78v0g825c101i0behgrbr4plx4fcb2ag41nhk624bwxxc41wu5htdh3rp6fzdkflpaaqxykfnsd5fi57but9uijf9mt8k/confusion_matrix_table.table.json","_latest_artifact_path":"wandb-client-artifact://mxhiq057e98lsgrwijjpnyvw3dbg7a8u8ktt3ewmu49zehgsi33japrv2zkzn7kgufutbuysv3kn020n002g0ojquz1pyqg1wc0k4tyvd8mag8jrhr3my2wr8dee300b:latest/confusion_matrix_table.table.json","path":"media/table/confusion_matrix_table_10_7d0660c11ab2b65dd5d9.table.json","ncols":3,"nrows":100},"cross_entropy_loss":0.3392614588660273,"mse_loss":0.1677214838480694,"_timestamp":1.7421082728859928e+09,"_runtime":29.8817003,"loss":0.3392614588660273,"val_accuracy":0.8634,"_step":10,"val_cross_entropy_loss":0.4139681316309134,"accuracy":0.8870555555555556}