{"val_loss":0.8901228857393997,"accuracy":0.7655,"epoch":10,"val_cross_entropy_loss":0.6856855385405322,"val_accuracy":0.7812,"_runtime":23.1710393,"mse_loss":0.32944937366839744,"_step":10,"loss":0.8699750632019521,"confusion_matrix_table":{"_latest_artifact_path":"wandb-client-artifact://q5tzauww9961eia350ey8f90s1s3qry5xo1fynkgjlyhjc8htpg7zyrdpc01nu2n8k8gfaikc9utpdjsavl0r1b1kl0kgens5uheelomm8l0qp4g8olp3lawtiz7lgru:latest/confusion_matrix_table.table.json","path":"media/table/confusion_matrix_table_10_3f774df38998f365433d.table.json","ncols":3,"nrows":100,"_type":"table-file","sha256":"3f774df38998f365433dc12ba8b31a87a9cde844216eb57202a83e5483f13582","size":2937,"artifact_path":"wandb-client-artifact://umw8lyi98v8qfu708r8eggi1046h5kg93ko5fwanphdj0olgnuw9aohfjz1lx659h07isto8kmiiy5knnvc709n40v2b6lr5tfyczko7yldr3959ba9nt0u7e5luhmxo/confusion_matrix_table.table.json"},"val_mse_loss":0.3287158782639708,"cross_entropy_loss":0.6668116719983238,"_timestamp":1.7415867842995121e+09,"_wandb":{"runtime":23}}