{"mse_loss":0.17712226835998732,"_timestamp":1.7421944072079725e+09,"epoch":10,"_step":10,"_wandb":{"runtime":60},"accuracy":0.8766481481481482,"val_loss":0.41486442453699374,"loss":0.35472073284743816,"cross_entropy_loss":0.35472073284743816,"confusion_matrix_table":{"ncols":3,"nrows":100,"_type":"table-file","sha256":"eb421f520bfa6a49383d61891a2151ec5dd204010f2721fa345729ced6a9caff","size":2930,"artifact_path":"wandb-client-artifact://qk35am5zwge8agfeb08lksr26rzsic4aeas2umk6jk2zcvvgrqbftoc705qilbl9s11bsyqanj7jru44jklq6oc4qvfn76ljdxb8l0m4cnzxhma4i43fc15zx76z7uj1/confusion_matrix_table.table.json","_latest_artifact_path":"wandb-client-artifact://l6xhffxeq868junqvljg1uoiyah3odz2t02mq36gtflbji0jlt2r3xut7g9knvryqamdbmnrzuu9ll36c1n2ugdsys2lrj2r3cecq8szz1b1zrdvwyurqabzherddk19:latest/confusion_matrix_table.table.json","path":"media/table/confusion_matrix_table_10_eb421f520bfa6a49383d.table.json"},"val_cross_entropy_loss":0.41486442453699374,"val_accuracy":0.8567,"val_mse_loss":0.20554322037195089,"_runtime":60.0749266}