{"val_accuracy":0.3119,"_step":4,"epoch":5,"accuracy":0.266037037037037,"loss":2.0633527155495757,"_timestamp":1.7413438750432925e+09,"_wandb":{"runtime":13},"val_loss":1.7787232327824902,"_runtime":12.9932182}