{"_step":4,"val_accuracy":0.1,"_timestamp":1.7412302681451664e+09,"val_loss":2.3124345435152485,"epoch":5,"loss":2.312645457116218,"accuracy":0.10104845880260818,"_wandb":{"runtime":49},"_runtime":49.8365017}