{"_step":9,"_wandb":{"runtime":13},"_timestamp":1.7415336739971125e+09,"epoch":10,"val_accuracy":0.3167,"val_loss":1.8646132484942637,"accuracy":0.3307407407407407,"_runtime":13.111343,"loss":1.9425116331963643}