{"_runtime":99.2238955,"_timestamp":1.7413474380704534e+09,"_step":9,"loss":0.40977241207194115,"val_accuracy":0.8577,"_wandb":{"runtime":99},"epoch":10,"accuracy":0.8753518518518518,"val_loss":0.5260383929978647}