{"val_cross_entropy_loss":0.38890092440125446,"confusion_matrix_table":{"sha256":"3d380ae6ebd7e19a2cdc53d9a95e033eb7ec1e79c15accdbe42dca1d17438df3","size":2931,"artifact_path":"wandb-client-artifact://a0vz2xw2jqy4tm2o6bdm0ew2i73ljw5pbha22h6ec4bd25whas1pjnky6ya21ole59ytpqjqmxe9d4avstnol4e4hi6etv49v0jx2mxsrharfpu2al20ngycpz16ox0z/confusion_matrix_table.table.json","_latest_artifact_path":"wandb-client-artifact://hod9s6qe6a37o32z5baunohywfl1953a9t9bhk64awl3shkw8emqe8so4ogr32w3m55z34jqzyk1fk9ea9wavkjbq2ek4twu5sxl5xmx9gaco0ysalz9dqisq9y6d449:latest/confusion_matrix_table.table.json","path":"media/table/confusion_matrix_table_5_3d380ae6ebd7e19a2cdc.table.json","ncols":3,"nrows":100,"_type":"table-file"},"cross_entropy_loss":0.31858704343621114,"val_loss":0.38890092440125446,"_step":5,"mse_loss":0.16687993081779182,"val_mse_loss":0.1962780223704019,"val_accuracy":0.8648,"_runtime":26.054147,"accuracy":0.8836111111111111,"loss":0.31858704343621114,"_wandb":{"runtime":26},"_timestamp":1.7421929296558917e+09,"epoch":5}