{"_step":10,"epoch":10,"confusion_matrix_table":{"nrows":100,"_type":"table-file","sha256":"e19cff2d9ad1f70dd319bd1300d164e44df39a3846f8e05b2be7b9f462217930","size":2940,"artifact_path":"wandb-client-artifact://ilc6v8d0y0qszkfrdom9fo4ix5pr72xf0rws0lf1wmgvutxk55mnhaywwlr0o0zq168wywquwyhp7lqci984ym2o6rvt8zjknixqaljvdpgwhh6qzeoqoqd4c2i8jr2v/confusion_matrix_table.table.json","_latest_artifact_path":"wandb-client-artifact://eek7dv080sej0y15j052vu5ggomjx27m0jc8bigs2kzyyl9g5kvqf6cjx8j4abasb4o5maca3w6ln8cnn84oyufvqyok3jqf6okarkdotetn3wy90y31tkzb9ukotkhq:latest/confusion_matrix_table.table.json","path":"media/table/confusion_matrix_table_10_e19cff2d9ad1f70dd319.table.json","ncols":3},"mse_loss":0.5001878416818536,"_runtime":21.4121287,"cross_entropy_loss":0.9597876287697602,"loss":1.0680524881947315,"val_mse_loss":0.4922989712504448,"_timestamp":1.7421045709300246e+09,"val_cross_entropy_loss":0.954907431147429,"val_accuracy":0.6647,"_wandb":{"runtime":21},"val_loss":1.066257489707992,"accuracy":0.6404444444444445}