{"val_loss":4.908227580779083,"_timestamp":1.741192558331753e+09,"_step":4,"loss":4.45061770421565,"epoch":5,"accuracy":0.4537037037037037,"_runtime":16.6412122,"_wandb":{"runtime":16},"val_accuracy":0.4429}