{"val_accuracy":0.8671,"_wandb":{"runtime":72},"val_cross_entropy_loss":0.42126267341733353,"val_loss":0.42126267341733353,"_timestamp":1.7421080441541936e+09,"epoch":10,"confusion_matrix_table":{"nrows":100,"_type":"table-file","sha256":"50ac9a1415bde536ddd127370437cb64bcc97c8ca3e818a9995c19fd3cd642c6","size":2931,"artifact_path":"wandb-client-artifact://htzg1p0pqhprf5k7s9dho50lch06jp46wr5hu458ftwx4y4gs1l7pif0qhet1cfmj1vwd0quowonbjm5yiae6wwbb32hud457bphywb7qiuw9i418eu15e3s3s2r3szk/confusion_matrix_table.table.json","_latest_artifact_path":"wandb-client-artifact://jgj6u2oeuy2rlznjye5vs5rpgzz788r1jaalknw0y3onf34nuqasmp6aq2vt1h67tb4x1964h6u2ugfhr9zybn9hw6id4oz2gr32qvdmufydethyq2ajkdjjuqlwquc4:latest/confusion_matrix_table.table.json","path":"media/table/confusion_matrix_table_10_50ac9a1415bde536ddd1.table.json","ncols":3},"cross_entropy_loss":0.32939071790609886,"loss":0.32939071790609886,"val_mse_loss":0.1982961742140741,"_step":10,"accuracy":0.8876296296296297,"_runtime":72.5606686,"mse_loss":0.163191257266931}