{"_runtime":23.3110012,"cross_entropy_loss":0.39277849400136594,"val_accuracy":0.8455,"confusion_matrix_table":{"_latest_artifact_path":"wandb-client-artifact://8og7h0bd3ewkg3967oe3p4rzxic2agk81q5co19qifz2fds455f59ho9k2rco9nfh9dof3musbyj5onsw9xrzv3ac1kvz1elz5clciafastdr1hkfwbxebkn90hd5hfm:latest/confusion_matrix_table.table.json","path":"media/table/confusion_matrix_table_10_a5734774aba61bcfb774.table.json","ncols":3,"nrows":100,"_type":"table-file","sha256":"a5734774aba61bcfb7744c3f67c88779436a56711d49d94bdf43c3723626606b","size":2932,"artifact_path":"wandb-client-artifact://3us9v0qbkxr7diycxwxzxp0x2ezu9jvr8di7zp2oozr8eql70tucitlh1u4s4qfw9g4olkx8vtmzhoyx7zxb8a9ap317h7t4y8ip4ua4gz89yqxzosg3w239ijxcvr00/confusion_matrix_table.table.json"},"_timestamp":1.741591644996465e+09,"val_loss":0.4439149741187488,"_step":10,"_wandb":{"runtime":23},"loss":0.39277849400136594,"accuracy":0.8675185185185185,"val_cross_entropy_loss":0.4439149741187488,"mse_loss":0.19254125929233157,"val_mse_loss":0.21804753273770916,"epoch":10}