{"val_loss":0.41950202334100123,"val_accuracy":0.852,"accuracy":0.8687037037037038,"loss":0.372734893389483,"val_cross_entropy_loss":0.41950202334100123,"val_mse_loss":0.21128443458949892,"epoch":10,"_timestamp":1.7421087487798865e+09,"_runtime":13.0116137,"_step":10,"mse_loss":0.1879095095198899,"cross_entropy_loss":0.372734893389483,"_wandb":{"runtime":13},"confusion_matrix_table":{"ncols":3,"nrows":100,"_type":"table-file","sha256":"8e89c912a821ce70e25706ee15aa4aa85a12633f9fa97a4da83a2bbd0e4683e6","size":2936,"artifact_path":"wandb-client-artifact://fwxirg3ccn8j9pwrlolyglxmskye18zkwigwroa7ut41cnh8ekb4vzilxp9dywfsvjq4oxfpawnjrfjitdx2abico0y1xw07kdnu805tycx92v70cak22cwpfkb1c3ow/confusion_matrix_table.table.json","_latest_artifact_path":"wandb-client-artifact://iiluivxzr3lqa81ie2q7v8uhdf418x4m2ppaios9b995mep1mfhpvqfq8czqfo2fhgg2c0w4xnfk29jlo6rzvwhg1hygwhjc5w4f7lf1lc19qapv81jz08o2cktkd0px:latest/confusion_matrix_table.table.json","path":"media/table/confusion_matrix_table_10_8e89c912a821ce70e257.table.json"}}