{"val_accuracy":0.08316666666666667,"val_loss":2.3014683572833916,"_wandb":{"runtime":3},"_timestamp":1.7411547611660924e+09,"_step":4,"epoch":5,"_runtime":3.4044007,"loss":2.3015733716035687,"accuracy":0.08411111111111111}