{"epoch":5,"accuracy":0.5359444444444444,"val_loss":1.1320939170013262,"val_accuracy":0.5283,"loss":1.1197556087493654,"_timestamp":1.7412575086084468e+09,"_step":4,"_wandb":{"runtime":22},"_runtime":22.9174307}