{"confusion_matrix_table":{"artifact_path":"wandb-client-artifact://w20c29m5z5zg8b33qk98fqvzzaqcwdofav39gublgf2zegv9sg5dbp0tmu8n5sbybi4crrk2bptpkbw8ojc3s0uuba898cdilgp530slt3qartval4c9m8or8xwi8ppi/confusion_matrix_table.table.json","_latest_artifact_path":"wandb-client-artifact://bcvjejubtl6nmfa5ugqja37rkkjvuxuawzf8oom456zv67e8zbtzgcnxbxsdw6zbt2qrb5442y0rms21kbdavyihi3jael8pobf3fyszisvslr317buszceh8xtsob0y:latest/confusion_matrix_table.table.json","path":"media/table/confusion_matrix_table_10_3fa0840a48ed780bcd98.table.json","ncols":3,"nrows":100,"_type":"table-file","sha256":"3fa0840a48ed780bcd981bb462c1fc31298a3f0ccd9b4a3e72b6622d6a99da78","size":2938},"epoch":10,"val_loss":0.6753769486211711,"_step":10,"val_cross_entropy_loss":0.48479226206134574,"val_mse_loss":0.2448739055880048,"loss":0.6496042668589058,"cross_entropy_loss":0.45892914304057136,"_runtime":37.5561583,"val_accuracy":0.8279,"mse_loss":0.231828591532905,"accuracy":0.8386481481481481,"_timestamp":1.7421904764520464e+09,"_wandb":{"runtime":37}}