{"accuracy":0.33485185185185184,"_wandb":{"runtime":6},"val_accuracy":0.36,"_step":9,"_timestamp":1.7411553957179096e+09,"epoch":10,"_runtime":6.0196015,"loss":2.243370277616332,"val_loss":2.233698864754731}