{"val_loss":2.3074872192658673,"accuracy":0.09862962962962964,"_runtime":29.844284000000002,"_wandb":{"runtime":29},"_step":9,"val_accuracy":0.1,"loss":2.3076014139949406,"_timestamp":1.7413486929514756e+09,"epoch":10}