{"val_accuracy":0.1,"epoch":10,"val_loss":2.304376555923236,"_wandb":{"runtime":12},"_step":9,"loss":2.3044648950709785,"accuracy":0.09942592592592593,"_runtime":12.1239515,"_timestamp":1.7412494595356982e+09}