{"_runtime":9.9376208,"accuracy":0.09772222222222222,"loss":2.3029686805334046,"_wandb":{"runtime":9},"val_loss":2.302763643788044,"epoch":5,"val_accuracy":0.1,"_step":4,"_timestamp":1.7412358974330568e+09}