{"_wandb":{"runtime":9},"_runtime":9.4851697,"_timestamp":1.7412526406938188e+09,"accuracy":0.09927777777777778,"val_loss":2.3035034226609374,"loss":2.30314898514089,"_step":4,"epoch":5,"val_accuracy":0.1}