{"val_accuracy":0.10083333333333333,"val_loss":2.2968329973065424,"_runtime":5.1258049,"_timestamp":1.7411541628052166e+09,"epoch":5,"accuracy":0.1356111111111111,"loss":2.2947484872065527,"_wandb":{"runtime":5},"_step":4}