{"val_loss":0.5744154641856869,"_step":5,"epoch":5,"val_cross_entropy_loss":0.5744154641856869,"val_accuracy":0.8306,"confusion_matrix_table":{"ncols":3,"nrows":100,"_type":"table-file","sha256":"14af14b22abc97273fae087dc90086b6b5034361d4d075449dd69cd83033f9b8","size":2934,"artifact_path":"wandb-client-artifact://nhh0kx1o88m0jnv6knft8rtfj021e6sxenp5k60zb5fh58mznc4s4veakogd1ggtc0dsa0onfxo5r3ydiyla209enw7mwk2qqlodeap63vfw2lfw7bi6ilf4nf67fl92/confusion_matrix_table.table.json","_latest_artifact_path":"wandb-client-artifact://vpunlj4eu8gn611m7n23vzheuvj83lnt4trupuba7f740rnb77t9s3wafy783lxh65imgy8j4vqytjpnu496vbu84apcmxhhyxugjop235tjuagb4auexoc1fg86x4ld:latest/confusion_matrix_table.table.json","path":"media/table/confusion_matrix_table_5_14af14b22abc97273fae.table.json"},"val_mse_loss":0.252759859921113,"loss":0.4329112223166524,"accuracy":0.8617407407407407,"_wandb":{"runtime":8},"mse_loss":0.20028896923545395,"_timestamp":1.7415889751818862e+09,"cross_entropy_loss":0.4329112223166524,"_runtime":8.3812317}