{"_runtime":10.8310565,"loss":2.328078046218879,"_wandb":{"runtime":10},"val_accuracy":0.1,"_step":9,"epoch":10,"val_loss":2.326672244372607,"_timestamp":1.7412434194959602e+09,"accuracy":0.13702208061647897}