{"epoch":10,"accuracy":0.10038552787663108,"val_accuracy":0.1,"loss":2.305315725660807,"_timestamp":1.7412357643615232e+09,"_runtime":14.1466082,"_wandb":{"runtime":14},"val_loss":2.3025882279166447,"_step":9}