{"val_mse_loss":0.9000238516822617,"_step":10,"accuracy":0.0972962962962963,"mse_loss":0.9000283051911314,"_runtime":81.0652674,"val_accuracy":0.1,"loss":2.304164501439314,"val_cross_entropy_loss":2.302703751928587,"_timestamp":1.74158466747255e+09,"epoch":10,"cross_entropy_loss":2.3027268000575027,"_wandb":{"runtime":81},"val_loss":2.304141559216504,"confusion_matrix_table":{"artifact_path":"wandb-client-artifact://45zj8wpyykm8dc47tlmu11nba9nygycsf7nvv9p1yqn9pw6hzjoju7ym3cuewuyzutj3uqy5uyfud27qu0pd9mk2j1lo5mbpajqbzsdzfcc0312i6bl1xw6lwp6jrn2b/confusion_matrix_table.table.json","_latest_artifact_path":"wandb-client-artifact://atms5nuwid9lpf11l9hcwpfqwthpx3t2c9t28n5jw1y2lmn3zgx0oyqhrymq6y9i6ai3zt2ln8o621brxh2vxe7hm0djs8r9jpu252egost58wjd84tf51pz3fa26l37:latest/confusion_matrix_table.table.json","path":"media/table/confusion_matrix_table_10_432d896da10cd3605541.table.json","ncols":3,"nrows":100,"_type":"table-file","sha256":"432d896da10cd3605541b4728cb3898790a4607163af19d112a706dfa0f46ee2","size":2912}}