{"_wandb":{"runtime":15},"val_accuracy":0.8416,"epoch":5,"val_loss":0.5370608817302054,"_runtime":15.2071716,"loss":0.48979381061672717,"accuracy":0.8553148148148149,"_step":4,"_timestamp":1.7412496058607059e+09}