{"val_accuracy":0.091,"_wandb":{"runtime":3},"_runtime":3.8188982,"accuracy":0.09211111111111112,"loss":2.3035590250931466,"_timestamp":1.741155018380093e+09,"epoch":5,"val_loss":2.304018412297751,"_step":4}