{"cross_entropy_loss":2.1737083123057226,"loss":22.593395101072595,"accuracy":0.480962962962963,"epoch":5,"confusion_matrix_table":{"_type":"table-file","sha256":"c1aeb75a929ddd6b24b5704759e7e9796453707dc6debb21219ea6a0e4f2e4bc","size":2943,"artifact_path":"wandb-client-artifact://056hc24m2rm72wt7fxcyfb3cclmvdit9ck5wl1r4zizjrg6oae47krmafcwmhrol1l3fwnfoswb1eknldloytkbkxx9u8o2xkpct2o9r59jo8ffsefe531rcta3w2l54/confusion_matrix_table.table.json","_latest_artifact_path":"wandb-client-artifact://5uzn8y11h4tm5m9apk0d3ptlw2la9876ag4pswvztgqi5z2oqbkgz03gir1u07p49d46idcovkyttw72l9v6ify1ail9hqzmjy7fqkj9w2139x0szkwpcnz22gqqh9gv:latest/confusion_matrix_table.table.json","path":"media/table/confusion_matrix_table_5_c1aeb75a929ddd6b24b5.table.json","ncols":3,"nrows":100},"val_accuracy":0.4818,"_runtime":6.9605730999999995,"mse_loss":0.8728739962830689,"val_mse_loss":0.8752054207022093,"_timestamp":1.741583758129425e+09,"val_loss":20.94812078817942,"val_cross_entropy_loss":2.184205476801181,"_wandb":{"runtime":6},"_step":5}