{"_runtime":8.1040615,"val_loss":2.302550252874403,"loss":2.306451150519999,"val_accuracy":0.10266666666666667,"epoch":10,"_wandb":{"runtime":8},"_step":9,"accuracy":0.0997037037037037,"_timestamp":1.7411536199962077e+09}