{"accuracy":0.8791111111111111,"val_accuracy":0.856,"_wandb":{"runtime":18},"_timestamp":1.7412549430983307e+09,"_step":9,"_runtime":18.6248466,"epoch":10,"loss":0.36703857267468604,"val_loss":0.48770709192180467}