{"accuracy":0.06305555555555556,"val_accuracy":0.06766666666666667,"_runtime":4.9092653,"_step":9,"_timestamp":1.7411578151738472e+09,"loss":2.3233455196556743,"epoch":10,"val_loss":2.3136154176079597,"_wandb":{"runtime":4}}