{"accuracy":0.1002962962962963,"val_accuracy":0.09733333333333333,"_timestamp":1.7411544208809917e+09,"epoch":10,"loss":2.3653315160145647,"_runtime":5.661397,"_step":9,"_wandb":{"runtime":5},"val_loss":2.370511779068397}