{"_timestamp":1.7411523104426358e+09,"loss":2.306144970476577,"_wandb":{"runtime":4},"_runtime":4.8593471,"accuracy":0.10064814814814815,"_step":4,"val_loss":2.3087264258172198,"epoch":5,"val_accuracy":0.09416666666666666}