{"val_loss":1.02365617715482,"_wandb":{"runtime":31},"val_accuracy":0.6559,"accuracy":0.658425925925926,"loss":1.0391625702890352,"_timestamp":1.7412552012859895e+09,"epoch":5,"_runtime":31.8609143,"_step":4}