{"val_accuracy":0.2006,"_timestamp":1.7412415506052349e+09,"_wandb":{"runtime":12},"epoch":5,"accuracy":0.20031861292234737,"loss":1.7951739520051058,"val_loss":1.7929145121342582,"_runtime":12.5826679,"_step":4}