{"loss":0.3301954635007591,"_timestamp":1.7421064952515593e+09,"_step":5,"confusion_matrix_table":{"_type":"table-file","sha256":"f059f70426a3c3e59b0ea5588b86e5c2b07daf105225c66a1594ba4b4f84ddd8","size":2933,"artifact_path":"wandb-client-artifact://tt6x17ty3umi4jr1k5lbyq9uf8b0ynoui9lz7ub2ei3j9pw2lw6ptqlninnentlf5wc2n9hpl46teg6wuykfpgr3khd4unqf9l0pbeuaqr8o7a7wk92djsyb86jp1dhr/confusion_matrix_table.table.json","_latest_artifact_path":"wandb-client-artifact://y8pln7puwndlfmu98p2jz9kqk7f8cmflvhutikosngpm7d2ggk696moeen4i0dc4byh8q0k43pgxluef02ie6kuf4a2u5dqpix0ncico78hzrdouwijxn7qdxs358pv9:latest/confusion_matrix_table.table.json","path":"media/table/confusion_matrix_table_5_f059f70426a3c3e59b0e.table.json","ncols":3,"nrows":100},"val_loss":0.3889365413534386,"_runtime":16.2203693,"val_accuracy":0.8681,"val_mse_loss":0.19470192765822503,"accuracy":0.8812222222222222,"epoch":5,"val_cross_entropy_loss":0.3889365413534386,"cross_entropy_loss":0.3301954635007591,"mse_loss":0.17045577958784036,"_wandb":{"runtime":16}}