{"_wandb":{"runtime":22},"loss":2.35579981671123,"_runtime":22.636506699999998,"accuracy":0.10464211618257262,"_step":9,"val_loss":2.354283090903435,"val_accuracy":0.1,"epoch":10,"_timestamp":1.7412353071412048e+09}