{"cross_entropy_loss":0.33704951754302853,"accuracy":0.8795,"val_accuracy":0.8592,"mse_loss":0.17294335227047675,"val_cross_entropy_loss":0.38940495752671184,"_wandb":{"runtime":12},"val_loss":0.46180365161323467,"_runtime":12.3659165,"loss":0.4092626340648554,"val_mse_loss":0.20029975490293242,"confusion_matrix_table":{"size":2931,"artifact_path":"wandb-client-artifact://qm0ioscbztk6u1k2ewq3jquls1mnqqbqus3b1f52kvmviblbxim4he4sqr0v517yu8ufwucrfa5zhgi31clcane1c9ntcp4djb06vmd0eb48imf4n19quzrz443o9sgp/confusion_matrix_table.table.json","_latest_artifact_path":"wandb-client-artifact://t63cimzhqig0weacrmk6jgizpmyscu9gcz8wi8akqfhp2znv2fhiy7d0fyquyul9elz9iwdn96fpjwu15cknta31xffs5b7g4skz3eane0c4nvkhhw9mddiwfddwnld3:latest/confusion_matrix_table.table.json","path":"media/table/confusion_matrix_table_10_788d077e4ca20d6f3db5.table.json","ncols":3,"nrows":100,"_type":"table-file","sha256":"788d077e4ca20d6f3db5047f13cbad5e695cf0f0c338f0c550e894d9e05c1812"},"epoch":10,"_timestamp":1.7421933627258863e+09,"_step":10}