{"val_accuracy":0.1,"val_loss":2.3025896325098123,"_runtime":26.7517285,"_wandb":{"runtime":26},"_timestamp":1.7412436572797604e+09,"accuracy":0.1009662910241202,"loss":2.3053144291592025,"_step":9,"epoch":10}