{"loss":0.020344095868067697,"_runtime":35.2813145,"accuracy":0.9929259259259259,"_step":11,"test_confusion_matrix_table":{"ncols":3,"nrows":100,"_type":"table-file","sha256":"0b8fd91aa41b79ea257912056a0acb38e218cf4a119652cb822b8613b9b7739b","size":1786,"artifact_path":"wandb-client-artifact://i7bg6543wy1k7clx8jvgnmvwsp3vram2p2tq4670aqqyvk5u1pqbyoto8vv2h6qqv79uozop5r6f13xxulrxhqb5am749uklem4mqxxevl6cvqv9a7lhuf2uuoikhs61/test_confusion_matrix_table.table.json","_latest_artifact_path":"wandb-client-artifact://vpigrn7olitfb727kq854z4aej8gvxjmyokq1lmhr4fd3cdwuzv6wzp6yddedec7ui1skzt2ekg8v8ljojbcbck92yfnlhgfm75ol7at4rl0vgzg259gz0eo8lcnf8zo:latest/test_confusion_matrix_table.table.json","path":"media/table/test_confusion_matrix_table_10_0b8fd91aa41b79ea2579.table.json"},"epoch":10,"val_loss":0.09332686290517359,"_timestamp":1.742210331871857e+09,"val_accuracy":0.9776666666666667,"test_accuracy":0.9724,"_wandb":{"runtime":35}}