{"accuracy":0.10007407407407408,"epoch":10,"_step":9,"val_loss":2.3025951764485066,"_timestamp":1.7412532424432478e+09,"_wandb":{"runtime":15},"val_accuracy":0.1,"_runtime":15.8517607,"loss":2.3026232307810695}