{"_wandb":{"runtime":37},"val_mse_loss":0.23251586239213576,"val_loss":0.45662830792365766,"_runtime":37.6210714,"val_accuracy":0.8359,"mse_loss":0.21712110475935759,"accuracy":0.8476481481481482,"epoch":10,"_step":10,"loss":0.42822310282366366,"_timestamp":1.7421956945801787e+09,"val_cross_entropy_loss":0.45662830792365766,"cross_entropy_loss":0.42822310282366366,"confusion_matrix_table":{"ncols":3,"nrows":100,"_type":"table-file","sha256":"e9d95e53e973e737b85d9df9fa675fe1823169c187b66d8c9e5462aceffa0ad5","size":2937,"artifact_path":"wandb-client-artifact://ktv8yoiaeds3z82bzsquv15zyzljzkr0iv5gdjdgtodpns2s8kcwsdqimbwczgf4m433a9bmwaa5pozguzn8q086zx6yv8qiu68m0jyog5sdxbpfqidkpa6pokeodcdc/confusion_matrix_table.table.json","_latest_artifact_path":"wandb-client-artifact://p2ja548klu0m4ukf627ehqm6iz2rz5t1gcnzou55ylipd6cfyi2pjtoiaewinaej7kfwfuxvv4tjtjhacj7uiowtzzgm9v4m570rxmy4sho2b2huot6rm0yhf1o4h9b9:latest/confusion_matrix_table.table.json","path":"media/table/confusion_matrix_table_10_e9d95e53e973e737b85d.table.json"}}