{"val_cross_entropy_loss":0.45886865237887925,"_timestamp":1.741588795039505e+09,"accuracy":0.8598888888888889,"val_loss":0.45886865237887925,"val_mse_loss":0.22119418400173546,"epoch":5,"cross_entropy_loss":0.4254630910643933,"_step":5,"loss":0.4254630910643933,"mse_loss":0.20445339931609408,"_wandb":{"runtime":15},"_runtime":15.5979728,"val_accuracy":0.8453,"confusion_matrix_table":{"artifact_path":"wandb-client-artifact://41mzjlg20fu0o3cftxzrlkxxswhwk16q0su9sciwdpu21idrbvyjiptuge6la9jbkz3qotna14n0ll3nq64q2i0fczhl8ndon140va8vgvxcibs6c2j6p6rdet5hzik7/confusion_matrix_table.table.json","_latest_artifact_path":"wandb-client-artifact://siii78mbhzaimtr49s4aueqcpz3dhhvviuf2026mg7x05bxzprs5yfd68tcvkrqgm8eaqmikx7p1uop5g3o5e7r177nploq9dl8f7xj3c5e62g6bb10sdymz1yzgw53s:latest/confusion_matrix_table.table.json","path":"media/table/confusion_matrix_table_5_27d2a5a821b8c06fc01c.table.json","ncols":3,"nrows":100,"_type":"table-file","sha256":"27d2a5a821b8c06fc01cb79ff66289122a2c059ade43a9d7b3cd6c24cbcf45b0","size":2933}}