{"epoch":5,"_wandb":{"runtime":3},"_runtime":3.4600703,"loss":2.302374417456396,"accuracy":0.14505555555555555,"val_loss":2.3025658924381234,"_timestamp":1.7411538452827547e+09,"_step":4,"val_accuracy":0.13933333333333334}