{"_timestamp":1.7415845448711045e+09,"val_loss":0.714738424736078,"confusion_matrix_table":{"artifact_path":"wandb-client-artifact://ac483e96x8xseobyf55gggmt74ztck3le3v272w7b8awpz2ql49e85nntapw60up250pjq8cm8w8h0ytcbiyaavgmxigkc0jz6yo3fnv9taaxvq4anicphniee7clis3/confusion_matrix_table.table.json","_latest_artifact_path":"wandb-client-artifact://1ez8gksixf31b9zxwt9lcz50uhkx4aavktd3dstzmf5lypbhgejo536gy7cugn5xdnlaflcfwgbsd23nro3bel9cjsr7ynb0i990sp8we0vkm1oqzvjqrjxvfoibqxax:latest/confusion_matrix_table.table.json","path":"media/table/confusion_matrix_table_10_ac1e0c30e4d338849ad8.table.json","ncols":3,"nrows":100,"_type":"table-file","sha256":"ac1e0c30e4d338849ad8545b1b5526e021312396c1c27ce801c505e2fc475cc0","size":2937},"epoch":10,"_step":10,"val_accuracy":0.8397,"accuracy":0.8492962962962963,"val_cross_entropy_loss":0.44865853695258556,"cross_entropy_loss":0.42714955124328474,"loss":0.6887822731555912,"val_mse_loss":0.22498418809257856,"mse_loss":0.2143778268036343,"_wandb":{"runtime":32},"_runtime":32.367293}