{"_timestamp":1.74115469309361e+09,"val_loss":2.30639841841058,"loss":2.306287534299106,"_wandb":{"runtime":4},"val_accuracy":0.08816666666666667,"epoch":10,"_step":9,"_runtime":4.7179343,"accuracy":0.09275925925925926}