{"_runtime":6.5678772,"accuracy":0.10694444444444444,"val_accuracy":0.11216666666666666,"_step":9,"epoch":10,"_wandb":{"runtime":6},"_timestamp":1.7411573626865916e+09,"val_loss":2.299313144739535,"loss":2.2997625813829057}