{"cross_entropy_loss":0.32128081543857484,"val_cross_entropy_loss":0.38304281582866784,"val_accuracy":0.8714,"_runtime":16.6785345,"_timestamp":1.7421119828155699e+09,"_step":10,"val_mse_loss":0.18991358601468714,"loss":0.32128081543857484,"epoch":10,"confusion_matrix_table":{"artifact_path":"wandb-client-artifact://fho00dew3eccsh532b7pb3v7i5ix2py74r9rz79r0qcn57go5lz1w7i8ueztvfo1v7ae0225ziae4cuesnae9jk8aafckw9fmv51xtcqqydfh5pkx2mvsd7y5dcrabdh/confusion_matrix_table.table.json","_latest_artifact_path":"wandb-client-artifact://b173nze53iptc8l7ql0cfpvyv92ual0e130lgg2q9rqzmz0hfq0u6atp8elfrfrqhc5lctbc9dt5359zw2mykvuwufrcf18b7hkbj6b9eert4mtghbsgrlayoq5l0dkg:latest/confusion_matrix_table.table.json","path":"media/table/confusion_matrix_table_10_3adf7a13746b695c3698.table.json","ncols":3,"nrows":100,"_type":"table-file","sha256":"3adf7a13746b695c3698336c0c271fc988b8b27c0a316d0b494cbc09d020773c","size":2929},"_wandb":{"runtime":16},"mse_loss":0.16369999284071599,"accuracy":0.8874814814814814,"val_loss":0.38304281582866784}