{"_wandb":{"runtime":12},"_timestamp":1.7412516261017568e+09,"accuracy":0.09764814814814815,"loss":2.303342020410157,"val_accuracy":0.1,"_runtime":12.4926478,"_step":9,"epoch":10,"val_loss":2.303311319423916}