{"epoch":10,"_wandb":{"runtime":19},"_step":9,"accuracy":0.09934425014819205,"val_accuracy":0.1,"_runtime":19.751921199999998,"loss":2.3039543405712344,"val_loss":2.3025873414546423,"_timestamp":1.7412359981135607e+09}