{"_wandb":{"runtime":45},"epoch":10,"loss":2.3028605265942046,"accuracy":0.09957407407407408,"_runtime":45.7473095,"val_accuracy":0.1,"_timestamp":1.7412502589941652e+09,"val_loss":2.302967786075414,"_step":9}