{"epoch":10,"_wandb":{"runtime":5},"_step":9,"accuracy":0.14955555555555555,"val_accuracy":0.157,"_runtime":5.1964895,"val_loss":2.28330443508501,"_timestamp":1.7411542923730035e+09,"loss":2.286940139077832}