{"val_loss":2.223082145353143,"_wandb":{"runtime":9},"_runtime":9.1840127,"_timestamp":1.7411552221189835e+09,"loss":2.2385817053128148,"accuracy":0.18209259259259258,"_step":9,"epoch":10,"val_accuracy":0.3283333333333333}