{"val_loss":2.308932773611365,"_timestamp":1.7411524735469823e+09,"accuracy":0.20285185185185184,"epoch":5,"_runtime":5.0854275,"_wandb":{"runtime":5},"_step":4,"val_accuracy":0.105,"loss":2.2939171729876904}