{"loss":2.405744239359769,"accuracy":0.1406111111111111,"val_loss":2.4006504784720053,"_wandb":{"runtime":3},"epoch":5,"val_accuracy":0.145,"_runtime":3.4962712,"_step":4,"_timestamp":1.7411558763746474e+09}