{"confusion_matrix_table":{"path":"media/table/confusion_matrix_table_5_76cbc5fcd3c767cd48b2.table.json","ncols":3,"nrows":100,"_type":"table-file","sha256":"76cbc5fcd3c767cd48b2d83f83e7f7cddaf398b51d3555daf421be8abb7e4b6b","size":2938,"artifact_path":"wandb-client-artifact://exhdzyb5oud50e9aj51zmih9p1vzxro3wz6nvif4xgfvpssopkyrjaf4vrmz5t4himao1la1m0ebgr1lqefuczgkxc4qlhypu76pob2mjoyi86oplyazvbiuifxy2l41/confusion_matrix_table.table.json","_latest_artifact_path":"wandb-client-artifact://exn4cntyf75lryi2gcd15zkfelf28x10i0dib9cs8artzngf30w3zbjrio3y7jvzsrsdvgubl9unt8yfqofrs49gsvcm74wwr78l4x405r10jo0m32lu4oievn86rhub:latest/confusion_matrix_table.table.json"},"accuracy":0.8839074074074074,"loss":0.3185262115504598,"_timestamp":1.741589049191996e+09,"_runtime":10.036235,"val_cross_entropy_loss":0.39437439628849136,"val_mse_loss":0.20033296833056732,"val_accuracy":0.8591,"val_loss":0.39437439628849136,"mse_loss":0.1657523626490341,"epoch":5,"_wandb":{"runtime":10},"cross_entropy_loss":0.3185262115504598,"_step":5}