{"val_accuracy":0.8697,"accuracy":0.8857222222222222,"mse_loss":0.16343497588281772,"confusion_matrix_table":{"nrows":100,"_type":"table-file","sha256":"e2df0862ca234c3bd4552346f0cd851426e6580b82fa7bbb632ee303509b3b5a","size":2931,"artifact_path":"wandb-client-artifact://nysnygyuilgxzmwk1b669vvcwat0w9drn907cvseqgjuw05wxgb5a4sn89tgfulvgeqbaq9ff75zfr0mbrpx1c1mwqgxrtq9ua34ua2z33qtgf6wfv7nadq0hunyc53n/confusion_matrix_table.table.json","_latest_artifact_path":"wandb-client-artifact://ssq7x14vacbs8e4yf6ue1n7yjr1b0k43h2gk7l52g428xkjd9ver6hd77ny8n66g5m7guq33wby48h6vnb7auwzg6i1z8b33g9gm9joi8bsx0j34xa2cwqx015wcybc6:latest/confusion_matrix_table.table.json","path":"media/table/confusion_matrix_table_10_e2df0862ca234c3bd455.table.json","ncols":3},"_runtime":14.9709758,"_step":10,"val_mse_loss":0.18917488384233302,"val_loss":0.4489133357211521,"cross_entropy_loss":0.31719489097634984,"epoch":10,"val_cross_entropy_loss":0.3770398182559532,"_wandb":{"runtime":14},"_timestamp":1.7421346655808623e+09,"loss":0.388922884756523}