{"val_loss":2.264959475804119,"epoch":10,"_timestamp":1.7411524632441978e+09,"_step":9,"accuracy":0.20562962962962963,"loss":2.2728027159750708,"val_accuracy":0.242,"_wandb":{"runtime":6},"_runtime":6.8098189}