{"val_accuracy":0.1,"_runtime":14.3921764,"_step":4,"val_loss":2.3122870371103024,"accuracy":0.10064814814814815,"_wandb":{"runtime":14},"epoch":5,"loss":2.3133458439415144,"_timestamp":1.7412344709628465e+09}