{"_step":9,"_wandb":{"runtime":5},"loss":2.3044740292140116,"_timestamp":1.7411560281913188e+09,"epoch":10,"_runtime":5.2837367,"val_loss":2.3046920883771684,"val_accuracy":0.030333333333333334,"accuracy":0.02774074074074074}