{"confusion_matrix_table":{"artifact_path":"wandb-client-artifact://xjzlm45xhteky4i2rjr48yygzxipw6342bqtpxmrosw26of0go4rztwete9l5c5fiaqh7h13z083bpma7ze9bonez0ytthd1y19gnns4gb7z1vwsuvrgn61iqnfevgbk/confusion_matrix_table.table.json","_latest_artifact_path":"wandb-client-artifact://99pxhuumzmldhl015cwpf5ylxftjlkg5d8395501jvdw85ghifge978prt16qul1lcnimwte6e9f66jwh6gmwf0ucmmxnvzj1r9m5hq9lhfn4eobbmn2tmj4gmqkwu79:latest/confusion_matrix_table.table.json","path":"media/table/confusion_matrix_table_5_5e2922c70e98466a568b.table.json","ncols":3,"nrows":100,"_type":"table-file","sha256":"5e2922c70e98466a568b8f45ee7f012bcef4640618c9451a7df42b35f9e2fc7c","size":2934},"val_cross_entropy_loss":0.40168012530318126,"epoch":5,"loss":0.4423355001517958,"mse_loss":0.1937550666859655,"_timestamp":1.7415899984407666e+09,"cross_entropy_loss":0.38116387583228983,"val_loss":0.46283478939337197,"_step":5,"_wandb":{"runtime":12},"_runtime":12.7817214,"val_mse_loss":0.20439637074980865,"accuracy":0.864462962962963,"val_accuracy":0.8567}