{"_runtime":40.0204493,"epoch":10,"mse_loss":0.13298317231094797,"accuracy":0.9078148148148149,"_wandb":{"runtime":40},"val_mse_loss":0.1825898533857744,"_step":10,"val_accuracy":0.8746,"val_loss":0.3526320169385255,"loss":0.25060834101745366,"_timestamp":1.7421093982986417e+09,"val_cross_entropy_loss":0.3526320169385255,"confusion_matrix_table":{"_type":"table-file","sha256":"8725ee19b469c6ed20412adf936243fbfa779ab21a49fac1b80cf9dd72f65e67","size":2931,"artifact_path":"wandb-client-artifact://8cnke47npcsfnan5s6l3b97nb6il3zsadgkob5gg7mvznu6h2u7lloe55qy22parcuhxb34nbm9vsqroxwqhpzwm7nl9gaq45tswfkd15qh61nvc8m95vhheqfqlmw8n/confusion_matrix_table.table.json","_latest_artifact_path":"wandb-client-artifact://1kairwzqj2f8gknz5lnl6xkpnmqa7gnjogtfv2u8pgzovmh81zh4hdl6laxoxeen726s3193nq73za6xj2wwthzsdbrpxybb1vlrehw95q3nr0fyhgfcysoktuoc36mu:latest/confusion_matrix_table.table.json","path":"media/table/confusion_matrix_table_10_8725ee19b469c6ed2041.table.json","ncols":3,"nrows":100},"cross_entropy_loss":0.25060834101745366}