{"val_loss":2.302589191748572,"accuracy":0.09907407407407408,"_wandb":{"runtime":10},"val_accuracy":0.1,"_timestamp":1.7412408217483668e+09,"_runtime":10.5256729,"epoch":5,"_step":4,"loss":2.3026149260263904}