{"_step":4,"_wandb":{"runtime":33},"epoch":5,"accuracy":0.5719814814814815,"val_loss":2.834934755667234,"_runtime":33.4275763,"val_accuracy":0.5804,"_timestamp":1.7412575888070612e+09,"loss":2.675873787865802}