{"val_loss":0.3771122832636517,"mse_loss":0.1575195154166859,"accuracy":0.8912222222222222,"val_cross_entropy_loss":0.3771122832636517,"_runtime":20.2751112,"_step":10,"_wandb":{"runtime":20},"val_accuracy":0.8673,"_timestamp":1.7421954419651701e+09,"cross_entropy_loss":0.30654252905748414,"epoch":10,"loss":0.30654252905748414,"confusion_matrix_table":{"size":2929,"artifact_path":"wandb-client-artifact://p1qayt99d20p0b84glz0ny518ji6k3iad4hivyuypbhxxfcstrigvmiqqmzj24tm371gqdhsw8vfrx3p3ef38xxm9cdxpft47x8khltk6g8m78iv5wmsl325mzn1uawb/confusion_matrix_table.table.json","_latest_artifact_path":"wandb-client-artifact://icqzatonhn1dno3uucjql354nifqi8thrdvwf0kuxy6jvnrp64gjlcx4s3fqlhrzbzr225ch6q4wk5wsjy7rntg02talhi4wrln7ld5bm276k8sil61k145ivnfcf5m5:latest/confusion_matrix_table.table.json","path":"media/table/confusion_matrix_table_10_232688bd466df5c71dc3.table.json","ncols":3,"nrows":100,"_type":"table-file","sha256":"232688bd466df5c71dc3d82be3d86399f1074fa6939c238b57c512fccf6a2a4d"},"val_mse_loss":0.1899856932544029}