{"_wandb":{"runtime":11},"val_loss":2.254695989655658,"_timestamp":1.7412399475305119e+09,"_step":4,"val_accuracy":0.3171,"_runtime":11.7842968,"epoch":5,"loss":2.2758182656651225,"accuracy":0.3132965323058684}