{"epoch":10,"accuracy":0.09996296296296296,"val_accuracy":0.10033333333333333,"_runtime":6.2545531,"_step":9,"loss":2.3160126905115166,"_timestamp":1.7411518929050822e+09,"_wandb":{"runtime":6},"val_loss":2.3133917666286488}