{"accuracy":0.09938888888888889,"val_loss":2.30904009511454,"_timestamp":1.7411546599828503e+09,"epoch":5,"loss":2.3090417797141467,"_runtime":3.630986,"_wandb":{"runtime":3},"_step":4,"val_accuracy":0.1055}