{"val_accuracy":0.8536,"val_loss":0.40311997982735,"accuracy":0.8690555555555556,"_wandb":{"runtime":38},"cross_entropy_loss":0.3639948093624723,"val_mse_loss":0.20572517316536673,"val_cross_entropy_loss":0.40311997982735,"epoch":5,"_timestamp":1.7415887375048718e+09,"_step":5,"confusion_matrix_table":{"_type":"table-file","sha256":"943f8100018e6d415f8be9eb815a6037ceba48848e3ad17cb825975521ecc360","size":2934,"artifact_path":"wandb-client-artifact://fasnk3kczo0cljwjtjsnkufi122gs62ozwpswpu39uqxkexepk574ndpl91z84t4dl5tvnlposz186k5s2y5pzp081yray8wmnfqbsfloe8khx8rkrc9p5nxtego2jdu/confusion_matrix_table.table.json","_latest_artifact_path":"wandb-client-artifact://abn1kn789y59ykgffym9fdo8zg69psuahr467gv1nzb3eo0go33goc6eegsokwqwmve5x8vtajil8lgukbyx91t6cpw9kc46ao38xw2f6x4mnl9y86zqlmwrc773c6oa:latest/confusion_matrix_table.table.json","path":"media/table/confusion_matrix_table_5_943f8100018e6d415f8b.table.json","ncols":3,"nrows":100},"mse_loss":0.18628309952335578,"_runtime":38.3818652,"loss":0.3639948093624723}