{"epoch":5,"loss":0.31828777965569854,"cross_entropy_loss":0.31828777965569854,"val_accuracy":0.8704,"accuracy":0.8840185185185185,"_wandb":{"runtime":10},"_timestamp":1.741590962151655e+09,"_runtime":10.2872851,"val_mse_loss":0.1868646793752862,"confusion_matrix_table":{"sha256":"509cf6e3dc57ed12494763037446519ee9180704fd2dac8179d1fb45d9811094","size":2931,"artifact_path":"wandb-client-artifact://kue31in1eaog3vnvffyxszj0wntp25hr6d2vbw4arluqhydmqr25nzzxrv5um7602jtdd1wyju4b0uxjntzxvj0my4ilsubvmqgegam7jsz14s5d4alwu4uxfnqxhknd/confusion_matrix_table.table.json","_latest_artifact_path":"wandb-client-artifact://10ifnshrc50enmwpjfmnht292dgc8syqy0bp1dw8kse8lq7qmxaijpofgwofkt39oqk4zu1vb9lx4f1labqw6bxiadw0mbwc4eqwxwmhvfag2g0hrloe2cjsp84e7hk3:latest/confusion_matrix_table.table.json","path":"media/table/confusion_matrix_table_5_509cf6e3dc57ed124947.table.json","ncols":3,"nrows":100,"_type":"table-file"},"val_loss":0.36299988851756526,"_step":5,"mse_loss":0.16567742822242362,"val_cross_entropy_loss":0.36299988851756526}