{"epoch":10,"val_loss":2.293880371323177,"_timestamp":1.7411558251752596e+09,"_runtime":6.0165039,"loss":2.296167797980097,"val_accuracy":0.09416666666666666,"_wandb":{"runtime":6},"accuracy":0.10064814814814815,"_step":9}