{"val_accuracy":0.105,"accuracy":0.09944444444444445,"_wandb":{"runtime":4},"val_loss":2.313280200967498,"_runtime":4.614641,"epoch":5,"loss":2.3160798573256973,"_step":4,"_timestamp":1.7411527461527967e+09}