{"_wandb":{"runtime":61},"_timestamp":1.7412455062213275e+09,"epoch":10,"_step":9,"loss":2.1277806178984457,"accuracy":0.42062962962962963,"_runtime":61.2606084,"val_loss":2.1028154368021164,"val_accuracy":0.4251}