{"val_accuracy":0.1,"loss":NaN,"_timestamp":1.7412458094442046e+09,"_runtime":19.950577,"accuracy":0.09944444444444445,"val_loss":NaN,"epoch":10,"_step":9,"_wandb":{"runtime":19}}