{"_runtime":12.4345785,"epoch":5,"accuracy":0.0985,"val_accuracy":0.1,"loss":2.3071219550140536,"_wandb":{"runtime":12},"_timestamp":1.7413573587869985e+09,"_step":4,"val_loss":2.3078875314012013}