{"loss":0.6656195943941831,"accuracy":0.7958148148148149,"val_accuracy":0.7938,"_wandb":{"runtime":6},"_step":4,"_runtime":6.2900134,"val_loss":0.6616425715034175,"epoch":5,"_timestamp":1.7413681427123604e+09}