{"_runtime":14.7385643,"accuracy":0.8836296296296297,"val_cross_entropy_loss":0.38993003951513067,"_wandb":{"runtime":14},"epoch":10,"cross_entropy_loss":0.3233908044554455,"val_accuracy":0.8627,"val_loss":0.4604634018094957,"loss":0.39379801286820326,"mse_loss":0.16700222728256708,"val_mse_loss":0.19713407026875343,"_step":10,"_timestamp":1.7421924323819628e+09,"confusion_matrix_table":{"size":2933,"artifact_path":"wandb-client-artifact://be0j4ryt3oh2zynwaqb77k8slxg2lplt4ptvt6n14cm4w3i5s98mcych4a9aayskhsiusom6vjld6a6uku90mjaax2rr0qv0kfz4ebnnk03osotidnebe4u3l61ppvqj/confusion_matrix_table.table.json","_latest_artifact_path":"wandb-client-artifact://ipqft4mkms2hgwibzw37mq65034he9ke3obim78sxjhabxn7nclsy36tto503buzybbw331pneoy7376vpxuz1j9f0b571lp3kljv9uues8dcwk0qsjdw627qhdizl9b:latest/confusion_matrix_table.table.json","path":"media/table/confusion_matrix_table_10_ed66e0b350a97263dece.table.json","ncols":3,"nrows":100,"_type":"table-file","sha256":"ed66e0b350a97263dece99b70e26d03cc378f36f7ae864db486106a06e123497"}}