{"_timestamp":1.7413573394833844e+09,"_runtime":105.6776834,"val_accuracy":0.8505,"loss":0.5515867388273227,"val_loss":0.5622329329393617,"accuracy":0.8549074074074074,"_step":9,"epoch":10,"_wandb":{"runtime":105}}