{"_wandb":{"runtime":3},"val_accuracy":0.5568333333333333,"_runtime":3.5860747,"val_loss":1.4621131345298637,"accuracy":0.5371111111111111,"epoch":5,"_timestamp":1.7411546813378286e+09,"loss":1.693607119418475,"_step":4}