{"_timestamp":1.7412573175411375e+09,"_step":4,"val_accuracy":0.3996,"_runtime":14.583412599999999,"loss":1.3727852427896692,"accuracy":0.4099814814814815,"val_loss":1.380732551490326,"_wandb":{"runtime":14},"epoch":5}