{"confusion_matrix_table":{"path":"media/table/confusion_matrix_table_10_23c9eb6217ce6b4e7f25.table.json","ncols":3,"nrows":100,"_type":"table-file","sha256":"23c9eb6217ce6b4e7f25ef99864acdf7f6be085189494979a2c667c9ea0a153f","size":2935,"artifact_path":"wandb-client-artifact://2ora7l1oeeyul8368rs080d1jl5r8d2omawvoyi544z84eud9dgkl2i4dvadrbntb9ae4l8351176ojam28kbh8kd2opfpyvpju0e09kes5fe37y36b0yk5i78o7xteo/confusion_matrix_table.table.json","_latest_artifact_path":"wandb-client-artifact://zyevt90xfh32tzrtix7bzf5ymuc06ryw7uzydlnichn9bhmwd4iir9fd10bfnopxs9mh9n5u9krnkujuiotiq2dsowplu2784ixrh988mct15lsfry1yoa7yr0mq0t9p:latest/confusion_matrix_table.table.json"},"val_cross_entropy_loss":0.37772321781471035,"loss":0.390277703923175,"_runtime":12.5222312,"mse_loss":0.16808831153998868,"cross_entropy_loss":0.32497695423850875,"_wandb":{"runtime":12},"epoch":10,"accuracy":0.8813148148148148,"val_accuracy":0.8608,"val_mse_loss":0.19388763643514498,"_timestamp":1.7421928947290375e+09,"val_loss":0.44326944599692536,"_step":10}