{"val_accuracy":0.1,"_step":9,"loss":2.358302354171183,"_runtime":26.3999859,"epoch":10,"accuracy":0.10097864768683273,"val_loss":2.336274944344407,"_timestamp":1.7412397756104584e+09,"_wandb":{"runtime":26}}