{"_timestamp":1.7413467447413554e+09,"epoch":10,"accuracy":0.842,"_wandb":{"runtime":13},"val_accuracy":0.8319,"_step":9,"val_loss":0.5466861357840372,"loss":0.5205446199734084,"_runtime":13.5469142}