{"_wandb":{"runtime":5},"_step":9,"epoch":10,"loss":2.2363167620518882,"accuracy":0.1645,"val_accuracy":0.15616666666666668,"_runtime":5.8541219,"val_loss":2.2108613194308444,"_timestamp":1.7411533770511124e+09}