{"_wandb":{"runtime":16},"val_accuracy":0.7467,"_timestamp":1.742110323642783e+09,"accuracy":0.7541666666666667,"val_cross_entropy_loss":0.7683787132351643,"_runtime":16.0664306,"_step":10,"epoch":10,"loss":0.7653669816016216,"cross_entropy_loss":0.7653669816016216,"mse_loss":0.36808958334926806,"val_loss":0.7683787132351643,"val_mse_loss":0.3705328860478674,"confusion_matrix_table":{"_latest_artifact_path":"wandb-client-artifact://eosdz9t64mo0tyk8sisuv4w6leqw3uhykpmrjx6ebt5395a2xiyr4mn7rnm6pwushv832bv4s9fhu9kc9bl9bw939g2csx0l4n7oaci5mapofc2pt6e1req353f9h0yq:latest/confusion_matrix_table.table.json","path":"media/table/confusion_matrix_table_10_f13c6714375fb479cd17.table.json","ncols":3,"nrows":100,"_type":"table-file","sha256":"f13c6714375fb479cd1761c7d09e1e6507ee5139093ae2cc734fab1744141506","size":2943,"artifact_path":"wandb-client-artifact://6x1hmv86dlxouf0n9pvc6qgw705i7vxvva16yxxvjllu5wk4m0t5eyrpezxpwxykkbs66q66v6f88zvudp6g50huirn4ps37hlfmayd8n0slxdbjavus3l2fvkm5hgtz/confusion_matrix_table.table.json"}}