{"accuracy":0.28394444444444444,"val_loss":2.1269118477414266,"_wandb":{"runtime":3},"_timestamp":1.7411536639173286e+09,"_step":4,"_runtime":3.6477726,"val_accuracy":0.30216666666666664,"loss":2.186649577641064,"epoch":5}