{"_step":10,"_wandb":{"runtime":16},"val_cross_entropy_loss":0.3723776702088578,"_timestamp":1.74219728279821e+09,"epoch":10,"loss":0.40058572470626475,"cross_entropy_loss":0.31912038588398955,"_runtime":16.5011134,"accuracy":0.8837037037037037,"mse_loss":0.16667293044228199,"confusion_matrix_table":{"sha256":"1627068e6a5e28aec7ba522897b4a44f59e950a6aa03a49e99e8d0df77f51025","size":2931,"artifact_path":"wandb-client-artifact://0g8x3h3y9h2t98ct32d3p2xo96izen1m38y11je7zys15e7nmz0qcr89x06nujeyekjbdqceca07orhorsb7snnvoot99azn7xskoppe3aqzxttkrdhoyum37euvklc1/confusion_matrix_table.table.json","_latest_artifact_path":"wandb-client-artifact://ner8bb4x2azf0eac4ih1thrd603zd6nmsup4iryap5fikwhi5zz366ele74b4oir794a5q7o388r32a4c2otputei0pkoa4bag7osmxiltj9h2ij1amb87dil1dj411a:latest/confusion_matrix_table.table.json","path":"media/table/confusion_matrix_table_10_1627068e6a5e28aec7ba.table.json","ncols":3,"nrows":100,"_type":"table-file"},"val_mse_loss":0.19196694653599555,"val_loss":0.45376848960843563,"val_accuracy":0.8625}