{"_timestamp":1.7412396617168086e+09,"val_accuracy":0.8658,"_step":4,"accuracy":0.8811536180308422,"epoch":5,"val_loss":0.37597645848715894,"_runtime":8.1686615,"loss":0.3214484190162742,"_wandb":{"runtime":8}}