{"_runtime":83.4024458,"accuracy":0.6202208061647896,"val_loss":117.21161107053148,"_wandb":{"runtime":83},"_timestamp":1.7412300051252255e+09,"loss":111.64489038407358,"val_accuracy":0.6085,"epoch":10,"_step":9}