{"epoch":5,"_runtime":4.7336921,"accuracy":0.18351851851851853,"loss":2.238186074289516,"val_loss":2.214337545803356,"_timestamp":1.7411580976340463e+09,"_wandb":{"runtime":4},"val_accuracy":0.201,"_step":4}