{"_runtime":114.066293,"_wandb":{"runtime":114},"_step":9,"_timestamp":1.7412295941102142e+09,"accuracy":0.10012225844694725,"epoch":10,"val_loss":2.3028249751371725,"loss":2.304230516340988,"val_accuracy":0.1}