{"val_cross_entropy_loss":0.4026040079489632,"loss":0.3513336091235129,"_step":10,"_wandb":{"runtime":30},"mse_loss":0.17799937633095128,"accuracy":0.8768148148148148,"confusion_matrix_table":{"_latest_artifact_path":"wandb-client-artifact://crikx4wdbecx3ch5c5mamov9v3uk5c87ch0t6bl6l96jemg741gshok5szwt1i70p5ria6rg5to3ueka2b56has8l6398zigw2dqyve6b5q6hmf5dhpgnl50f64fr6ep:latest/confusion_matrix_table.table.json","path":"media/table/confusion_matrix_table_10_cf46f4652986a892a3be.table.json","ncols":3,"nrows":100,"_type":"table-file","sha256":"cf46f4652986a892a3befdc4bfe4022cff1f4a6845139e8f203956aca8d26e15","size":2931,"artifact_path":"wandb-client-artifact://5s9rjjpg73lu3orjthgp0ppkwj8cpew9zbzv8utdnkrlhj5a3oqt8wu0g30wzozaae8nb4jet9mv3s98l2fn1o8ujj6q6gm8ba4kkbt8xuoggz50gibx0q3vzkqnwuns/confusion_matrix_table.table.json"},"val_mse_loss":0.20081190526681622,"epoch":10,"val_loss":0.4026040079489632,"cross_entropy_loss":0.3513336091235129,"val_accuracy":0.8617,"_timestamp":1.7421073933987515e+09,"_runtime":30.5271684}