{"loss":0.2771802427536831,"accuracy":0.9005925925925926,"val_mse_loss":0.18262228614590817,"mse_loss":0.1439696803322955,"_step":10,"val_accuracy":0.8755,"val_cross_entropy_loss":0.37325228563101337,"cross_entropy_loss":0.2771802427536831,"_runtime":63.7966576,"val_loss":0.37325228563101337,"_wandb":{"runtime":63},"epoch":10,"confusion_matrix_table":{"nrows":100,"_type":"table-file","sha256":"adb8c0147ab0ba77516c912235e8e5ed56f1cbcc80995529b21829b64df65dd0","size":2931,"artifact_path":"wandb-client-artifact://hqpysmw6ak49cnct8d2ygk7nqf8lyaczzstu5oks7b23xsaj19di8gqmscqyrrgx8vk15ypnhp3gtd78wypjdjstgmugu2c4x3i04zlryiv6wszscf90sbu24yyqk6w3/confusion_matrix_table.table.json","_latest_artifact_path":"wandb-client-artifact://03s3bpv0lemz5jpu3gu9o8qwpod86l6bktnulcijvf0vrr7ikoee36ufksl64uwro5qnvjhqmbh4s4yclqy6ahgm5488zd29sty3s2bau1fz3vr6gp4cgvimodlrpht6:latest/confusion_matrix_table.table.json","path":"media/table/confusion_matrix_table_10_adb8c0147ab0ba77516c.table.json","ncols":3},"_timestamp":1.7415914667256114e+09}