{"val_loss":2.2402718488093707,"_wandb":{"runtime":7},"_step":9,"_timestamp":1.741156764157892e+09,"val_accuracy":0.2866666666666667,"_runtime":7.6638841,"epoch":10,"loss":2.2500887175933277,"accuracy":0.2364074074074074}