{"accuracy":0.8701851851851852,"val_mse_loss":0.21248042493043362,"val_loss":0.42520352181509735,"epoch":5,"confusion_matrix_table":{"sha256":"1313c93133e12f9e77c3f6c9566c63cc277a7510d101f67e82d2794468c2f7f6","size":2932,"artifact_path":"wandb-client-artifact://jpomg5mmz99x8l6pufb738unwbsk38jkbsyc8qsy32hd8ynnv0uy931w4o0n65i6opcnc23k3eocfqs6yx1vxn9g9bp3du926g7nyxiqqk5k9pvqrja4vjbjyjfpdska/confusion_matrix_table.table.json","_latest_artifact_path":"wandb-client-artifact://v6ckeygbe0976r04ql9uqhykvc331hc5258xges132hpnqtachfawxnuxrr8rnnijd1eiob7h1n442gctse71nkysuiptrzb0x1c63bs92e7q1k6xhb75pgnmbfr0oy6:latest/confusion_matrix_table.table.json","path":"media/table/confusion_matrix_table_5_1313c93133e12f9e77c3.table.json","ncols":3,"nrows":100,"_type":"table-file"},"_step":5,"mse_loss":0.1867627244179292,"val_cross_entropy_loss":0.42520352181509735,"_wandb":{"runtime":15},"val_accuracy":0.8547,"_runtime":15.0862381,"_timestamp":1.742111188435398e+09,"loss":0.3711677973933881,"cross_entropy_loss":0.3711677973933881}