{"_runtime":30.6275788,"val_mse_loss":0.2152235473000169,"_step":5,"accuracy":0.8667962962962963,"loss":0.519893650524759,"_timestamp":1.7415901116195672e+09,"mse_loss":0.19047361231561002,"val_loss":0.5637614502996031,"epoch":5,"cross_entropy_loss":0.37347608628388007,"_wandb":{"runtime":30},"val_cross_entropy_loss":0.41837844350684944,"confusion_matrix_table":{"_type":"table-file","sha256":"7457ff38c3469cedb0114dd32bf9fb7664229604d106deddfc6ab96dfe8f620c","size":2934,"artifact_path":"wandb-client-artifact://9lx182ck9te1v5kk4wpxa96qgh95ey8x4zhjjttukbthurzfa1oz5rdgidk8q954iqow4fbos9j51woupoy6ydt2v2t9xlhz3fgrl9pcfq9agau6n1b4jqrhflpikve3/confusion_matrix_table.table.json","_latest_artifact_path":"wandb-client-artifact://k7g0gxpc16nanvwysl79qsuc4qzzcc38almtgv64dpzb5wiov55nfbgmzmcbzpg7iuorxh02jryuhj8d7ema5jt1yiaj3qk3p3n5m6d43ck0r9zhb36nunrb44aec5jc:latest/confusion_matrix_table.table.json","path":"media/table/confusion_matrix_table_5_7457ff38c3469cedb011.table.json","ncols":3,"nrows":100},"val_accuracy":0.8493}