{"epoch":10,"_runtime":64.1361285,"val_mse_loss":0.19701543271039018,"_timestamp":1.7421973619661844e+09,"_step":10,"val_accuracy":0.8696,"_wandb":{"runtime":64},"loss":0.30524548857534806,"cross_entropy_loss":0.30524548857534806,"mse_loss":0.1545822316316748,"confusion_matrix_table":{"sha256":"4ba6539a829b1ee6e09f811397baecb04388bc5e9e3342cde806dbcc8c3203a4","size":2931,"artifact_path":"wandb-client-artifact://8xls48taecsnvivs2alx8muol9ofh6nd5vu3s8hch1aneckul085l2klindg0gs9gxsxyd8756fv8qh4bg2p7htgtkmybk55ay79g7oxp6r8yysehu4ei8nayla0ppy6/confusion_matrix_table.table.json","_latest_artifact_path":"wandb-client-artifact://zboat5qimrlnprnuzjlmtuxcdq30k5pse4apy9xgplftjclpw4cx0r3t2cwguzut5zj7e2j6ai6iq9wgigdofc5mdkyimi6ii2x10mrnyxrms5v61l9b0rabbihs0w4q:latest/confusion_matrix_table.table.json","path":"media/table/confusion_matrix_table_10_4ba6539a829b1ee6e09f.table.json","ncols":3,"nrows":100,"_type":"table-file"},"accuracy":0.8946111111111111,"val_loss":0.4179749461666408,"val_cross_entropy_loss":0.4179749461666408}