{"_runtime":6.8858075,"_step":9,"accuracy":0.0995925925925926,"val_loss":2.308350140994968,"loss":2.31198291723623,"_wandb":{"runtime":6},"val_accuracy":0.10266666666666667,"epoch":10,"_timestamp":1.7411532598811562e+09}