{"val_accuracy":0.8281,"_wandb":{"runtime":13},"_runtime":13.2454016,"confusion_matrix_table":{"path":"media/table/confusion_matrix_table_10_0f8eef1eb520f9d3c1df.table.json","ncols":3,"nrows":100,"_type":"table-file","sha256":"0f8eef1eb520f9d3c1df50347f08819dcef4e847914daed22475013f914b7ac5","size":2936,"artifact_path":"wandb-client-artifact://or5cflz0yz2odezllw2ehbvsomr1b51lnw94l23axf3xswy4fg0u1qzp5665znvpe960yqvtscmllpye9sfklmbtipy4by4l4i3ihbn2rt8nqyu0aeq4r6nzvft3hrju/confusion_matrix_table.table.json","_latest_artifact_path":"wandb-client-artifact://1v7w77mso6gu6hmcprvt1wwoa8n9qrsznnn1fpe4dc8d0r8uwmeelxr1ypvwk1y8seifsyslswyzetf0mxy2hsqo854y5sdf567bm3ewfmrrrlnsjjmuf7chwtyq5ncv:latest/confusion_matrix_table.table.json"},"loss":0.4589717831771911,"accuracy":0.840925925925926,"_timestamp":1.742197556395516e+09,"val_loss":0.4845582773739542,"epoch":10,"val_mse_loss":0.24149069778931012,"mse_loss":0.2272838164256784,"cross_entropy_loss":0.4589717831771911,"val_cross_entropy_loss":0.4845582773739542,"_step":10}