{"_wandb":{"runtime":23},"_timestamp":1.7412515141633945e+09,"_runtime":23.7457068,"val_loss":0.654448308156974,"val_accuracy":0.7959,"epoch":10,"accuracy":0.7989444444444445,"_step":9,"loss":0.6331078737282475}