{"val_loss":2.313839796886862,"accuracy":0.10083333333333333,"epoch":10,"_timestamp":1.741368614450856e+09,"val_accuracy":0.1,"_runtime":12.544307,"loss":2.3202674158886483,"_step":9,"_wandb":{"runtime":12}}