{"cross_entropy_loss":2.3027247037223515,"val_mse_loss":0.9000052730423566,"_runtime":8.5823942,"_wandb":{"runtime":8},"val_loss":2.3033801695327067,"accuracy":0.09716666666666667,"val_accuracy":0.1,"confusion_matrix_table":{"sha256":"e057170823602e16cc6d65e01f04cd68537bdc19067d65140986d32eda76ff73","size":2912,"artifact_path":"wandb-client-artifact://gsn17prdurda2mhahas32ta87a5p4t1ii7xi20plrrnzedg8hsjs0frp0i08464tunzz43su2ivtkohctgzcxdoptdt2607umlouuc0vnf09t4ewdofg3a2hpesp17hj/confusion_matrix_table.table.json","_latest_artifact_path":"wandb-client-artifact://hij3adnan1h0c12rtwslknyhbq7voicieeobo6jbuj9ekpoz81pc336levi1zbi4v6w9zt84a5auu835h2cspa8ryibb4lmm7c2aw4lmi64bzddq5t7hr9krp4cv3b9a:latest/confusion_matrix_table.table.json","path":"media/table/confusion_matrix_table_5_e057170823602e16cc6d.table.json","ncols":3,"nrows":100,"_type":"table-file"},"mse_loss":0.9000279142146271,"epoch":5,"_step":5,"val_cross_entropy_loss":2.302611350085186,"loss":2.303513778694784,"_timestamp":1.7421067601726856e+09}