{"confusion_matrix_table":{"nrows":100,"_type":"table-file","sha256":"888a4f60f6a96225ecc0aff089aaed52d0f82dc5c2548a65d8bc3b5241ee5678","size":2929,"artifact_path":"wandb-client-artifact://omplrxgk6pqx16ecxmj0xe1psaqmp5pmi7eghauo9padw69zpwozqcok68myipze57flwafb5jvfl382et45k4r277s6upe3s4xxc4jycxzdi3g0isdtzy1oppzysz01/confusion_matrix_table.table.json","_latest_artifact_path":"wandb-client-artifact://3b5uqhejb09g4uba9jfklu0pk35jilpiwfcjzmuw3mwzwkqcykibnqu0wl7ybl4qirccza09oiysf8g0yh4u5bo5nn1iy7h53ulclwgzbj4y0hst3om0rel7p07nksoz:latest/confusion_matrix_table.table.json","path":"media/table/confusion_matrix_table_5_888a4f60f6a96225ecc0.table.json","ncols":3},"_runtime":18.5082732,"val_loss":0.3926683858278536,"_step":5,"loss":0.33185629013983337,"cross_entropy_loss":0.33185629013983337,"val_cross_entropy_loss":0.3926683858278536,"epoch":5,"val_mse_loss":0.19543894050378535,"_timestamp":1.7415878092137504e+09,"mse_loss":0.170861371245602,"_wandb":{"runtime":18},"accuracy":0.8817777777777778,"val_accuracy":0.8661}