{"_runtime":4.1055752,"val_loss":2.355382464376092,"_step":4,"_wandb":{"runtime":4},"loss":2.373282871940593,"val_accuracy":0.09416666666666666,"_timestamp":1.7411519763988013e+09,"epoch":5,"accuracy":0.10064814814814815}