{"val_accuracy":0.714,"_wandb":{"runtime":36},"confusion_matrix_table":{"artifact_path":"wandb-client-artifact://xp71opsoz7nzn4omg0tbk41f0bc584lwouep8pbgtwryisjdahr17pneniateyx2dwjjm01rcyxikjlqt6n5cg4l9ppz4dkq9ymazm945pdg3sxrw7mgpkchowr3418n/confusion_matrix_table.table.json","_latest_artifact_path":"wandb-client-artifact://m576hzkqd7iyrqy8gvag2hacqmt3dup83ij4vc60eogtdzzvdo2rueu6dvvgyk32flpk93sybiilqhfdz67i6e2agt8245cp42ewghnb2lirjzxiy745k7y79dwqdec6:latest/confusion_matrix_table.table.json","path":"media/table/confusion_matrix_table_10_2b698adb867f177233ea.table.json","ncols":3,"nrows":100,"_type":"table-file","sha256":"2b698adb867f177233ead20818e228cc71a313340118f2731706d57eeaa0ba15","size":2939},"_runtime":36.6350114,"epoch":10,"loss":0.8533649893164287,"_step":10,"accuracy":0.7050740740740741,"_timestamp":1.741576708562331e+09,"val_loss":0.8460280561263573}