{"epoch":5,"loss":2.306692460597773,"_runtime":6.8242996,"val_loss":2.302603417631792,"val_accuracy":0.1,"accuracy":0.09844553183076314,"_step":4,"_wandb":{"runtime":6},"_timestamp":1.7412357361621034e+09}