{"val_loss":0.5580185179430968,"_wandb":{"runtime":87},"val_mse_loss":0.21336330683555862,"confusion_matrix_table":{"artifact_path":"wandb-client-artifact://exky6e5pcd9cqyhtn0r6d5vff9np8djxnonvfcian2t8dcv4v3yn3omjcietonojiolhqu3cnu0lb5zr4b8usp6n3t8fjejowoss39ka3iys9rjzzvxzvykl6ofufopg/confusion_matrix_table.table.json","_latest_artifact_path":"wandb-client-artifact://mc7kup9s4w59oyx997nzx6or5c0aa7pzpupe6osa6se151jztuxln9znu77562pp9m1od18fuj86ilgcfsguu6zt42qimlkj8jii2odr83rel2na3ponpwwnwgpvubqk:latest/confusion_matrix_table.table.json","path":"media/table/confusion_matrix_table_10_a9124ac16d6191baf452.table.json","ncols":3,"nrows":100,"_type":"table-file","sha256":"a9124ac16d6191baf452cfe77a98fbe13c13732b3dc32b0214ccb0141b17aba5","size":2930},"_step":10,"mse_loss":0.20198311389478305,"epoch":10,"val_cross_entropy_loss":0.4496375001901367,"accuracy":0.8592407407407407,"cross_entropy_loss":0.4131527499567103,"_runtime":87.7429483,"loss":0.5204930405835452,"_timestamp":1.7421907448326392e+09,"val_accuracy":0.8556}