{"mse_loss":0.1393217783687181,"_runtime":35.0974741,"val_cross_entropy_loss":0.36007006241836165,"_timestamp":1.7421943181951036e+09,"val_mse_loss":0.18142945929275278,"confusion_matrix_table":{"_latest_artifact_path":"wandb-client-artifact://oxv2gplh50nw3cbynm7n67cuygtg0h3degee9efyeelpck1v1mf5l0hx0hztjywg4hziiomjf5m36nrm2ij0t5z2l4biftl3gcnt5q7xnoz5aunrpskopnegn3ktid70:latest/confusion_matrix_table.table.json","path":"media/table/confusion_matrix_table_10_bed07e2ebde077e66fde.table.json","ncols":3,"nrows":100,"_type":"table-file","sha256":"bed07e2ebde077e66fde80c2f8ad71fc6ce1fac34d978bb1459e6d9207b4fd07","size":2932,"artifact_path":"wandb-client-artifact://nmtz4f5oc4zqe1k13wu014br6166flmwauyv9o1fepxjy2kfn23bstxmdscsud86f1ti9w5j438zkh0vvu4oh4js65prfktzepkniuqqp8jw4rtw7z23k40s237ywtc8/confusion_matrix_table.table.json"},"epoch":10,"val_loss":0.36007006241836165,"cross_entropy_loss":0.26213852106808605,"_step":10,"_wandb":{"runtime":35},"loss":0.26213852106808605,"accuracy":0.9041296296296296,"val_accuracy":0.8751}