{"cross_entropy_loss":0.5805441307210933,"val_accuracy":0.7876,"epoch":10,"val_loss":0.8314765471507674,"accuracy":0.8004259259259259,"confusion_matrix_table":{"artifact_path":"wandb-client-artifact://xtvhlnmaugkfeayu0iooowgxs3anic0axshl7pyjt84nj387jx55galxw78szh28kghxb9ww6masjnszhdn92whpxyaep7iip1j997r3anmnfbcm290yja6qzp19lrjf/confusion_matrix_table.table.json","_latest_artifact_path":"wandb-client-artifact://636n6xnn2bnq0pry0y7cbsr41hnlnijqukq5c1aeh9u9k0dih33f8ot0nvthzeml4lybc58kmvuku5987ow5rk8snqu3ufej818bicwyz6r3rzl5q6tgbe16i7h0l3r3:latest/confusion_matrix_table.table.json","path":"media/table/confusion_matrix_table_10_2194ee525cda0e649465.table.json","ncols":3,"nrows":100,"_type":"table-file","sha256":"2194ee525cda0e6494653eddb75b9ed1d41097262cccd27d918b32de3358365e","size":2938},"val_mse_loss":0.29961535844129067,"_runtime":58.2047202,"_step":10,"_timestamp":1.74219397934543e+09,"_wandb":{"runtime":58},"mse_loss":0.28606477793204244,"loss":0.7770113027359332,"val_cross_entropy_loss":0.6332329920232163}