{"_runtime":4.7059211,"val_loss":2.364738894102135,"val_accuracy":0.10083333333333333,"_wandb":{"runtime":4},"epoch":5,"loss":2.364639846577688,"accuracy":0.0999074074074074,"_timestamp":1.7411519504403014e+09,"_step":4}