{"_step":9,"_runtime":8.3198509,"val_accuracy":0.10266666666666667,"val_loss":2.312443759070264,"loss":2.311531749496964,"_wandb":{"runtime":8},"_timestamp":1.7411563613802867e+09,"accuracy":0.0997037037037037,"epoch":10}