{"epoch":5,"val_loss":2.394547719017543,"_step":4,"accuracy":0.09972222222222223,"_wandb":{"runtime":4},"_timestamp":1.7411553828799007e+09,"val_accuracy":0.10566666666666667,"_runtime":4.2543417,"loss":2.3990663770504717}