{"accuracy":0.10003703703703704,"_timestamp":1.7411534892323701e+09,"val_accuracy":0.10266666666666667,"_wandb":{"runtime":5},"_runtime":5.6982747,"val_loss":2.382963160223374,"epoch":5,"loss":2.3821447651837153,"_step":4}