{"_wandb":{"runtime":4},"accuracy":0.10572222222222222,"epoch":5,"_runtime":4.126502,"_timestamp":1.7411562622555227e+09,"loss":2.3025070538167984,"val_loss":2.302342229417039,"_step":4,"val_accuracy":0.10783333333333334}