{"val_loss":2.3025994809565304,"epoch":5,"_step":4,"_wandb":{"runtime":24},"loss":2.302646421205778,"_timestamp":1.7412370522033982e+09,"_runtime":24.7539597,"accuracy":0.10046296296296296,"val_accuracy":0.1}