{"accuracy":0.09892592592592593,"_wandb":{"runtime":12},"val_accuracy":0.1,"_timestamp":1.741345718536789e+09,"_runtime":12.7620278,"loss":2.3077961999169245,"epoch":5,"val_loss":2.3080247291413922,"_step":4}