{"_wandb":{"runtime":4},"loss":2.355312501477158,"_runtime":4.1531451,"val_loss":2.334575783067773,"_timestamp":1.741151554106161e+09,"accuracy":0.1002962962962963,"val_accuracy":0.09733333333333333,"_step":4,"epoch":5}