{"loss":0.25994608611647513,"cross_entropy_loss":0.25994608611647513,"val_mse_loss":0.17802914640561116,"_runtime":54.9390954,"epoch":10,"accuracy":0.9050185185185186,"mse_loss":0.13757517280589296,"val_cross_entropy_loss":0.36024093154670217,"val_loss":0.36024093154670217,"_wandb":{"runtime":54},"_timestamp":1.742135362800382e+09,"_step":10,"val_accuracy":0.8785,"confusion_matrix_table":{"size":2931,"artifact_path":"wandb-client-artifact://iscblw123hf0u7z6gqgzlfjw7ki9n60t10xa7igpm4ffdmh60uyyk399ng3arikxwo060sv70u04d3w61wyak2odbt96r17825ax582yxzp5nn9hqc8p7fnee3wuyhfh/confusion_matrix_table.table.json","_latest_artifact_path":"wandb-client-artifact://qd7g4e6g8482nin6u5qyqf1nipfe1polw1uiccr19prom8nalg3tnl6pk4cijhb883i8o7ip1t2w51a6hy88slf9ope5z32ievlpnujdoj6f23t2fxhowbob1e8cifl8:latest/confusion_matrix_table.table.json","path":"media/table/confusion_matrix_table_10_dfed7c94ba34cfc07216.table.json","ncols":3,"nrows":100,"_type":"table-file","sha256":"dfed7c94ba34cfc072160a81d93354000e4ca060d7a20b76715dfcb975783ee7"}}