{"_wandb":{"runtime":14},"_runtime":14.0678652,"val_loss":1.5521538868163585,"accuracy":0.42298148148148146,"loss":1.5180061778867469,"val_accuracy":0.4129,"_timestamp":1.7412561110252562e+09,"epoch":10,"_step":9}