{"val_accuracy":0.8585,"val_cross_entropy_loss":0.4068161022762949,"_timestamp":1.7415854021130643e+09,"_runtime":6.5014711,"accuracy":0.8736481481481482,"confusion_matrix_table":{"sha256":"533557a31f18393363b70f76edc8570acddabdf0bf4125410f3b21f131577038","size":2931,"artifact_path":"wandb-client-artifact://aoviprngjoffh5w4ok0e5mr2lcywgywrmcqj6fpt1358ie110j7fvqw7kxfet12jfufmb0lwg2rsg8proj222073sj0zwepamgazp0r0sw8uedd3m4rkhizds5f3e8ee/confusion_matrix_table.table.json","_latest_artifact_path":"wandb-client-artifact://m55459jwrv0yf0ak8fwo2mdy0ejbwl34fmdkczz1u035azwtqvzprmhnukvf932ivx0cj8qzbw5d5p2tfdnpr8qssk13q4jdkmak8jjubd57u6b1djsylah8wa2m0w73:latest/confusion_matrix_table.table.json","path":"media/table/confusion_matrix_table_5_533557a31f18393363b7.table.json","ncols":3,"nrows":100,"_type":"table-file"},"_wandb":{"runtime":6},"val_loss":0.4068161022762949,"loss":0.3609525169003586,"cross_entropy_loss":0.3609525169003586,"val_mse_loss":0.20263850194762814,"mse_loss":0.18244335876794962,"_step":5,"epoch":5}