{"epoch":5,"val_accuracy":0.117,"_step":4,"_runtime":4.4398566,"val_loss":2.297872399420367,"_wandb":{"runtime":4},"loss":2.2987502866209804,"accuracy":0.11040740740740741,"_timestamp":1.7411581079818933e+09}