{"_timestamp":1.7415345697869382e+09,"val_loss":0.5824276531107337,"_wandb":{"runtime":96},"epoch":10,"accuracy":0.854,"val_accuracy":0.846,"_runtime":96.3953226,"_step":9,"loss":0.5545347400524006}