{"epoch":5,"_runtime":16.4915845,"val_cross_entropy_loss":0.4251543168093516,"confusion_matrix_table":{"size":2931,"artifact_path":"wandb-client-artifact://pb3urzlr50kbslvoynx77i16grjsj2qg0v1c0nc0xgur4voecqoaa28pl2r4d5ob5socg461m74b4tcdiw8pkd9p97dwqbqr5me6u3pzq6z66c5lsqa5atfm21q2bzub/confusion_matrix_table.table.json","_latest_artifact_path":"wandb-client-artifact://ab75yzfuxn4lnzcdv68ffltw0y3zl570lhdm6vo44exmg1dqwt3upvorqri12r6dhfqhqc3oh7dorg2v8uule16nahwigqw4c7fqj14mxjbjl9vhmo5cwe7c37qkq9ny:latest/confusion_matrix_table.table.json","path":"media/table/confusion_matrix_table_5_2557b99f3f3c2fbd5c37.table.json","ncols":3,"nrows":100,"_type":"table-file","sha256":"2557b99f3f3c2fbd5c37ed4202d1cc207a3976fa1b30eb605cf0dd1eeeb13945"},"_wandb":{"runtime":16},"val_accuracy":0.8602,"mse_loss":0.1809937720236751,"cross_entropy_loss":0.3625916481026311,"val_mse_loss":0.2066768365643164,"_timestamp":1.7421076900581067e+09,"accuracy":0.8762592592592593,"_step":5,"val_loss":0.4251543168093516,"loss":0.3625916481026311}