{"_timestamp":1.7421913823955107e+09,"_wandb":{"runtime":18},"val_accuracy":0.8441,"epoch":10,"loss":0.383427374553898,"_runtime":18.5936957,"val_cross_entropy_loss":0.48566672349840356,"val_mse_loss":0.22303183368566373,"val_loss":0.48566672349840356,"_step":10,"cross_entropy_loss":0.383427374553898,"accuracy":0.8738703703703704,"confusion_matrix_table":{"sha256":"95a33788a4812942a4c097bd51bfc5efcfee6b55a9a0fa26b05b61df917b01d6","size":2931,"artifact_path":"wandb-client-artifact://j8gli5j02e7olga8j37j6y9q37hmohc5cxicb9p16prp8yl2ouxya29vd1foxa8lvvf5c27x46pp5e7yh9e589fsi7mbjfmlzhu3pcauebqjhwmngsy5obyximabxqcb/confusion_matrix_table.table.json","_latest_artifact_path":"wandb-client-artifact://7nozf3jaqw9d7obcbbadgky71gzg8g4xmlpo6f1hx49byf1wjph6xzllkprufcue0y650z1anlt0kw4j00su0gylad3v3k4idv1bcqr3ef4k0lahvn3qfj925x8kvngz:latest/confusion_matrix_table.table.json","path":"media/table/confusion_matrix_table_10_95a33788a4812942a4c0.table.json","ncols":3,"nrows":100,"_type":"table-file"},"mse_loss":0.18278445446152822}