{"accuracy":0.1007037037037037,"_wandb":{"runtime":16},"epoch":10,"confusion_matrix_table":{"sha256":"e057170823602e16cc6d65e01f04cd68537bdc19067d65140986d32eda76ff73","size":2912,"artifact_path":"wandb-client-artifact://ts5uaujozn00rwxk9gwq3d64v4mubd62b14p3dlx1xywxmak9vi8yy3j4lkm8a08xqvrxu3nd7itiepiv4dfz2zh3b4kyijv1uogoj30ihk0vaj0he60s25wtzf01fp0/confusion_matrix_table.table.json","_latest_artifact_path":"wandb-client-artifact://dzmvxxvlr4j6shwjrsox3zplq3keqzbnf78cctra91i78c759tthxuo2gaxsk9ji453nxm1j4g3wxl07wlbbc4u4m9ugncazf16crxc5j9bg0tqdi3fprgh2pyw6d7v0:latest/confusion_matrix_table.table.json","path":"media/table/confusion_matrix_table_10_e057170823602e16cc6d.table.json","ncols":3,"nrows":100,"_type":"table-file"},"_step":10,"val_accuracy":0.1,"_runtime":16.6171583,"_timestamp":1.7415773199499567e+09,"loss":2.3026087858696442,"val_loss":2.3026028456362537}