{"val_accuracy":0.8791,"mse_loss":0.1331610498775839,"val_mse_loss":0.17784233675805916,"val_cross_entropy_loss":0.3518504270935944,"_timestamp":1.742108400577835e+09,"_step":10,"val_loss":0.3518504270935944,"_runtime":38.8540004,"confusion_matrix_table":{"_latest_artifact_path":"wandb-client-artifact://ji04gf7suolsy32i8hihhi4t90yrvax11nr18nct4bbly1k1p0wixgr4j8wjkfchema5ly5sk8w5iyyhx893mf2ynnoggcutvsbigc30y8wfzpvq46w7wwx5a21hqrte:latest/confusion_matrix_table.table.json","path":"media/table/confusion_matrix_table_10_233a4d3da36954ed13f6.table.json","ncols":3,"nrows":100,"_type":"table-file","sha256":"233a4d3da36954ed13f6238888176bd4148358c8bf79e715f8685f34db3e32d5","size":2929,"artifact_path":"wandb-client-artifact://brkjwpfjxm1nn0ajs2hg4lf3x04ofv00l86lvnlxy6gj4w74iic9c2w9dbhznm9o20ugmxk4g8j632n8w82emkvz8faf0pyi8q5p7cxb0i0sqm2wb2nx4l62mmclcdsf/confusion_matrix_table.table.json"},"loss":0.25009581223311783,"epoch":10,"accuracy":0.9078888888888889,"cross_entropy_loss":0.25009581223311783,"_wandb":{"runtime":38}}