{"accuracy":0.17985185185185185,"_timestamp":1.7412590752499871e+09,"val_accuracy":0.1813,"epoch":10,"_wandb":{"runtime":25},"_step":9,"loss":2.1126008364171636,"val_loss":2.0874339556492316,"_runtime":25.8891628}