{"val_accuracy":0.1348,"_step":9,"_runtime":50.4734585,"_wandb":{"runtime":50},"accuracy":0.13203703703703704,"val_loss":2.4355362473594298,"epoch":10,"_timestamp":1.741348368623347e+09,"loss":2.435855037024525}