{"val_accuracy":0.1,"accuracy":0.09892592592592593,"epoch":10,"_step":9,"_wandb":{"runtime":26},"val_loss":2.3026509236544968,"_timestamp":1.7413485404869633e+09,"loss":2.302811564895245,"_runtime":26.2479125}