{"_wandb":{"runtime":79},"val_cross_entropy_loss":0.3968890024283762,"_runtime":79.7873518,"_step":10,"confusion_matrix_table":{"_type":"table-file","sha256":"1642da6c456a37955a9cb8c8b158e72a0dfd4671f06c4c14e1740875ea0b2a16","size":2929,"artifact_path":"wandb-client-artifact://xcz5d6rqr1n1d63k465y22wt9ow66b0fl6np0kmqfas28neutjwpk7b7j0orgobhcfhdnmv1d9452u2y1y752j1c74l62b83rwflci48enaje0ne1wripa0c050g3rkj/confusion_matrix_table.table.json","_latest_artifact_path":"wandb-client-artifact://u53u3rt77mdx0yir98fduadzv3jnv31crdibefziffo9ss39uxb3zajnav2s9stoigv2cehpi0iq44ht6ovi1rlhimnzyeojb1nuqwt4ymrqbilg882edq3xkiohsz50:latest/confusion_matrix_table.table.json","path":"media/table/confusion_matrix_table_10_1642da6c456a37955a9c.table.json","ncols":3,"nrows":100},"_timestamp":1.7421978312806907e+09,"accuracy":0.8951111111111111,"val_mse_loss":0.19420138532588033,"mse_loss":0.15304919297067593,"loss":0.29869161960085905,"val_accuracy":0.8689,"cross_entropy_loss":0.29869161960085905,"val_loss":0.3968890024283762,"epoch":10}