{"accuracy":0.8010151155898044,"_timestamp":1.7412402988620348e+09,"loss":0.622027338633774,"epoch":5,"val_loss":0.6862226723060577,"val_accuracy":0.7735,"_wandb":{"runtime":13},"_runtime":13.1303631,"_step":4}