{"val_accuracy":0.8599,"val_cross_entropy_loss":0.3946690905895736,"accuracy":0.8929074074074074,"_step":10,"val_loss":0.3946690905895736,"val_mse_loss":0.20165716857603863,"_runtime":14.5236094,"mse_loss":0.15403924181301917,"epoch":10,"_wandb":{"runtime":14},"_timestamp":1.7421083540605366e+09,"loss":0.2980887007256703,"confusion_matrix_table":{"_latest_artifact_path":"wandb-client-artifact://ig75dqkovptever8hcxw2mmo68v8vlxkxk4rojv14q05whc6ccqbvqgqjcgbxz7dujfys1ly9xdwu0p0fq7xtsyt0tj4kwe71p57sp2lo5ee09zyy5k6l6fvvvc1huux:latest/confusion_matrix_table.table.json","path":"media/table/confusion_matrix_table_10_22304257f4d9a05313b9.table.json","ncols":3,"nrows":100,"_type":"table-file","sha256":"22304257f4d9a05313b9a828097fe8faa5592d3bac29c4f71855f042236206b4","size":2930,"artifact_path":"wandb-client-artifact://7ne5ls6h0f15wdaasa7ja860jvdwx8f300ewz56evv764q14trl7vdkomb5ock0t7pq27q680a18rn0cvpz0lj6n64p0dmux1vz1q49e67ugdzrpftmki94wermt2gb4/confusion_matrix_table.table.json"},"cross_entropy_loss":0.2980887007256703}