{"val_loss":2.3053060448288605,"_step":4,"_timestamp":1.741154043994054e+09,"accuracy":0.11962962962962963,"epoch":5,"loss":2.304819504032486,"_runtime":3.5777904,"val_accuracy":0.1155,"_wandb":{"runtime":3}}