{"_runtime":12.76081,"val_accuracy":0.1,"accuracy":0.09974074074074074,"_step":4,"_wandb":{"runtime":12},"val_loss":2.302597524796766,"_timestamp":1.7412499377230084e+09,"loss":2.3026347309614543,"epoch":5}