{"_timestamp":1.7415902042258887e+09,"_runtime":10.7044426,"epoch":5,"val_cross_entropy_loss":0.38634867105784015,"val_accuracy":0.8633,"_wandb":{"runtime":10},"_step":5,"loss":0.31903438916692534,"cross_entropy_loss":0.31903438916692534,"val_mse_loss":0.19819685999398717,"accuracy":0.8842592592592593,"mse_loss":0.1656874933162917,"confusion_matrix_table":{"nrows":100,"_type":"table-file","sha256":"5191a67160f1dad8cec08e18a02d0450c18718406d0dc0fbbcae67b44c1be1f1","size":2929,"artifact_path":"wandb-client-artifact://5728va4h1wsv050u1qk84rm1sivxrctwy8inq93cmqilyg6k6f767emr0xdlhiaxnrr5orhjd7p33rq41mso1x0vpzo17idzblazabugkfuu5k80kjj7htqaa9f0jnwx/confusion_matrix_table.table.json","_latest_artifact_path":"wandb-client-artifact://xqq367gdfy33q7grw8zypv7xu8ff0bhihdxpavj20h6ac29zzbfte2ftk8yzzhq9dcch8o0p1jrn5mqio2dcx1oe8oieeporx6jk4vrluaf8tb7cga0pfmwkxtw46oog:latest/confusion_matrix_table.table.json","path":"media/table/confusion_matrix_table_5_5191a67160f1dad8cec0.table.json","ncols":3},"val_loss":0.38634867105784015}