{"loss":2.3039112279990213,"val_loss":2.303427384958177,"epoch":5,"accuracy":0.09924074074074074,"_runtime":7.2509723,"_timestamp":1.7413588910118651e+09,"_step":4,"val_accuracy":0.1,"_wandb":{"runtime":7}}