{"accuracy":0.13385185185185186,"_wandb":{"runtime":3},"_timestamp":1.7411572951816235e+09,"val_loss":2.3020004199122375,"_step":4,"val_accuracy":0.13283333333333333,"epoch":5,"_runtime":3.4173064,"loss":2.30207875095514}