{"val_accuracy":0.8712,"val_loss":0.36500941833237655,"cross_entropy_loss":0.2737588772376123,"epoch":10,"val_cross_entropy_loss":0.36500941833237655,"_timestamp":1.7421956502620022e+09,"mse_loss":0.14477142399357326,"val_mse_loss":0.18502266567671535,"accuracy":0.8993888888888889,"_step":10,"loss":0.2737588772376123,"_wandb":{"runtime":20},"confusion_matrix_table":{"_type":"table-file","sha256":"424111393f7a025b30ac2e7de111db7a2afbc99fd80afaa09a1799a99225ec84","size":2930,"artifact_path":"wandb-client-artifact://9ruiwkgmm96sq9bddy693ta80diqeapjai6vdfaomzbhhc6org30p7rmsss7s8gu3f3sxak5v7to6x0suwls57pfstal7dyhic5ijt5jgls0fqjc44tndjezk1uvy3bq/confusion_matrix_table.table.json","_latest_artifact_path":"wandb-client-artifact://5u17k2h2k3f8rrc39t6xikuz0y9ff6cmadbosc0u0hp8uwpqueg8pvqql1lo8a2w7f8745fh46ccnmoa57jgokckabbk77g6cxbxefdeyq58b32jqxwsp1tpe18x3jeo:latest/confusion_matrix_table.table.json","path":"media/table/confusion_matrix_table_10_424111393f7a025b30ac.table.json","ncols":3,"nrows":100},"_runtime":20.8558282}