{"_step":10,"_runtime":106.4517896,"_wandb":{"runtime":106},"loss":0.3298272863989751,"_timestamp":1.742110126593665e+09,"val_cross_entropy_loss":0.4326578278848312,"val_accuracy":0.8671,"val_loss":0.4326578278848312,"epoch":10,"mse_loss":0.1633457620723543,"cross_entropy_loss":0.3298272863989751,"val_mse_loss":0.20254268714302734,"accuracy":0.8897962962962963,"confusion_matrix_table":{"_latest_artifact_path":"wandb-client-artifact://u03c0g2uxihn9k0udjx8be8fykf7vyephq8391qprmh6letofl9hdrxq17u5ewdqvubmwjf7cuk1gstocwiydh4aslivbgtn1xvcrtgbigmjvnjctopznmwjw6c6m55l:latest/confusion_matrix_table.table.json","path":"media/table/confusion_matrix_table_10_08e6aa7fd3e0b5d8d7ce.table.json","ncols":3,"nrows":100,"_type":"table-file","sha256":"08e6aa7fd3e0b5d8d7ce5af76000bcd979bfe3bf29f5a2c84f5b9748c3a3f298","size":2931,"artifact_path":"wandb-client-artifact://dg855chqv749a3jpinu7mb3flcsft25wpq4xw1uu3uasp6b3qzatz5ln6i1iotaibf166qruk23ro99pnnugdt4o47nqr69mn2kxfoq11qf81p69479fbd9i4e79hog7/confusion_matrix_table.table.json"}}