{"accuracy":0.09766666666666667,"_runtime":29.4684293,"val_loss":2.306569063099623,"val_accuracy":0.1,"_step":9,"loss":2.306773209612808,"_timestamp":1.741253176233535e+09,"_wandb":{"runtime":29},"epoch":10}