{"_wandb":{"runtime":45},"cross_entropy_loss":0.31925152066644513,"loss":0.31925152066644513,"mse_loss":0.16415468299531194,"accuracy":0.8854444444444445,"confusion_matrix_table":{"nrows":100,"_type":"table-file","sha256":"278741e02370158b902e057dcab13b55dc8f4da7c6c92ee34044c88d9167b75d","size":2929,"artifact_path":"wandb-client-artifact://pdw7ht5wam8v6qr0q728mv8rt7z4m8p0tw7loo12af8zrp5bqbp1sm161cug9azlve8de16fqlwwnlji1ca0ernedm52o8t77j16s172a7dc3boiows8gz2dkngf4lmn/confusion_matrix_table.table.json","_latest_artifact_path":"wandb-client-artifact://i7wzo7e41uiok1iznoq4hkhn4ppwc8luqq28j8ba2ava0sxajfwiklsszu1jynr3qmi4zmqurxka2rpvdgixuy4ivuxgensbu348313cl0ytyw222sa3lxp7hmrisbxe:latest/confusion_matrix_table.table.json","path":"media/table/confusion_matrix_table_10_278741e02370158b902e.table.json","ncols":3},"epoch":10,"_timestamp":1.7421910536397274e+09,"val_cross_entropy_loss":0.3685468155695152,"_step":10,"val_loss":0.3685468155695152,"_runtime":45.4019147,"val_accuracy":0.8701,"val_mse_loss":0.18639182532061813}