{"val_loss":0.42630359668778967,"_wandb":{"runtime":8},"confusion_matrix_table":{"sha256":"ecb154fd6e294444b09565859af7f5c937958c2e1a4a7f421d5bb3fe35ca3608","size":2931,"artifact_path":"wandb-client-artifact://fjqi0nldk9689wyy4p1izfgcbf09r0bpxzlb202q7tjdl3kxkn1030a8q9gv9rrx6iv6pgp8282v9zfgcbrmzk5yb8osf0ibukbepdgtifnyu7cf69e6bn2zmmvgx9rk/confusion_matrix_table.table.json","_latest_artifact_path":"wandb-client-artifact://lob3sgt1zj5oj5st2mx8wca4dxlum7yi0hjjkqux0f1wh8r755ugerklk576y0jys5h5a5nywhe91tiyq6wgq5wxfo2lwhi4p7u3r4z2q384hx9dplyomgqctrq4sv0c:latest/confusion_matrix_table.table.json","path":"media/table/confusion_matrix_table_5_ecb154fd6e294444b095.table.json","ncols":3,"nrows":100,"_type":"table-file"},"_runtime":8.1814513,"_timestamp":1.7415899766669667e+09,"mse_loss":0.1923179613290073,"val_cross_entropy_loss":0.42630359668778967,"val_accuracy":0.8511,"accuracy":0.8682037037037037,"cross_entropy_loss":0.38536688637658173,"_step":5,"loss":0.38536688637658173,"epoch":5,"val_mse_loss":0.2133650572132503}