{"_wandb":{"runtime":7},"accuracy":0.09633333333333334,"val_loss":2.3007794564940816,"_timestamp":1.741151963786917e+09,"_step":9,"epoch":10,"_runtime":7.3820376,"loss":2.3006370377203837,"val_accuracy":0.09133333333333334}