{"accuracy":0.8523703703703703,"_runtime":17.6134721,"_step":9,"loss":0.47189009875467486,"val_loss":0.6269505180845015,"epoch":10,"_timestamp":1.7413405766957936e+09,"val_accuracy":0.8275,"_wandb":{"runtime":17}}