{"_wandb":{"runtime":22},"val_loss":1.3512616518973484,"val_accuracy":0.616,"loss":1.3957533231599137,"epoch":5,"_runtime":22.3272232,"_step":4,"accuracy":0.6187388855957321,"_timestamp":1.7412383103768198e+09}