{"_wandb":{"runtime":38},"_runtime":38.9415192,"epoch":10,"val_mse_loss":0.9000494717358215,"accuracy":0.09974074074074074,"val_loss":2.3036467674609598,"cross_entropy_loss":2.3029630525858793,"val_cross_entropy_loss":2.302833928648249,"loss":2.303899851225296,"_timestamp":1.742135181135441e+09,"val_accuracy":0.1,"mse_loss":0.9000757321193443,"_step":10,"confusion_matrix_table":{"sha256":"7ca0a220d1ef94de9a38298ee0d5208b0e8b5f68373ff228441b990b59e6e170","size":2912,"artifact_path":"wandb-client-artifact://4mk5zn4evo15nvn5ttuvi5b8p443wizine0asqxwr1vs6bw4k1ddgb6ltwt6fv1yuuygwpqo0h3goyfw1lfhmfklpjg6wio6p13zgxmnyvfl8h17fcl73dx2u9093n3r/confusion_matrix_table.table.json","_latest_artifact_path":"wandb-client-artifact://13q8sqqx0czzfxrn9intpa9q094xqddvg7th1lwm5p54v87ulneg8jq4d4qmqerxlrd9xp9r389zjf3oh8xhp3uiz4ckvfri2hkai6tluhfpb2bwv225h9n6ntvx6zc9:latest/confusion_matrix_table.table.json","path":"media/table/confusion_matrix_table_10_7ca0a220d1ef94de9a38.table.json","ncols":3,"nrows":100,"_type":"table-file"}}