{"_step":9,"epoch":10,"_timestamp":1.741149138802259e+09,"_wandb":{"runtime":6},"_runtime":6.8613003}