{"val_loss":0.3822608052183899,"confusion_matrix_table":{"ncols":3,"nrows":100,"_type":"table-file","sha256":"4866894afe00f5b771fd68fc3bc2ac43f54441c17a3d75680836dce2328afce9","size":2933,"artifact_path":"wandb-client-artifact://7ul7ebw9g35m8va9z7apga7bykwtn97l3nhksj5q3zjz7kksw7k7i9hobc5dxls1bkek4tqvg2g9aprgovldtf3qov0hfa3ekyqpeebl2mudcum1tve0htxnr0pr6nzl/confusion_matrix_table.table.json","_latest_artifact_path":"wandb-client-artifact://h6raoykwjyeruwewkf5s49uq9uqcj1b3h9u1m09u6v7tvd6i5er8ibzw0mh9dwhywc87lw8m0x97rrnfxxagsa80ub1df7ygx2j6bqi0cn9k535ductdqa61wqjzx2rq:latest/confusion_matrix_table.table.json","path":"media/table/confusion_matrix_table_10_4866894afe00f5b771fd.table.json"},"_runtime":20.3396243,"val_accuracy":0.8665,"_wandb":{"runtime":20},"epoch":10,"_step":10,"cross_entropy_loss":0.2762322719099808,"val_mse_loss":0.19349907867521768,"loss":0.2762322719099808,"_timestamp":1.7421927952805424e+09,"mse_loss":0.14575103583342008,"accuracy":0.8989444444444444,"val_cross_entropy_loss":0.3822608052183899}