{"_runtime":36.2282625,"confusion_matrix_table":{"path":"media/table/confusion_matrix_table_5_f2ed7811cd704e655fb3.table.json","ncols":3,"nrows":100,"_type":"table-file","sha256":"f2ed7811cd704e655fb386dfdf54f558534f458cdc6acec8a284e77996176554","size":2928,"artifact_path":"wandb-client-artifact://gs68ci6bmsyh0j2f4gzri0pw2e79jjxfk3i7skg3gt7wpb90zv5uvx4q0vsxzyuloty8k0xx5uzdn3v6ao5nwhs0oq13m8wryz6l521u2sckkc5hlcqwj2xk1vkmhdt3/confusion_matrix_table.table.json","_latest_artifact_path":"wandb-client-artifact://kac6mtsyjq48rccor3y6nmpqxcojximp415yx29rcu9e3jogdl7trdx1zmlpmap23lilv4t9v8fy2mn9x6xffr35il5lxgpy4m3ixdl6pverwv21fm7lgd2taxp7tzlp:latest/confusion_matrix_table.table.json"},"_timestamp":1.742110199370432e+09,"_step":5,"val_loss":0.39100008370436723,"_wandb":{"runtime":36},"epoch":5,"cross_entropy_loss":0.3437327514504936,"mse_loss":0.17537630846221955,"val_mse_loss":0.19519585989731542,"loss":0.3437327514504936,"val_cross_entropy_loss":0.39100008370436723,"val_accuracy":0.8663,"accuracy":0.8785185185185185}