{"_timestamp":1.7415893953728783e+09,"cross_entropy_loss":0.3228705760523205,"epoch":5,"_wandb":{"runtime":31},"_step":5,"val_cross_entropy_loss":0.4061350923228127,"mse_loss":0.16642694175838676,"_runtime":31.6524362,"confusion_matrix_table":{"_latest_artifact_path":"wandb-client-artifact://ca25dkz8b4j05chfwfuqxj2nbe327azamapl520mzib9fszb23htfxvw18s26zaicq0059qkf5f27m62k3d1uc0ttponkmxj9xc3qr6m9s9vqclvpmmo8xy5o4vdnli0:latest/confusion_matrix_table.table.json","path":"media/table/confusion_matrix_table_5_0581082b1d9896a4a913.table.json","ncols":3,"nrows":100,"_type":"table-file","sha256":"0581082b1d9896a4a913c5ee50d8911113a198687f6fcb433ca690dda0964a2f","size":2931,"artifact_path":"wandb-client-artifact://73z9u8mhle3b8oao2uitbgrvrnq4770jji2019p0zao4wkg7fkkyjz0jfqrj8agcm3mfqhhyqt9s28z52muq9q9i9gn7ro0s3oslri61v4eqzprrm3tpt98tqkqzay1f/confusion_matrix_table.table.json"},"val_mse_loss":0.2031408444635365,"val_loss":0.4061350923228127,"accuracy":0.885537037037037,"loss":0.3228705760523205,"val_accuracy":0.8609}