{"_step":9,"_timestamp":1.7411576933662195e+09,"epoch":10,"accuracy":0.10016666666666667,"val_loss":2.304188347394287,"loss":2.3039877922197576,"_wandb":{"runtime":5},"_runtime":5.8647611,"val_accuracy":0.0985}