{"_runtime":6.8724659,"accuracy":0.10083333333333333,"loss":2.303569687836743,"val_loss":2.3042856938759866,"_wandb":{"runtime":6},"val_accuracy":0.0925,"_timestamp":1.7411565375096946e+09,"epoch":10,"_step":9}