{"cross_entropy_loss":0.37983777772631366,"accuracy":0.8655,"loss":0.44011791692487506,"_wandb":{"runtime":9},"epoch":5,"_step":5,"_timestamp":1.7415882496589777e+09,"val_accuracy":0.8526,"confusion_matrix_table":{"sha256":"e62de8cb76235b2952c4cd62397182a78bb9ade8fe03ef728f3f580e5d52122d","size":2931,"artifact_path":"wandb-client-artifact://6eycp27izhc2asfdz7kgyreama0327w2yelcahvyuhy0eh3sxqpy3vpm4mhg42eglpov8o0kwjt0eca0dmk34k76qdio9r9rna8w5geords9t861isqdu6oy8f906ge7/confusion_matrix_table.table.json","_latest_artifact_path":"wandb-client-artifact://7c65i48p4s4pt1tjd1z253ykudzx3dzas4h10mr754h3iwxvenicq7szecifljqjanxv8qizmej5fh7fwznlinn4hh2ovwyhqx1fn3g5gvizyrzduvvh48do5a25ip6d:latest/confusion_matrix_table.table.json","path":"media/table/confusion_matrix_table_5_e62de8cb76235b2952c4.table.json","ncols":3,"nrows":100,"_type":"table-file"},"val_loss":0.4761823057357451,"_runtime":9.5388751,"val_cross_entropy_loss":0.4157220514545901,"val_mse_loss":0.21200175439236096,"mse_loss":0.19402274475194425}