{"_step":9,"_wandb":{"runtime":8},"val_loss":2.3106607421370096,"_timestamp":1.7411550334674585e+09,"_runtime":8.4033195,"epoch":10,"val_accuracy":0.10266666666666667,"loss":2.3104338520090613,"accuracy":0.0997037037037037}