{"accuracy":0.21351851851851852,"val_loss":2.1246704327861226,"_timestamp":1.7411534114886193e+09,"epoch":10,"loss":2.1505724498051038,"val_accuracy":0.23266666666666666,"_wandb":{"runtime":7},"_step":9,"_runtime":7.8671583}