{"_wandb":{"runtime":8},"_runtime":8.0125093,"_timestamp":1.7411516677025282e+09,"loss":2.1436272848496607,"accuracy":0.4200185185185185,"_step":9,"epoch":10,"val_accuracy":0.4588333333333333,"val_loss":2.1276505724956163}