{"_timestamp":1.7411518068372326e+09,"loss":2.3028162063878646,"_runtime":7.5744327,"val_accuracy":0.11483333333333333,"epoch":10,"accuracy":0.11461111111111111,"val_loss":2.3033675253704726,"_wandb":{"runtime":7},"_step":9}