{"accuracy":0.8888703703703704,"confusion_matrix_table":{"sha256":"63a335f3502408e3dfe31a3d29b83f92b359c71ba5d4c98123e59de97a74f257","size":2932,"artifact_path":"wandb-client-artifact://ophq0j96wgr4ebqlhiiyhagyf0uywgkq84d6cnfwonhlyk62pm3o13oneu9uge68xch8gc49kbz0dr2nsldq5b9bf8ei598c66ttxdzt8g0a3t4mo7lntyrzsgogczej/confusion_matrix_table.table.json","_latest_artifact_path":"wandb-client-artifact://i3csi2gnyfyg4cpqzxkjfqyvfvm0pq1x23ib5yrt7aychr71v3qu34hfxadwltq3q0mrq1mbhw5w1nroh1ogaviz49o2r44t0z868y8c6oxl9pqvypphomicvgla037q:latest/confusion_matrix_table.table.json","path":"media/table/confusion_matrix_table_10_63a335f3502408e3dfe3.table.json","ncols":3,"nrows":100,"_type":"table-file"},"_runtime":117.0024722,"cross_entropy_loss":0.3324378730799969,"val_loss":0.4102531034187252,"_step":10,"mse_loss":0.1639684045892006,"val_cross_entropy_loss":0.4102531034187252,"epoch":10,"loss":0.3324378730799969,"val_mse_loss":0.1936679293680463,"_wandb":{"runtime":117},"val_accuracy":0.8705,"_timestamp":1.7421061652155087e+09}