{"_step":10,"_runtime":20.2595181,"mse_loss":0.1444532425455631,"cross_entropy_loss":0.27415000027538383,"accuracy":0.9001481481481481,"_timestamp":1.742193823960875e+09,"val_accuracy":0.876,"val_mse_loss":0.18447369244899023,"_wandb":{"runtime":20},"epoch":10,"confusion_matrix_table":{"sha256":"b78f2f542ea5c6e2177ac061165c1ba266a839823105e402afba6b4ae1116162","size":2926,"artifact_path":"wandb-client-artifact://c4y8efswlbc25raauggj1bzgxthfu74gkzorbwj5mqe1vagmsqhe6h311re4myz5g7uwhaggjy6kjpg7xzin7q56n6p3r21zxu0esvssylkjss8z7v36bbmhksfd8yh8/confusion_matrix_table.table.json","_latest_artifact_path":"wandb-client-artifact://ikbd2fop59fj1zctbj1txfhx5md5rff3bxr7s4kx69zhxukgfi6j3siwl5kchq8913ctm9jp5m7cbxpua8ar52bl1rg02sc5gym38qts6nbz9kzqrcfy9v5tgljzdaaj:latest/confusion_matrix_table.table.json","path":"media/table/confusion_matrix_table_10_b78f2f542ea5c6e2177a.table.json","ncols":3,"nrows":100,"_type":"table-file"},"loss":0.27415000027538383,"val_cross_entropy_loss":0.36538099622466363,"val_loss":0.36538099622466363}