{"val_mse_loss":0.18828031897515815,"val_cross_entropy_loss":0.3754977965702118,"accuracy":0.9013518518518518,"val_accuracy":0.8722,"_wandb":{"runtime":44},"_step":10,"_timestamp":1.7421102983370147e+09,"mse_loss":0.14233998743865575,"confusion_matrix_table":{"ncols":3,"nrows":100,"_type":"table-file","sha256":"f869b72a62f46810efac78dab787cb346b9f5a8c46d6e64d0edc50e32db6ddcd","size":2930,"artifact_path":"wandb-client-artifact://mqdfz39b202tvufdbyezlcutsvddr5h92rac5o5q5jz0pgcznfpwnqp9dvmsh1h6gvmya4qyc8fsl9do8palemi7sey9gokyjvsucu6gintppzpv5s847yue6577bsyl/confusion_matrix_table.table.json","_latest_artifact_path":"wandb-client-artifact://bqh07n2bac3lckf5tl0qwfm2vvdabfb47gb1l9xszq52cl85du5i5m07h41k0j6l4uugc6it69mwoa31bphe7pj1hkj2b6h3zctzd64pvznp5w841j3ya5r1wwqd0yik:latest/confusion_matrix_table.table.json","path":"media/table/confusion_matrix_table_10_f869b72a62f46810efac.table.json"},"val_loss":0.3754977965702118,"loss":0.27028074927289525,"cross_entropy_loss":0.27028074927289525,"epoch":10,"_runtime":44.7474875}