{"val_accuracy":0.8688,"accuracy":0.8979814814814815,"_wandb":{"runtime":30},"epoch":10,"val_cross_entropy_loss":0.38649844196069505,"val_loss":0.38649844196069505,"loss":0.2883826410882531,"val_mse_loss":0.19175548152476088,"_timestamp":1.7421979942055922e+09,"_runtime":30.1896672,"_step":10,"confusion_matrix_table":{"artifact_path":"wandb-client-artifact://ha2a9uz29o6keos2zcd9w6gmfdvbbd2kxqtpts4m97wdm4w95ade4reg2lf8mifnmms725w6a2o3tr2fwhx12ns3i9pl0gs0ikpk7h4xebapghukani3bfqa2k0boa33/confusion_matrix_table.table.json","_latest_artifact_path":"wandb-client-artifact://m5vexyorf807kcggf0phi3834s92psx1e3cxdjelvhca2tdkauhtvagyy3pun1cm1roexqstoawigu7v3n3anr93qbykvyfj104h31o54du2izl47tuct0vg3zrpmfg9:latest/confusion_matrix_table.table.json","path":"media/table/confusion_matrix_table_10_447b84d984eba3cf0cb0.table.json","ncols":3,"nrows":100,"_type":"table-file","sha256":"447b84d984eba3cf0cb09e888f75c92e6c5f2bd98ee54d1b7d95764dda76c6df","size":2929},"mse_loss":0.14852323669738918,"cross_entropy_loss":0.2883826410882531}