{"_wandb":{"runtime":25},"accuracy":0.0982962962962963,"loss":2.306477001582582,"epoch":10,"val_accuracy":0.1,"val_loss":2.3063912699536075,"_timestamp":1.741253783287063e+09,"_step":9,"_runtime":25.4241357}