{"val_mse_loss":0.46520161324004583,"mse_loss":0.4768188717973948,"_runtime":13.5689058,"loss":1.0813334056131867,"accuracy":0.6984074074074074,"epoch":5,"val_accuracy":0.6971,"confusion_matrix_table":{"sha256":"b68d328f0248cad0c0b88daa3c40250e0bc5f7c1210902ab2e3c0d7ee0b2f259","size":2944,"artifact_path":"wandb-client-artifact://ca1c83cl6wqh3nsa7dprmmloiqyjaa7c857ve0hcx4upyk6g8onko9koyrqeoo9b0t8dttiayezim6kcyklcopvg1s99pduiveonbip3rw6ew1cmejt2t8ezyjy0j97r/confusion_matrix_table.table.json","_latest_artifact_path":"wandb-client-artifact://kdqko9m9pebgvp32l6hgnv30tbvixkzcn3p4an60gi1dq1n5j65mjs1rn9q2k12w3zh0hxex50hsvn0trse4ev4j05x3q9t9bqpzmobkau255ap86r13rhf1bw6a3enp:latest/confusion_matrix_table.table.json","path":"media/table/confusion_matrix_table_5_b68d328f0248cad0c0b8.table.json","ncols":3,"nrows":100,"_type":"table-file"},"cross_entropy_loss":1.014830755727077,"_timestamp":1.7415870696744707e+09,"_wandb":{"runtime":13},"val_cross_entropy_loss":0.9843560127240547,"_step":5,"val_loss":1.0510181720230305}