{"_step":5,"val_cross_entropy_loss":0.43616058702980054,"_wandb":{"runtime":17},"_runtime":17.4897198,"val_accuracy":0.8441,"cross_entropy_loss":0.39222085364873693,"confusion_matrix_table":{"nrows":100,"_type":"table-file","sha256":"8e23c7ba5d06f5b4e269c811a234a7842aa4da6bd3736ff0c234aad4091034d2","size":2931,"artifact_path":"wandb-client-artifact://y0d6h3p5bemi56esg3ovlifme7uz27gvomwlwoum6lam4axnnddhxtq9jkay0bqifre4emzrl5hoti9e0gjk4n49uwfqy7kxqslcr4uyn09jsyrkcrvxowsb1l6pndq7/confusion_matrix_table.table.json","_latest_artifact_path":"wandb-client-artifact://smc5dl2k3nhbsdwgo37c30m40j6lpvi1sy9r539r4vr39f9r1c6qyfietmgi4wa30ibjn9qvfudzzxad44k9ki55jrgb608dstt8s2kmnbg175nz8025jpmkbqn4bu70:latest/confusion_matrix_table.table.json","path":"media/table/confusion_matrix_table_5_8e23c7ba5d06f5b4e269.table.json","ncols":3},"val_loss":0.505357591295502,"_timestamp":1.741586960068071e+09,"epoch":5,"accuracy":0.8600740740740741,"mse_loss":0.1993735989818247,"val_mse_loss":0.22132630131709005,"loss":0.46142666776980906}