{"val_accuracy":0.1,"val_loss":84.35565718578965,"_timestamp":1.7412558432634435e+09,"epoch":5,"accuracy":0.10135185185185185,"_wandb":{"runtime":16},"loss":87.9226938220279,"_step":4,"_runtime":16.3065203}