{"_step":9,"_timestamp":1.7411554586406808e+09,"_wandb":{"runtime":5},"accuracy":0.10237037037037038,"val_loss":2.3025974377910607,"_runtime":5.1632087,"loss":2.302511997184768,"val_accuracy":0.0965,"epoch":10}