{"_step":9,"accuracy":0.10083333333333333,"val_loss":2.302749160531101,"val_accuracy":0.0925,"_wandb":{"runtime":9},"loss":2.3022907337274137,"_timestamp":1.7411561557168982e+09,"_runtime":9.8128582,"epoch":10}