{"val_loss":0.4416686301624751,"_step":5,"val_mse_loss":0.22038041065428496,"val_cross_entropy_loss":0.4416686301624751,"_wandb":{"runtime":11},"_timestamp":1.7415875651493907e+09,"epoch":5,"accuracy":0.8582222222222222,"_runtime":11.5436405,"mse_loss":0.2035754992992151,"cross_entropy_loss":0.40836708090849483,"loss":0.40836708090849483,"val_accuracy":0.8452,"confusion_matrix_table":{"artifact_path":"wandb-client-artifact://t7andk7orfbgz04t7dnuzij1prizaophbh3s388u7i87ft09m180bsl0urtby1snxpkp2smzle94jxx1dm883segrcdo5bglj8vqydtcmh5c3bcjyey5gz45prnspbdi/confusion_matrix_table.table.json","_latest_artifact_path":"wandb-client-artifact://xpuhqi9ozv2skjj0f6dfqoa6lyuuuwj2wyf8tpyz4g8h36o0ocn6qdc8nn8c3s07d4gcvsbri8fatlovwfh9avnyjcezp2rec6vc64ety1qafblxg40g95mwsad57f02:latest/confusion_matrix_table.table.json","path":"media/table/confusion_matrix_table_5_f9f1d7ea1f7121174dfb.table.json","ncols":3,"nrows":100,"_type":"table-file","sha256":"f9f1d7ea1f7121174dfb7e9ce0b2c33e8b90204e4c8028fb3339caa04e166385","size":2930}}