{"_timestamp":1.7411566339197376e+09,"accuracy":0.15085185185185185,"loss":2.1277193973640665,"epoch":10,"_wandb":{"runtime":6},"_step":9,"val_loss":2.0986799806218057,"val_accuracy":0.172,"_runtime":6.1308585}