{"epoch":5,"val_accuracy":0.5305,"_runtime":6.8904275,"_step":4,"_timestamp":1.7412387410175846e+09,"val_loss":1.601136449243471,"accuracy":0.5221493179122183,"loss":1.6267477405372104,"_wandb":{"runtime":6}}