{"_runtime":122.2337165,"loss":2.3074302190102336,"_step":9,"epoch":10,"_wandb":{"runtime":122},"val_accuracy":0.1,"_timestamp":1.7412542750420554e+09,"accuracy":0.09912962962962962,"val_loss":2.3077428518794543}