{"accuracy":0.1007962962962963,"val_accuracy":0.1,"_step":4,"val_loss":2.304498351759779,"_timestamp":1.7413693569190872e+09,"_runtime":7.1340249,"_wandb":{"runtime":7},"loss":2.3045671491374367,"epoch":5}