{"_wandb":{"runtime":6},"_timestamp":1.7413578563900843e+09,"epoch":5,"_runtime":6.7857528,"val_loss":0.4809759376734812,"val_accuracy":0.8355,"accuracy":0.8460740740740741,"loss":0.4461866068470451,"_step":4}