{"_step":4,"val_loss":1.7631873888473295,"val_accuracy":0.2044,"_wandb":{"runtime":27},"accuracy":0.20670225385527877,"epoch":5,"_runtime":27.3591571,"_timestamp":1.7412360322923963e+09,"loss":1.7616467537096951}