{"_timestamp":1.7411526124654386e+09,"epoch":5,"loss":2.3885666833246795,"_runtime":4.2496358,"val_accuracy":0.10316666666666667,"_wandb":{"runtime":4},"_step":4,"accuracy":0.09964814814814815,"val_loss":2.37341346736577}