{"_timestamp":1.7421095738592563e+09,"loss":0.2665466043111958,"mse_loss":0.14055917799419088,"confusion_matrix_table":{"sha256":"141b10c6a273b243cb4048f18581ba10fe7bf17d105298da0573b98df1cf5c16","size":2932,"artifact_path":"wandb-client-artifact://mr65gfybezw3t41l3aj3wjdktgr32g8gavbaaunyptmkatrpruo05a3niik9zsp2554hx7tor58zb6nvo2klvqne6odrgx853xbajz9urna0r4pcdre6tgjqgb9crg4n/confusion_matrix_table.table.json","_latest_artifact_path":"wandb-client-artifact://nxxxonbg1wjm9awm1c20abeva9rzs9oxq4etsqa9yxac63eggvmuippi6nbbstbnly4tbunwrzo763qrpbnzjk0mhwz8cznqd2ydv0thegt52ldipb8p7zum36mvwjl4:latest/confusion_matrix_table.table.json","path":"media/table/confusion_matrix_table_10_141b10c6a273b243cb40.table.json","ncols":3,"nrows":100,"_type":"table-file"},"val_accuracy":0.8693,"_wandb":{"runtime":45},"_runtime":45.0199732,"accuracy":0.9022222222222223,"val_cross_entropy_loss":0.37720798541383777,"cross_entropy_loss":0.2665466043111958,"epoch":10,"_step":10,"val_loss":0.37720798541383777,"val_mse_loss":0.18950166195276208}