{"confusion_matrix_table":{"_latest_artifact_path":"wandb-client-artifact://gmhfy1tf9smn9326uiqb4hrwn6wn4swz0ag59yc5ysnydn1r5dz507hdv53316c4bp0tkb8133bmvg172c24ublg3ki98d0l1l7u1tnalleksjo8wmevram3xkvscxc7:latest/confusion_matrix_table.table.json","path":"media/table/confusion_matrix_table_10_89ed400016a97f6ea65d.table.json","ncols":3,"nrows":100,"_type":"table-file","sha256":"89ed400016a97f6ea65da5008aa23e8caa10d07275ebacc1e91e0eb4a96c2e77","size":2927,"artifact_path":"wandb-client-artifact://cxhem1g5kw0icq9r5zh8pecump735usphjb37zsmo28xmsvya60f0e2ut2fttumro3xlcn46bl64diyy53wjxmkqt9jo1tlljxluh3ptysiefh03bf979x6cha71r6bd/confusion_matrix_table.table.json"},"_step":10,"val_loss":0.3672258946674964,"epoch":10,"_wandb":{"runtime":51},"loss":0.25153216685463486,"val_accuracy":0.873,"accuracy":0.9076851851851852,"val_cross_entropy_loss":0.3672258946674964,"_runtime":51.3949774,"cross_entropy_loss":0.25153216685463486,"_timestamp":1.7415909157769842e+09,"mse_loss":0.13331573733678168,"val_mse_loss":0.18533863978505888}