{"epoch":5,"val_accuracy":0.1,"_timestamp":1.741346281861595e+09,"_runtime":6.7852893,"loss":2.3033095158335852,"_wandb":{"runtime":6},"_step":4,"val_loss":2.302749875653865,"accuracy":0.1002962962962963}