{"accuracy":0.5713148148148148,"val_loss":1.1749831034247518,"_timestamp":1.7412571141824622e+09,"_runtime":58.2407794,"val_accuracy":0.5515,"_wandb":{"runtime":58},"_step":4,"epoch":5,"loss":1.1161836477564886}