{"_wandb":{"runtime":4},"val_loss":2.3274326136671406,"_timestamp":1.7411560814349535e+09,"accuracy":0.09944444444444445,"_step":4,"epoch":5,"val_accuracy":0.105,"loss":2.3268751852747744,"_runtime":4.8756522}