{"cross_entropy_loss":0.32291246439023835,"accuracy":0.8848148148148148,"_step":5,"val_cross_entropy_loss":0.3856435229916652,"loss":0.32291246439023835,"mse_loss":0.16673547701078215,"val_loss":0.3856435229916652,"val_mse_loss":0.1945026399991612,"confusion_matrix_table":{"artifact_path":"wandb-client-artifact://ew3r6tq35vu2sxwd11bndi0xewb4lqadygysrwefdg3nl3j3dyjn7vjx8h2puzy7gv6bd1gvlpax8cwlzzpnkf6ok07hsfse1f80rptgbyun2b52dc1klpzgf0whcxjd/confusion_matrix_table.table.json","_latest_artifact_path":"wandb-client-artifact://a6g75lccoqwdujdy2ax9r2fzjrch9c9i3sqeg8ycbv0l5fjhp4am3ca3j87duy0s46tfinpr2omtn5xr8yk8mgoa7mqmqya79ts4mpaus08tp6ypx1bh5iv469pevzz5:latest/confusion_matrix_table.table.json","path":"media/table/confusion_matrix_table_5_d6353bb4e466815287c3.table.json","ncols":3,"nrows":100,"_type":"table-file","sha256":"d6353bb4e466815287c39320f5a22652f12bf21c4e4c9a1c24e500ad2d8b5253","size":2932},"epoch":5,"_timestamp":1.7415879144496725e+09,"val_accuracy":0.8655,"_wandb":{"runtime":36},"_runtime":36.0838608}