{"confusion_matrix_table":{"_type":"table-file","sha256":"64a61236e598975e60b30c6cfc6c6a18cd0b42a39d0c0f56c73c792ea9c48697","size":2932,"artifact_path":"wandb-client-artifact://s8i52jw1fl1u98zs47984dae8owomoasoae7udj0jna0n8tfijzbcf3jszdzy3m07j36i3ikzwmzttihpgtuf4vwcda6wrqmjvzpqknjvh5rymxwaxksqivy13z1dbni/confusion_matrix_table.table.json","_latest_artifact_path":"wandb-client-artifact://ugvapd2j3sxf7z3hg18dcu68wxq7qapxmynkmd6cf1ce33ycf4nakl9qp9zzs5f9iawri605rlqmaq5q4c8hzhmyb03a1y69qiazwhfzicp77qvahclh1h07mig18rld:latest/confusion_matrix_table.table.json","path":"media/table/confusion_matrix_table_10_64a61236e598975e60b3.table.json","ncols":3,"nrows":100},"accuracy":0.8812777777777778,"epoch":10,"_step":10,"_timestamp":1.742105047454991e+09,"val_cross_entropy_loss":0.39373278872019607,"mse_loss":0.17056559581866063,"_runtime":75.6838679,"val_mse_loss":0.19908992846375087,"_wandb":{"runtime":75},"val_loss":0.39373278872019607,"cross_entropy_loss":0.3339756190887485,"val_accuracy":0.8629,"loss":0.3339756190887485}