{"loss":0.43813193665997363,"confusion_matrix_table":{"_type":"table-file","sha256":"79e4eb1a4cbab0fa2fd4067f04c075563d7d1594bfb7298eea683eaa275f0253","size":2931,"artifact_path":"wandb-client-artifact://fvjlsprko4juc1u3hf76xnyiob0aq5lcj1mrhe01wsuugxrycoi2gbt75uq00f8zpmhzei915gpp6vh2m41ncur7yxskbbyzbs95x3b2hxk1wmhgjphk09bk4mr04ktz/confusion_matrix_table.table.json","_latest_artifact_path":"wandb-client-artifact://wrwf6snikk7g909fv46bh8bcsgeswigvno4zh2hjanqbabnqkjc412183039qm6l4iijossghlpmtzbyemxpn4div7fsnk9x2rdab1lkjn5ox8j76hnzmhurpklfwwiz:latest/confusion_matrix_table.table.json","path":"media/table/confusion_matrix_table_5_79e4eb1a4cbab0fa2fd4.table.json","ncols":3,"nrows":100},"cross_entropy_loss":0.43813193665997363,"val_mse_loss":0.28331284462133366,"val_loss":0.5751103344256385,"epoch":5,"mse_loss":0.20850896256337756,"accuracy":0.8543333333333333,"_wandb":{"runtime":9},"val_accuracy":0.7972,"_timestamp":1.7421910017981427e+09,"_step":5,"val_cross_entropy_loss":0.5751103344256385,"_runtime":9.723163}