{"val_mse_loss":0.9000280313706542,"accuracy":0.1000925925925926,"val_loss":2.302726365054929,"confusion_matrix_table":{"path":"media/table/confusion_matrix_table_5_432d896da10cd3605541.table.json","ncols":3,"nrows":100,"_type":"table-file","sha256":"432d896da10cd3605541b4728cb3898790a4607163af19d112a706dfa0f46ee2","size":2912,"artifact_path":"wandb-client-artifact://cashh1ztwe0i1rn5sv5ocw4bz0ydd8zh82luxxgibugbh3gzlgpnsbun20pix3mdg8km93k77mq2eru1nuebowmgf7oxnrb43fyrp53anbfym20ou2rbvxnt6endhtdp/confusion_matrix_table.table.json","_latest_artifact_path":"wandb-client-artifact://s90snbbqa7jhn4qcxjophbfinskz7dqficmje2i8m23xii0igfi8ewp1r0wtrylecoideofhemu6nuac7znsa43m08z431jj0zzpjr1b2s2smk7pw0rg1oxj7v335xrw:latest/confusion_matrix_table.table.json"},"val_cross_entropy_loss":2.302726365054929,"_runtime":45.2046684,"mse_loss":0.900169215633952,"cross_entropy_loss":2.303428523342629,"_timestamp":1.7415844353354733e+09,"epoch":5,"_wandb":{"runtime":45},"val_accuracy":0.1,"loss":2.303428523342629,"_step":5}