{"_step":10,"epoch":10,"cross_entropy_loss":0.24934252579827862,"val_loss":0.3577448087225674,"val_accuracy":0.878,"loss":0.24934252579827862,"_runtime":38.9823958,"confusion_matrix_table":{"_latest_artifact_path":"wandb-client-artifact://1dye0u5lk8nai6arwlldjudul9q1hae9z3w103h7fr6rj343jy8y2ijygzgtrddacz8c9rjz3gc2e2zlyure5diumt1f1tp8f03utv3od1b6dr9sjtbkoc3ihmuljtjc:latest/confusion_matrix_table.table.json","path":"media/table/confusion_matrix_table_10_25c5d535f7368ed62897.table.json","ncols":3,"nrows":100,"_type":"table-file","sha256":"25c5d535f7368ed6289744300002309867e29b7acc6c87abcf62ae45a33f1abe","size":2929,"artifact_path":"wandb-client-artifact://p3dvii3jlig0dvtv14vxqzq34ba3c2zcijd4fghshsktmn1qzcbs95r2rbzeie3amvzp1n69dp2do2svneq17jpc7qfm0a4x46vzust9q93nlzeq03p0oq6pgxbj89oy/confusion_matrix_table.table.json"},"mse_loss":0.13308174804727635,"val_mse_loss":0.17819966541584142,"accuracy":0.9076666666666666,"_timestamp":1.7421102447617962e+09,"val_cross_entropy_loss":0.3577448087225674,"_wandb":{"runtime":39}}