{"_wandb":{"runtime":3},"accuracy":0.09977777777777778,"_timestamp":1.7411530900357616e+09,"val_loss":2.3976347264289974,"val_accuracy":0.11233333333333333,"_step":4,"loss":2.428847454244125,"_runtime":3.4850125,"epoch":5}