{"epoch":5,"_step":4,"_runtime":7.1756739,"_wandb":{"runtime":7},"val_loss":2.3026967361839716,"_timestamp":1.7411579403500385e+09,"loss":2.304209400298745,"accuracy":0.09938888888888889,"val_accuracy":0.1055}