{"epoch":10,"val_loss":2.3025923788551936,"_wandb":{"runtime":47},"accuracy":0.09954801422643746,"_runtime":47.7294161,"val_accuracy":0.1,"_timestamp":1.7412347431871731e+09,"_step":9,"loss":2.3039534069594136}