{"_step":4,"epoch":5,"_wandb":{"runtime":25},"_runtime":25.965914,"val_loss":2.302631390862452,"val_accuracy":0.1,"_timestamp":1.7413695211481943e+09,"loss":2.302635235687098,"accuracy":0.10083333333333333}