{"accuracy":0.11394444444444445,"_step":4,"epoch":5,"val_accuracy":0.11966666666666667,"_timestamp":1.7411531718459105e+09,"_wandb":{"runtime":4},"_runtime":4.9643715,"loss":2.3039805531018764,"val_loss":2.3037896601389685}