{"mse_loss":0.19146942631463618,"cross_entropy_loss":0.37849566840947907,"val_mse_loss":0.2114421905165294,"val_accuracy":0.8563,"_step":10,"_timestamp":1.7421075969658508e+09,"confusion_matrix_table":{"nrows":100,"_type":"table-file","sha256":"514d154ea7d6b43768c108d8f3d3b56a3292cd676ea85ec77f7e024573be95ad","size":2932,"artifact_path":"wandb-client-artifact://1wpngwawmq1ps8pjcrud1roee0h2pef8i8ql7m9rt8kzf7smigvshii29j06gj2hhmo18jp784f4fmqgugbd8yvsbajjnam87pf6hl1tfw3miqi3k6xwix4fvalkv1yq/confusion_matrix_table.table.json","_latest_artifact_path":"wandb-client-artifact://m86d7kwt6siypnf1huyeeiix5ixk3iym6tvkqefweymlmf2osoac144i787vqi1eai6ensjsbj5y48b3sedpggsfu0cjx83ck86h2ggo1mxl72yg08uq0gxia8ycsw23:latest/confusion_matrix_table.table.json","path":"media/table/confusion_matrix_table_10_514d154ea7d6b43768c1.table.json","ncols":3},"accuracy":0.8677037037037038,"loss":0.4665949946894146,"val_cross_entropy_loss":0.42438959666239606,"_runtime":19.3811734,"_wandb":{"runtime":19},"val_loss":0.5145591368955541,"epoch":10}