{"_wandb":{"runtime":19},"accuracy":0.1010925925925926,"val_cross_entropy_loss":2.302733031091688,"val_accuracy":0.1,"mse_loss":0.9000369865913436,"_runtime":19.2612044,"_timestamp":1.7415845788483026e+09,"val_mse_loss":0.9000298820640719,"cross_entropy_loss":2.3027703781305453,"loss":2.3027703781305453,"_step":10,"epoch":10,"confusion_matrix_table":{"path":"media/table/confusion_matrix_table_10_e057170823602e16cc6d.table.json","ncols":3,"nrows":100,"_type":"table-file","sha256":"e057170823602e16cc6d65e01f04cd68537bdc19067d65140986d32eda76ff73","size":2912,"artifact_path":"wandb-client-artifact://o77bs6docps5yessgm0vxxdiumx09pbp5nv9mx5ztwuuu93lc9upyhvzu39cvyxv9o2mkrjr262xxgt193tayqifbuf7b3xh8mmf740ove8xd6wrwd290cflz1aedyce/confusion_matrix_table.table.json","_latest_artifact_path":"wandb-client-artifact://ch7ii1hr6kbtec2w22mjfx1t2n52e3cu5bor2wj0u0q48116rkoqgx0z33u2q922dzv933tracrwshn16nxxjas6xlw59wuj6yt7jzx93ayfdjc5x2haapio4o9c5k7r:latest/confusion_matrix_table.table.json"},"val_loss":2.302733031091688}