{"_wandb":{"runtime":36},"val_cross_entropy_loss":0.42824254036993586,"val_mse_loss":0.20214162995282986,"cross_entropy_loss":0.3494540371547177,"_step":10,"accuracy":0.8825555555555555,"_timestamp":1.7421048234680066e+09,"_runtime":36.2310282,"val_loss":0.42824254036993586,"val_accuracy":0.8638,"loss":0.3494540371547177,"mse_loss":0.1729757752882854,"epoch":10,"confusion_matrix_table":{"path":"media/table/confusion_matrix_table_10_91b74ab9908c4159c3ab.table.json","ncols":3,"nrows":100,"_type":"table-file","sha256":"91b74ab9908c4159c3abb929ff3824d8414851953aa9545a54b5d9266a4cb108","size":2934,"artifact_path":"wandb-client-artifact://921e9uzqh57jnknf9xg7gqxk9ox9ap1qzws3e3rfjcj0gkb6al8vxqmkwcg6nw1wvoyoh367juuqr9xq43hh587r4zc5l6hm0mr8m7usego91tzfagtdkze2tv1tvr3s/confusion_matrix_table.table.json","_latest_artifact_path":"wandb-client-artifact://7lj4p11p73798x6bid9be03i9xyuqbycvw9gckg8gug4hh7a20g4k8liqkyfm7tetpxxjpm6pcxxbmghgc6gsl62260aw3buakc7xejq9n95hhncnfy26h0c598zahdu:latest/confusion_matrix_table.table.json"}}