{"val_loss":1.8237054900250438,"loss":1.8262378775007089,"_runtime":21.2636872,"_step":9,"_timestamp":1.7412495527196612e+09,"val_accuracy":0.2014,"_wandb":{"runtime":21},"epoch":10,"accuracy":0.20070370370370372}