{"_wandb":{"runtime":12},"epoch":5,"val_loss":2.3060367019991843,"_runtime":12.2787921,"_step":4,"loss":2.30482456754225,"accuracy":0.0995,"_timestamp":1.7412366948802378e+09,"val_accuracy":0.1}