{"accuracy":0.18901851851851853,"_runtime":4.6033949,"epoch":5,"_step":4,"val_accuracy":0.22166666666666668,"loss":2.1396714431756205,"_timestamp":1.7411580654634829e+09,"_wandb":{"runtime":4},"val_loss":2.095812611564245}