{"loss":0.43264743523764343,"epoch":10,"val_loss":0.5124254681280884,"_runtime":72.9239416,"val_accuracy":0.8547,"val_cross_entropy_loss":0.4265520276378242,"val_mse_loss":0.21401035081315722,"mse_loss":0.1795970193176332,"_timestamp":1.7421064188315508e+09,"confusion_matrix_table":{"sha256":"e18b317ca1bb7fd7b1eb8901f73f481c5594fa59a5640e19bf351a258eaa2b4b","size":2932,"artifact_path":"wandb-client-artifact://03zn5qm0396iicpjh3dqickuuwn2a5wr6fb86ggzmx14r2af05cblvg5f2fwl2pfaijn8ychcfd28pvfrnmgicde3iyu54i5j2wca41hyatmf0iru2o61j8ns86m022u/confusion_matrix_table.table.json","_latest_artifact_path":"wandb-client-artifact://ntyzsv0vqzrj6dc5xcpa5nfvlfce185bhqkitm6pzwu11fudb29r3osssdzzedc3xs0szjszkn7wgu7al0sotc0jkif816178whjfuy36vke4td75blzuthbnowo7wum:latest/confusion_matrix_table.table.json","path":"media/table/confusion_matrix_table_10_e18b317ca1bb7fd7b1eb.table.json","ncols":3,"nrows":100,"_type":"table-file"},"accuracy":0.8743333333333333,"_step":10,"_wandb":{"runtime":72},"cross_entropy_loss":0.3471097167295045}