{"_wandb":{"runtime":6},"_runtime":6.4147671,"_timestamp":1.7411569342353873e+09,"val_loss":2.324521040678997,"epoch":10,"accuracy":0.1002962962962963,"_step":9,"loss":2.3279439796350947,"val_accuracy":0.09733333333333333}