{"mse_loss":0.14832500456303402,"epoch":10,"val_loss":0.3514375727173795,"cross_entropy_loss":0.28324254277203603,"accuracy":0.8977962962962963,"_wandb":{"runtime":17},"confusion_matrix_table":{"ncols":3,"nrows":100,"_type":"table-file","sha256":"ad7976621d7e2932e04bf4b0dc5356e5281ddbf042e86e7235583ae0a8c58cdf","size":2932,"artifact_path":"wandb-client-artifact://xgs1m9bpe78jcx18h8wdihw2j8849sa0gckdtlmkq4829zbe8a38mwpzkr74e5d1v5r4g9p76g7tfpl62fn8sxoh7dctutqxtnw6l890zn87ynzrcn2sxwfbokpjirxj/confusion_matrix_table.table.json","_latest_artifact_path":"wandb-client-artifact://b8dbo7kmcf0xe5k0l60c37ki4mourmo3kjpipdieffcqogmis8o8r8a0hhwnu3ahxl3jc7jteksj695efa24mni57fgvjtwfxxjo4n9s22gfgpnd5s0tlr73a411hkpn:latest/confusion_matrix_table.table.json","path":"media/table/confusion_matrix_table_10_ad7976621d7e2932e04b.table.json"},"_step":10,"_timestamp":1.742198563771851e+09,"loss":0.28324254277203603,"val_mse_loss":0.17776799447899988,"val_accuracy":0.8756,"_runtime":17.5532573,"val_cross_entropy_loss":0.3514375727173795}