{"_wandb":{"runtime":8},"_timestamp":1.7411560580219092e+09,"val_loss":2.308520762531766,"loss":2.3125717539985553,"epoch":10,"accuracy":0.09464814814814815,"_step":9,"_runtime":8.3114927,"val_accuracy":0.094}