{"val_accuracy":0.8489,"loss":0.4322640046513026,"_wandb":{"runtime":7},"_timestamp":1.7413641727394803e+09,"_step":4,"_runtime":7.1435491,"val_loss":0.477545813666735,"epoch":5,"accuracy":0.8650740740740741}