{"epoch":5,"_runtime":4.6289642,"val_loss":2.311544605461941,"_timestamp":1.7411565559795525e+09,"_step":4,"val_accuracy":0.0925,"accuracy":0.10083333333333333,"_wandb":{"runtime":4},"loss":2.3109889517310265}