{"accuracy":0.1960185185185185,"val_loss":2.2533197332040937,"val_accuracy":0.1905,"_runtime":24.526844,"epoch":10,"_timestamp":1.7411579260430653e+09,"loss":2.2649977358541133,"_wandb":{"runtime":24},"_step":9}