{"mse_loss":0.16461294148917488,"_step":10,"confusion_matrix_table":{"size":2933,"artifact_path":"wandb-client-artifact://x1ryvpij2sakir7whf365k9g8mq8ruip6oujs8o43fwr7dbpz6kdmfccztl6ld7x0mtwiutm6l2v1xsce8gijqydu6yoxs1c9wa4pgc7gl9iaffukbbfx82383eduz0f/confusion_matrix_table.table.json","_latest_artifact_path":"wandb-client-artifact://du3oauhr1j1cckrhzetagy0ho72jwpmij5vrcvy0o5azj5q6afxe2o609f30cwo9xxpeqlizkczt53prhk0gqlv9m9nbghmu3zvr2uw1s5sqwtjsqk3fnpzqiwn2phpn:latest/confusion_matrix_table.table.json","path":"media/table/confusion_matrix_table_10_fbabd2a355eff297a080.table.json","ncols":3,"nrows":100,"_type":"table-file","sha256":"fbabd2a355eff297a08095b72bb720b46f1a7e2b20f6e5f1e805f6ee9063fb12"},"cross_entropy_loss":0.32083658661097125,"val_cross_entropy_loss":0.4069102389225507,"val_loss":0.47665690156132984,"accuracy":0.8854074074074074,"val_mse_loss":0.2075962144078841,"loss":0.3903781812770245,"epoch":10,"_wandb":{"runtime":14},"_timestamp":1.742193450483508e+09,"_runtime":14.096471,"val_accuracy":0.8583}