{"accuracy":0.8761851851851852,"val_mse_loss":0.19325921743028468,"_runtime":67.9080983,"_timestamp":1.7421084774133337e+09,"cross_entropy_loss":0.34423386850456017,"_wandb":{"runtime":67},"epoch":10,"mse_loss":0.1785896758654314,"_step":10,"confusion_matrix_table":{"path":"media/table/confusion_matrix_table_10_9ebe9623680d7f54b128.table.json","ncols":3,"nrows":100,"_type":"table-file","sha256":"9ebe9623680d7f54b128fc3271ca9b7e90a7924985f867ea47b30ca302aca22f","size":2934,"artifact_path":"wandb-client-artifact://ngj89zb9gt0c87pdr4l6pbpsa8izsp5ltsdzfxnyvvoi8cipsea4n3nj6ygnauvxjhu51bnqopx4z51tg6rfjjx6hwlc1bzd8lk2xsm5now7rp41lwu005wkqdevjn9r/confusion_matrix_table.table.json","_latest_artifact_path":"wandb-client-artifact://6c3ggffj29avvgsa963u1sbsyltskq4g7a681czrd8bbola9b5q5lstdcbhagbgqjqvxac80kzr5jp03e6dl1m0y5gfaa2vwxo222vgq84wjorpaxwn41y07oct2gigd:latest/confusion_matrix_table.table.json"},"loss":0.4299985208054557,"val_loss":0.45867914412707,"val_accuracy":0.8635,"val_cross_entropy_loss":0.37264174508733433}