{"accuracy":0.8521111111111112,"cross_entropy_loss":0.4258008127389188,"val_cross_entropy_loss":0.45805422334102186,"val_loss":0.45805422334102186,"_runtime":8.715017,"epoch":5,"loss":0.4258008127389188,"val_mse_loss":0.22698233100150664,"_wandb":{"runtime":8},"_step":5,"val_accuracy":0.8431,"mse_loss":0.21319435092743824,"confusion_matrix_table":{"ncols":3,"nrows":100,"_type":"table-file","sha256":"fea6d3ddbd12ca28efcb6587b9749a66dc38a6bb16cfa8c2ba3583bab258e763","size":2937,"artifact_path":"wandb-client-artifact://ypol035oc4iwcqyhm1azp1os3t1hyap1cmuqz50p6ag285t8byd0g4vbnael0gjjn9kly4dn0jd6uzdzsyckspttqpof4btgc0vxs62xlysdhkjsa8km4x5j46pvz5er/confusion_matrix_table.table.json","_latest_artifact_path":"wandb-client-artifact://q41pq19o2zwfhv99i30xxz23gocco7ucvd84403lotygaa7reeb37ti7tshihyvxfdlyxrpr8n688f2bt64pvwqsujjpt9z9349qfjp82r4dl3b5797duiyr2pvv7b1e:latest/confusion_matrix_table.table.json","path":"media/table/confusion_matrix_table_5_fea6d3ddbd12ca28efcb.table.json"},"_timestamp":1.742109441515915e+09}