{"confusion_matrix_table":{"size":2930,"artifact_path":"wandb-client-artifact://w6gp2io2jabz0wyz80ifazxqg0wj4bnnrexw0s8fux24w8l4amp9jn7jlb92regpimrzst78fq8lgrhiutosfjb6rvvztus39u4vghj5fcjwcpvkh7qaa4p6sz1yq36t/confusion_matrix_table.table.json","_latest_artifact_path":"wandb-client-artifact://ara5cqf1k3veby65nyyon4mcy9qla9y1h7tp27g6aqw92e6l2jkx4xbv6llnyp80r178ak3ok1ni1uha75vzs7vkzqyz0izxieddlrd2dok59bxntvnysbyxzuju7kgo:latest/confusion_matrix_table.table.json","path":"media/table/confusion_matrix_table_5_9abde633e693f3726afa.table.json","ncols":3,"nrows":100,"_type":"table-file","sha256":"9abde633e693f3726afa361aaf086412c32065d4cdac151a291c921fabf1c200"},"accuracy":0.8728518518518519,"epoch":5,"val_cross_entropy_loss":0.4082578068072891,"_step":5,"val_loss":0.46361404624049585,"val_accuracy":0.8529,"loss":0.4078231003890044,"_runtime":8.9345094,"mse_loss":0.18120419609302865,"val_mse_loss":0.20742789970700914,"_wandb":{"runtime":8},"cross_entropy_loss":0.3527758987200748,"_timestamp":1.7415870497439408e+09}