{"_runtime":11.0139937,"loss":0.3177517619828044,"val_loss":0.403465284914388,"val_accuracy":0.8536,"_wandb":{"runtime":11},"accuracy":0.8846851851851851,"mse_loss":0.1658249618185636,"_step":5,"confusion_matrix_table":{"path":"media/table/confusion_matrix_table_5_768c9245d6383f9ed6b7.table.json","ncols":3,"nrows":100,"_type":"table-file","sha256":"768c9245d6383f9ed6b778e91ec7c5efbf44ccc0b74584dba712d999a352d1dc","size":2930,"artifact_path":"wandb-client-artifact://jay6d7ng8qmiqaekv341p31am5v3zop4lsc7o0hr470jbqatoxcabm1vgdypcc55mfpv4j41mbu3xrfv5gvo60b3yl0pqijil10a8b6h40uwd84g0diuuyuko3xipgp7/confusion_matrix_table.table.json","_latest_artifact_path":"wandb-client-artifact://apn5lg22q64fxzyyi9qr6n7lkok8nh17ovnzdibic5q38wrmjidcmsyw0nkpxt1fjdhojinzfq1wyz0rzqs0a59okpul4kgjnz3u7bgu1fyapwvpt7hfvh2pu05nn2lj:latest/confusion_matrix_table.table.json"},"epoch":5,"cross_entropy_loss":0.3177517619828044,"val_cross_entropy_loss":0.403465284914388,"_timestamp":1.741587142375436e+09,"val_mse_loss":0.20880208719653173}