{"val_loss":0.35126096436343157,"val_accuracy":0.8816,"_timestamp":1.7412412369454167e+09,"_step":9,"_runtime":27.1664977,"accuracy":0.9008780379371666,"_wandb":{"runtime":27},"epoch":10,"loss":0.27156819554215406}