{"_wandb":{"runtime":9},"_step":4,"epoch":5,"_runtime":9.8274317,"accuracy":0.09994444444444445,"val_loss":2.302535130766455,"_timestamp":1.7415338987558842e+09,"loss":2.302711526539755,"val_accuracy":0.1}