{"val_accuracy":0.8613,"_step":10,"epoch":10,"val_cross_entropy_loss":0.4205688724959683,"mse_loss":0.17859478610016175,"val_mse_loss":0.20445437102377761,"_wandb":{"runtime":23},"val_loss":0.4205688724959683,"confusion_matrix_table":{"size":2935,"artifact_path":"wandb-client-artifact://9u5chx3m1que0wgv6rms3sabyedm0h8i8lqiwuq47vkvqc8po6c4xja3hxkhgmziunaldnynfdpvg8054bpr2h5dg79mnwca4x7c7qmp9jbzb7k4o2v0owetoimcmca0/confusion_matrix_table.table.json","_latest_artifact_path":"wandb-client-artifact://zk7agx5lkgeryw7bw72ejpawo3lbeu7tj6mt9pvkvrshot01npsbpic15fpkuddwqgs23izx0w7buxb7exlk7o1faz27hbjd1x8g1hx9mvkrb6t90spq9p0kp8ruju4z:latest/confusion_matrix_table.table.json","path":"media/table/confusion_matrix_table_10_11b056d2405194c5afea.table.json","ncols":3,"nrows":100,"_type":"table-file","sha256":"11b056d2405194c5afea688900a810b8cdd0e96642a93447cd91f4fcb8fe0f5a"},"_timestamp":1.74210555760336e+09,"loss":0.3616635026134965,"accuracy":0.8782962962962962,"_runtime":23.9208465,"cross_entropy_loss":0.3616635026134965}