{"val_accuracy":0.10266666666666667,"loss":2.3820104194856433,"val_loss":2.3745744548171017,"_wandb":{"runtime":6},"_runtime":6.996014,"_step":9,"_timestamp":1.741152373556948e+09,"epoch":10,"accuracy":0.0997037037037037}