{"epoch":10,"val_accuracy":0.2554,"loss":2.3374041440732847,"_timestamp":1.7412578290237377e+09,"accuracy":0.2316851851851852,"val_loss":2.3354512201002406,"_runtime":13.7594535,"_wandb":{"runtime":13},"_step":9}