{"_runtime":10.2424002,"_wandb":{"runtime":10},"loss":2.302629219086001,"_timestamp":1.7413487104221153e+09,"epoch":10,"val_loss":2.3026063489545634,"accuracy":0.10025925925925926,"val_accuracy":0.1,"_step":9}