{"_step":9,"_runtime":6.1095883,"_timestamp":1.741154143283002e+09,"epoch":10,"val_loss":2.2630325497876256,"accuracy":0.22318518518518518,"_wandb":{"runtime":6},"loss":2.2754913270746844,"val_accuracy":0.307}