{"_timestamp":1.741152601424704e+09,"loss":2.275513053740674,"epoch":5,"val_loss":2.2655066888109587,"_runtime":4.1560216,"accuracy":0.1366851851851852,"_wandb":{"runtime":4},"_step":4,"val_accuracy":0.15983333333333333}