{"val_loss":0.3914449824052722,"_wandb":{"runtime":32},"_runtime":32.8252097,"_step":5,"_timestamp":1.7415886358109438e+09,"val_cross_entropy_loss":0.3914449824052722,"confusion_matrix_table":{"path":"media/table/confusion_matrix_table_5_b9089d3814f5f36b8254.table.json","ncols":3,"nrows":100,"_type":"table-file","sha256":"b9089d3814f5f36b8254e7dcf4caa09a72abb54cdb0cdb874dbde28e7bc30268","size":2926,"artifact_path":"wandb-client-artifact://gg3rax9xt0gi1upunk9wrz0gs0t7i9dn73k43hciq705k8olaumseh45z32ijrs6oq1pxncg5xbw54thlgswafqvxvc2ak2ohl0p8dvt6xmz2u6u00wn3rk7b8q2rt0f/confusion_matrix_table.table.json","_latest_artifact_path":"wandb-client-artifact://kw4tturxm00jqt395j86k7we2h3v6cg3w6ki5x8u37oi3boxozxkuouqtrz3d3kyj8evaikhyprfdh2g6zwhzwkqekzllxir0c58zizr7s8geike5sn6jopudoztfxop:latest/confusion_matrix_table.table.json"},"accuracy":0.884537037037037,"val_mse_loss":0.1967768309972007,"epoch":5,"cross_entropy_loss":0.32295212490778147,"val_accuracy":0.8647,"mse_loss":0.16660872363268,"loss":0.32295212490778147}