{"val_loss":0.4418896668848329,"epoch":10,"val_cross_entropy_loss":0.4418896668848329,"_wandb":{"runtime":19},"accuracy":0.8708703703703704,"mse_loss":0.18579888099835845,"_step":10,"loss":0.37372394886844834,"val_mse_loss":0.21971802310162117,"_timestamp":1.7421933419556754e+09,"confusion_matrix_table":{"_type":"table-file","sha256":"9cec87144a54a2b0073ec94a1385a01c5c1b2053d1cf8a089ca3c94fdaa6e458","size":2930,"artifact_path":"wandb-client-artifact://mhk02aik4rklmy5fsbndgc8x4o11k1gzsr82z3dbtsp9s9a7ozedbc8gq68saxshbj72kc61aeav8f021tmk0bw2egkysknrds4fpg46tx8lg7yj3uq7bp6iu8rnqnjs/confusion_matrix_table.table.json","_latest_artifact_path":"wandb-client-artifact://2yhlvupq0xavuurscbk9ni6uctplbgl3sperfm4kolzpp3fj4xb3dssa0ird3z0m59qxi562qk6v2n24yyjcdvurtj0ot57hfruv0ywyc028447yg0t1vagsgjnxqjf2:latest/confusion_matrix_table.table.json","path":"media/table/confusion_matrix_table_10_9cec87144a54a2b0073e.table.json","ncols":3,"nrows":100},"val_accuracy":0.8429,"cross_entropy_loss":0.37372394886844834,"_runtime":19.0198194}