{"loss":0.3690364496960749,"val_mse_loss":0.20596322679124318,"val_cross_entropy_loss":0.4114885634965616,"accuracy":0.8703888888888889,"_runtime":33.8443361,"val_loss":0.4114885634965616,"val_accuracy":0.8577,"_timestamp":1.742105217720783e+09,"mse_loss":0.1860996200123588,"confusion_matrix_table":{"sha256":"a4e112d2c667ea24915ef3a1612b0c479a3e452f55475096b011460d2690f777","size":2933,"artifact_path":"wandb-client-artifact://bkazxv7wep28nx5s7yt87jzivhxgbiciszq7c9o8a8v88paei0fuohpqpsrwucw1f20rc2h61xvk69jytsu9h8eq84h368126yl64eywphmb1k6rquyof3dsaercpnfy/confusion_matrix_table.table.json","_latest_artifact_path":"wandb-client-artifact://wl9bqaqk4sos467v1x7zxh7tf1u3ccq5zntwdqeymly47lw8irwazxlorq50m7obavl0dv1wsoqsrtzyks8vxi6f88k363wz8w7s7satf2hcg5pnh848gwjie5ahnaj9:latest/confusion_matrix_table.table.json","path":"media/table/confusion_matrix_table_10_a4e112d2c667ea24915e.table.json","ncols":3,"nrows":100,"_type":"table-file"},"_wandb":{"runtime":33},"epoch":10,"_step":10,"cross_entropy_loss":0.3690364496960749}