{"epoch":5,"val_loss":2.297995495372719,"_wandb":{"runtime":3},"accuracy":0.16187037037037036,"_timestamp":1.7411526815460691e+09,"_runtime":3.1504032,"val_accuracy":0.17183333333333334,"_step":4,"loss":2.309157584233726}