{"_step":5,"cross_entropy_loss":1.0755664658370265,"val_mse_loss":0.565707022583089,"_wandb":{"runtime":9},"accuracy":0.5060740740740741,"loss":1.0755664658370265,"val_loss":1.0627847393761014,"val_cross_entropy_loss":1.0627847393761014,"confusion_matrix_table":{"_type":"table-file","sha256":"3a019c6de7f9f21b1c00f809dcef3a4c6396f98ab495f147eabcdace8afbcea7","size":2932,"artifact_path":"wandb-client-artifact://bglds3f2gcsvqjnhmh9qv4z5ds0i0qv9bvl5rpgiy2i20qolirywoinnkktwm66c2whhq83msdhp2psb8yivm75dokj1lr2cxv32d7dtdzijwui42cr8ek4id73qecsv/confusion_matrix_table.table.json","_latest_artifact_path":"wandb-client-artifact://c0npddnraapbvnmokrhsbz0znli9vk09xu7su56lqhr1401w8e8aclpde3ca3chuj6d9tvocf39n726ajzoymi5oam2nvfju0m0whlaitc7k4ddjy8qpl77jx0s4y953:latest/confusion_matrix_table.table.json","path":"media/table/confusion_matrix_table_5_3a019c6de7f9f21b1c00.table.json","ncols":3,"nrows":100},"epoch":5,"val_accuracy":0.5052,"_timestamp":1.741587325734224e+09,"mse_loss":0.5757717730726337,"_runtime":9.9029202}