{"loss":1.4661724764077186,"_runtime":13.1617686,"_wandb":{"runtime":13},"_step":4,"epoch":5,"accuracy":0.4003037937166568,"_timestamp":1.7412407290984719e+09,"val_accuracy":0.3863,"val_loss":1.4716985699864071}