{"val_accuracy":0.1,"_timestamp":1.7412551616644137e+09,"_step":9,"loss":2.302610069821173,"_wandb":{"runtime":8},"val_loss":2.3026063790349776,"_runtime":8.1291489,"epoch":10,"accuracy":0.10016666666666667}