{"val_loss":0.3716054714650109,"_step":5,"cross_entropy_loss":0.3230136671644754,"loss":0.3230136671644754,"epoch":5,"_runtime":11.6164969,"val_cross_entropy_loss":0.3716054714650109,"confusion_matrix_table":{"nrows":100,"_type":"table-file","sha256":"bac6929969c3a0a8a7c9605ab5b56a0f4997b2d2ca6edac0600835d5a53d8a15","size":2932,"artifact_path":"wandb-client-artifact://asm10375vm1iaw7ik3i75l2hvijqi8ye38tcqhta2xh0fd3heo4p0xd0lrkmcsciwpg0dtyva6hzbq4qfizbg57ptadesek46118rwk66kt5ed7duwmqf7a4dl5eg203/confusion_matrix_table.table.json","_latest_artifact_path":"wandb-client-artifact://vh218wqw9yqe3n8fiz8683gw5vz93be622k7tcihqdrtwlcb42f7k64ooen3fk2k9f38v2nlqh6e6916jtgdqftoklvu61w3ux4v0xzej0movc7ylpn4bbztfw85fzkf:latest/confusion_matrix_table.table.json","path":"media/table/confusion_matrix_table_5_bac6929969c3a0a8a7c9.table.json","ncols":3},"_timestamp":1.7415902232571719e+09,"val_accuracy":0.8715,"accuracy":0.8830925925925925,"val_mse_loss":0.18770800537024993,"_wandb":{"runtime":11},"mse_loss":0.16764916713370456}