{"_timestamp":1.7421922757000175e+09,"confusion_matrix_table":{"sha256":"f65f060d92fe7cdaed9db268c9f53a61d4d96a1da1a169a85e44a20adcc47972","size":2933,"artifact_path":"wandb-client-artifact://2b51qsksasqptk08qtfux7jm7yfgxn5kfj19veutmv6xng81wvfk5chzwvvt61dvb9nwe2wxdnd9mylas3ulodfd12u0dwms8pzteovp9cixf5ympkucofx7d40xbqm0/confusion_matrix_table.table.json","_latest_artifact_path":"wandb-client-artifact://kksmo9gmmy4lb41k5hxcz5uqs2ehqurs1zo5bje6kwm48w2m2covdbykeul0trdu0sculvi8mfhys991r1ivmxnz2bc3kffdgscdh0vdw7h0j34t8mp8jdngr4fjxq0a:latest/confusion_matrix_table.table.json","path":"media/table/confusion_matrix_table_10_f65f060d92fe7cdaed9d.table.json","ncols":3,"nrows":100,"_type":"table-file"},"cross_entropy_loss":0.2521637878941584,"val_mse_loss":0.17755837495464336,"_wandb":{"runtime":45},"loss":0.2521637878941584,"mse_loss":0.13332371656514536,"val_accuracy":0.8752,"accuracy":0.9070185185185186,"epoch":10,"val_loss":0.3474766612811325,"_step":10,"_runtime":45.7316543,"val_cross_entropy_loss":0.3474766612811325}