{"val_cross_entropy_loss":0.41730124593073886,"confusion_matrix_table":{"artifact_path":"wandb-client-artifact://llczrj8h5czvwvisar9a2p5y2atogo4vxwcl3ztirdrak2508h3nzj5d960eh8lpqzij6w86jlwtxupk5j0ofmya33jw2orogvzq3owig5g21vrlt8ktkdl4sbhtzp3u/confusion_matrix_table.table.json","_latest_artifact_path":"wandb-client-artifact://l9awjf677razorvinhpkciz2qgl8iiv5267i3korlt7pc8pq3ulxsn0zxnfvsuvqvlwdhy75pus5nsvg9gv8opal8wmplipl80puxuukah7pikjgk1zuovgifu16ij1t:latest/confusion_matrix_table.table.json","path":"media/table/confusion_matrix_table_5_e0363d1b5f2330bf3fad.table.json","ncols":3,"nrows":100,"_type":"table-file","sha256":"e0363d1b5f2330bf3fad2d113104c8e64a3d17e8779d1ff294b21fea763b559a","size":2935},"_runtime":44.4590247,"loss":0.4878391047539089,"cross_entropy_loss":0.38933059680875537,"_wandb":{"runtime":44},"_step":5,"mse_loss":0.19876393567539746,"_timestamp":1.741590486978134e+09,"val_accuracy":0.8472,"val_loss":0.513119402956903,"epoch":5,"val_mse_loss":0.21487541176067193,"accuracy":0.8607222222222223}