{"_step":10,"val_loss":0.4192483893111121,"val_cross_entropy_loss":0.4192483893111121,"_runtime":21.8730643,"_wandb":{"runtime":21},"epoch":10,"mse_loss":0.18015658717106867,"accuracy":0.8772037037037037,"val_accuracy":0.8603,"cross_entropy_loss":0.3643137055191968,"loss":0.3643137055191968,"confusion_matrix_table":{"_type":"table-file","sha256":"cdb2fb7402321fadd587c93588b552309046070c74d45a9cf0e42c8e82944289","size":2933,"artifact_path":"wandb-client-artifact://mex2o03kzqhma87278b6tqaqkvx43ouwtelpmcmq1axxy8bpe1l235ckkkio7su62m5qfrzyrf4skv1ldfv1u5ems20mufuztxr1bkx5v2x2m4vft5gv93aozjmnbl2m/confusion_matrix_table.table.json","_latest_artifact_path":"wandb-client-artifact://a52s13ui293wcbzbyrrvvif7p8xdrjk3ynzydmefx48iihkhb6iwlleha2z9ttflaru16nqoenxv2f2m4ln0jli6rg27i6xb7drlq5171w3dsnruan1w5qz80miglbl4:latest/confusion_matrix_table.table.json","path":"media/table/confusion_matrix_table_10_cdb2fb7402321fadd587.table.json","ncols":3,"nrows":100},"_timestamp":1.7415916755004811e+09,"val_mse_loss":0.20380148514200958}