{"epoch":10,"_timestamp":1.7421906422899976e+09,"mse_loss":0.19929013226134687,"cross_entropy_loss":0.4497425576776683,"val_mse_loss":0.22803750497930406,"loss":0.4497425576776683,"val_cross_entropy_loss":0.6194270324976728,"confusion_matrix_table":{"artifact_path":"wandb-client-artifact://o2d8epwcthkv3xlwqlwl2o9nxp4ae38i47zjd6aohf27mg6e9aq9qplobiet2a16wvegmr9ngd1ujjr4cqvfxoa91xol164i258mrqlj0bfi4f8e1zb3u34p718vx3nx/confusion_matrix_table.table.json","_latest_artifact_path":"wandb-client-artifact://ud8xwqjp2ij6y1ndflhwwbkgr552osabmj0ilh1b1tf4dcmweunvwbpnurjb485xlj2fo1xa2nv9vvtalcm7jd6ka1uajuju25glp55eiifybrmj37cxs3ekvhwaumj9:latest/confusion_matrix_table.table.json","path":"media/table/confusion_matrix_table_10_a8dd24525046492dbe2a.table.json","ncols":3,"nrows":100,"_type":"table-file","sha256":"a8dd24525046492dbe2af8676cf02dd058867ef57e7e518318a1753dcf458abe","size":2930},"val_accuracy":0.8478,"val_loss":0.6194270324976728,"_wandb":{"runtime":63},"_step":10,"_runtime":63.8494225,"accuracy":0.8627037037037038}