{"val_accuracy":0.1,"loss":8.650385225189819,"_wandb":{"runtime":53},"_runtime":53.2293186,"_step":9,"accuracy":0.09938888888888889,"val_loss":7.63917619158163,"_timestamp":1.7412513374292114e+09,"epoch":10}