{"_timestamp":1.7411565049759543e+09,"val_loss":2.460907075588841,"_wandb":{"runtime":6},"loss":2.4717428570212343,"_step":9,"_runtime":6.5180556,"epoch":10,"accuracy":0.12081481481481482,"val_accuracy":0.13183333333333333}