{"_timestamp":1.74115431312685e+09,"val_loss":2.0962118941334813,"val_accuracy":0.3516666666666667,"_wandb":{"runtime":4},"accuracy":0.3155,"epoch":10,"loss":2.1300283871262105,"_runtime":4.647827,"_step":9}