{"loss":1.9390411167835773,"_step":4,"accuracy":0.21296296296296297,"_runtime":5.9812533,"_timestamp":1.7412517466812644e+09,"val_accuracy":0.2121,"val_loss":1.9061784531368402,"_wandb":{"runtime":5},"epoch":5}