{"val_loss":0.6972514033443774,"accuracy":0.8215,"val_accuracy":0.8127,"loss":0.6783082055291255,"_step":4,"_wandb":{"runtime":37},"epoch":5,"_timestamp":1.7412381025301635e+09,"_runtime":37.1397958}