{"val_loss":1.9298025693113143,"_wandb":{"runtime":19},"epoch":5,"loss":1.9940027642979707,"accuracy":0.4713881474891261,"_timestamp":1.741242083953725e+09,"val_accuracy":0.4784,"_runtime":19.5004942,"_step":4}