{"_runtime":59.3695937,"accuracy":0.10257407407407407,"_timestamp":1.7415329165100129e+09,"epoch":10,"_wandb":{"runtime":59},"val_loss":6.122917658579982,"loss":6.846729762598085,"val_accuracy":0.1,"_step":9}