{"_step":9,"epoch":10,"_runtime":5.4368386,"_wandb":{"runtime":5},"val_loss":2.299560948128949,"loss":2.300153630242148,"accuracy":0.19114814814814815,"val_accuracy":0.22216666666666668,"_timestamp":1.7411567192145362e+09}