{"loss":2.317370496178879,"accuracy":0.22105555555555556,"val_loss":2.3138122352828683,"val_accuracy":0.1967,"_step":9,"epoch":10,"_runtime":8.9536418,"_wandb":{"runtime":8},"_timestamp":1.7412508846100068e+09}