{"val_accuracy":0.4115,"loss":2.264019242568325,"accuracy":0.3932777777777778,"_step":9,"epoch":10,"_timestamp":1.7411565144080892e+09,"val_loss":2.2497495922238606,"_runtime":5.3199462,"_wandb":{"runtime":5}}