{"_timestamp":1.741242314377654e+09,"_wandb":{"runtime":10},"loss":2.2905246655987823,"val_accuracy":0.2636,"accuracy":0.25756845591142746,"val_loss":2.285634468011536,"epoch":5,"_runtime":10.4236961,"_step":4}