{"val_cross_entropy_loss":0.500811348652737,"epoch":5,"mse_loss":0.21683001231946086,"accuracy":0.8504259259259259,"val_accuracy":0.8191,"_timestamp":1.7421914327046993e+09,"val_mse_loss":0.24759969396522655,"loss":0.449766110862058,"_wandb":{"runtime":42},"confusion_matrix_table":{"nrows":100,"_type":"table-file","sha256":"98e6106c7201020de2b3024717fabfff584508cae849889cebdc3aa97430695d","size":2932,"artifact_path":"wandb-client-artifact://48j3xj3scuhjgk7ka3fwq1jb5j3llzmmky4rocpptunqljmha0hs0tv3d17n4cd5d6fph5eu3yy40wzyyoacf3e5pk882m7ipn9yjkxmtmnq8wrakdzm9d17m5xw5fmr/confusion_matrix_table.table.json","_latest_artifact_path":"wandb-client-artifact://wrybhry37rrqi5oypjldzlrpmo7kgg9p9fu5wzmfzxz399sfs267qtusj0anxrzp1sg1sa9jl84c8jb5lsr3sp8xlghj3bz7zkkjqskd8e1dbwagfgy33yms6j9yhg6i:latest/confusion_matrix_table.table.json","path":"media/table/confusion_matrix_table_5_98e6106c7201020de2b3.table.json","ncols":3},"val_loss":0.500811348652737,"cross_entropy_loss":0.449766110862058,"_step":5,"_runtime":42.1944347}