{"accuracy":0.14964814814814814,"val_accuracy":0.16066666666666668,"_wandb":{"runtime":9},"_step":9,"loss":2.2950450809364416,"epoch":10,"val_loss":2.2936233428590915,"_runtime":9.7084598,"_timestamp":1.741156406317453e+09}