{"_timestamp":1.741154595275761e+09,"val_accuracy":0.10266666666666667,"epoch":5,"_wandb":{"runtime":3},"val_loss":2.3023573759579037,"accuracy":0.17972222222222223,"_step":4,"loss":2.2967150880476512,"_runtime":3.462071}