{"_wandb":{"runtime":24},"val_accuracy":0.4149,"_step":9,"loss":1.8085367476210166,"epoch":10,"_timestamp":1.7411910990864494e+09,"val_loss":1.5891722528123013,"accuracy":0.29147525192649676,"_runtime":24.6915067}