{"val_cross_entropy_loss":0.4400864826008915,"_timestamp":1.7421077838359518e+09,"epoch":10,"val_accuracy":0.8482,"loss":0.3780792164651925,"val_loss":0.4400864826008915,"accuracy":0.8680185185185185,"cross_entropy_loss":0.3780792164651925,"val_mse_loss":0.21854551762545657,"mse_loss":0.18872459994694385,"confusion_matrix_table":{"artifact_path":"wandb-client-artifact://4fcu7xudme92rrfit80fbg7lg27610r8u0rb2wvtij6v3anxfzaozvnbddwa90ldhr5x0vms1fkjqcl527ew3n472pja243xcxrur3lu2m0yeri8dtp1kcf4lvq9ox98/confusion_matrix_table.table.json","_latest_artifact_path":"wandb-client-artifact://9ieyj0epmj7owp1yvls1y62rpwf27qhfaxehmcjz3g8elh53akabpxm256buceywfitaev6r3ncgqwfwkvtedbg7x188myk0s9kzys3nc7ih5qmetwm4d0er01tzazb0:latest/confusion_matrix_table.table.json","path":"media/table/confusion_matrix_table_10_756fec3ac1735f020a38.table.json","ncols":3,"nrows":100,"_type":"table-file","sha256":"756fec3ac1735f020a38fe6230025ee8164d5fc5e6f9ae47ab4363d9f320bf7f","size":2936},"_wandb":{"runtime":19},"_step":10,"_runtime":19.3463327}