{"_step":9,"epoch":10,"val_accuracy":0.1,"loss":2.3053333338464115,"_runtime":11.7986175,"_wandb":{"runtime":11},"val_loss":2.302602863923811,"accuracy":0.1000395413206801,"_timestamp":1.7412409878155024e+09}