{"val_loss":3.0214286277266487,"val_accuracy":0.2656,"_timestamp":1.7412512271222804e+09,"_step":4,"epoch":5,"accuracy":0.260537037037037,"_wandb":{"runtime":22},"_runtime":22.4997304,"loss":2.848055521094046}