{"accuracy":0.10083333333333333,"_runtime":3.7455803,"_timestamp":1.741156824217687e+09,"val_accuracy":0.0925,"loss":2.3294403105224974,"_wandb":{"runtime":3},"epoch":5,"_step":4,"val_loss":2.326997442049778}