{"_runtime":36.009324,"loss":0.33193835367091457,"accuracy":0.8822222222222222,"epoch":5,"val_accuracy":0.8685,"val_loss":0.386972222528143,"val_cross_entropy_loss":0.386972222528143,"confusion_matrix_table":{"path":"media/table/confusion_matrix_table_5_8e82b41876ae72a1d4b1.table.json","ncols":3,"nrows":100,"_type":"table-file","sha256":"8e82b41876ae72a1d4b1b09493d3cb00ca3c7b0307a70e303f58b7b96583368a","size":2932,"artifact_path":"wandb-client-artifact://1l3ov3qihdxj82rkrufoqvvepxuj4cs5uz1e9zi1k5qzifhow5s6cun6t7xmth46kq5xh4a2utjuwxnbrv2opqo7nh66oyriqfg3fl4y2grxma6xawtamsf43c6ohec7/confusion_matrix_table.table.json","_latest_artifact_path":"wandb-client-artifact://sxw9fax02map7aatubbumucttz4fagcicbmoazgdpnbdo9pus0po5spqkzzg6vzy4y3f2wagoqc417o4v8411z5ehkdy6yilmlsj1su786ok6sp8pc1mqw2yo2cerzju:latest/confusion_matrix_table.table.json"},"val_mse_loss":0.19362976461970058,"_wandb":{"runtime":36},"_timestamp":1.7421956226528752e+09,"cross_entropy_loss":0.33193835367091457,"_step":5,"mse_loss":0.17130884853875286}