{"val_cross_entropy_loss":0.4071761334313297,"_step":5,"cross_entropy_loss":0.3648473633046695,"_runtime":8.1919717,"mse_loss":0.1870004320801689,"_wandb":{"runtime":8},"loss":0.424846711431641,"val_accuracy":0.8545,"accuracy":0.8692222222222222,"confusion_matrix_table":{"nrows":100,"_type":"table-file","sha256":"33564f52844303d35b68b2a695a56505eb1019e36c226e48872c8e60946d2151","size":2933,"artifact_path":"wandb-client-artifact://ampl0tdjji0vmmbfs6gx6rxe9lgwmsawedfiu73002tje9m14xk9i5mhsiphvngc7sdrw0lzl142q9veiypjald192baejgofsrumlu7u2l45kru65hq7l0scaa83fwh/confusion_matrix_table.table.json","_latest_artifact_path":"wandb-client-artifact://a799fmkzuikib1d0meb96srfccnefxln1b1tyy3sw42m2iv12xpfu7lm6v23a7j79dcxtjkzsjec70ynfihfmpa7dmfjkp3o055q2f6sh6bngxx5mx8ppf0pkh1tzzzi:latest/confusion_matrix_table.table.json","path":"media/table/confusion_matrix_table_5_33564f52844303d35b68.table.json","ncols":3},"val_loss":0.4673694138166656,"val_mse_loss":0.20693884837853693,"epoch":5,"_timestamp":1.7415888091567652e+09}