{"_step":9,"val_accuracy":0.0925,"loss":2.3049274771685835,"epoch":10,"_timestamp":1.7411553205264988e+09,"_wandb":{"runtime":6},"val_loss":2.3039945589033013,"_runtime":6.0783583,"accuracy":0.10083333333333333}