{"_timestamp":1.741192173129826e+09,"_runtime":16.238786,"val_accuracy":0.1,"val_loss":2.3054185144461266,"_wandb":{"runtime":16},"_step":9,"loss":2.307522734924154,"accuracy":0.09987037037037037,"epoch":10}