{"_step":4,"accuracy":0.27266666666666667,"val_accuracy":0.2945,"epoch":5,"_wandb":{"runtime":3},"val_loss":2.0898446261618777,"_timestamp":1.7411528051854348e+09,"loss":2.1364609862530677,"_runtime":3.2987816}