{"loss":2.302692529033675,"accuracy":0.10083333333333333,"_timestamp":1.7413467747950835e+09,"epoch":5,"_step":4,"val_accuracy":0.1,"_wandb":{"runtime":22},"val_loss":2.302700898350839,"_runtime":22.40432}