{"cross_entropy_loss":0.5115219376114202,"accuracy":0.8243518518518519,"val_mse_loss":0.2589323293813827,"_runtime":6.1062612,"val_cross_entropy_loss":0.5241856358181969,"mse_loss":0.2512801647029311,"_timestamp":1.7415878250751197e+09,"val_loss":0.5241856358181969,"epoch":5,"loss":0.5115219376114202,"_wandb":{"runtime":6},"_step":5,"val_accuracy":0.8178,"confusion_matrix_table":{"nrows":100,"_type":"table-file","sha256":"d94fd0b1f54d4537e8cdae1e914242c6736756ca1d761c5ff1fcfe904cccbd6a","size":2938,"artifact_path":"wandb-client-artifact://t518pue1ghlnvfb9g1j3ih7umg5z2wxx6eqbwklbe5x9ij45r7jrkb80hd347x4ogn4wu8x1fy1gsfw2duxx5cnyowc1r6h2e58ho41ix1b8ie4wouk86ybl1608peod/confusion_matrix_table.table.json","_latest_artifact_path":"wandb-client-artifact://6cjf0ys7guuytkof9lwaw780yk1rm8yfxio7ixitnmx2xg9qj4z13fqnws9pshvwhuc570tb30botf5lucn27m1nlvcjsfcotfbr8z4w4198l97h78tc6g02bw77zzdw:latest/confusion_matrix_table.table.json","path":"media/table/confusion_matrix_table_5_d94fd0b1f54d4537e8cd.table.json","ncols":3}}