{"val_mse_loss":0.37318667500334557,"accuracy":0.7202962962962963,"mse_loss":0.3804749263815865,"loss":0.933986340869078,"_timestamp":1.7421922966961782e+09,"epoch":5,"_wandb":{"runtime":12},"_runtime":12.1222497,"confusion_matrix_table":{"nrows":100,"_type":"table-file","sha256":"d2936a8d015fd8eb8aecbbd55b5f98172ce24fdc3bccb62a54d9b3fc7527c010","size":2941,"artifact_path":"wandb-client-artifact://0fjchz1vz0f61a8bw69bk5qw5fo38n7eq12ynklv9un9tg1ldwrjjh2u1oz0i5cfr3wb7r4uinruhn4lygg3wja2f1svalo8pp7vvdtf4wjfx48a7ddrojq1cvjeb4ok/confusion_matrix_table.table.json","_latest_artifact_path":"wandb-client-artifact://0etsjcixe5bvq8s50v3xj113z9zwqv6030c40tosi1ozm8sg26doo4zyfabpzawghv0iltcxit3bpkd4oaw9gf98ao1onsz1717xm1uogwwi538grqjyf6e9zndprzsk:latest/confusion_matrix_table.table.json","path":"media/table/confusion_matrix_table_5_d2936a8d015fd8eb8aec.table.json","ncols":3},"_step":5,"val_accuracy":0.7158,"val_cross_entropy_loss":0.7614303501084083,"cross_entropy_loss":0.7608866595699361,"val_loss":0.9393412535039962}