{"_wandb":{"runtime":17},"val_accuracy":0.8515,"val_loss":0.4195219068358693,"accuracy":0.8648703703703704,"_step":4,"epoch":5,"loss":0.3836998880071531,"_runtime":17.5854146,"_timestamp":1.7413585860756314e+09}