{"val_loss":0.4589782349759193,"_step":5,"_wandb":{"runtime":11},"_timestamp":1.7415901313099601e+09,"val_mse_loss":0.19638995898766684,"val_accuracy":0.8614,"cross_entropy_loss":0.34434160247257073,"confusion_matrix_table":{"size":2930,"artifact_path":"wandb-client-artifact://blxe4a2o7fvvkr3nb0n9yyb2mdrrc35a37g7b99r1ie7lsu7k8maman1xtv30y2k5pxdut1htwn1c4aznvabq4314s1iujes1p8374tg4b0zyrdaa786wxdnv5g0b299/confusion_matrix_table.table.json","_latest_artifact_path":"wandb-client-artifact://rjfsl0xt6e3hw98ovx3nrf6xpsg9sbh8ys2w38y69frsdlvabsdyfzf03u5845nomf28cka528ss4y8aoowtclke93ikp77fd2mv4bts5wizku6jin30fmqnahe6r0pt:latest/confusion_matrix_table.table.json","path":"media/table/confusion_matrix_table_5_ea977551464d0d8469ff.table.json","ncols":3,"nrows":100,"_type":"table-file","sha256":"ea977551464d0d8469ffcf58831fceb7807fd029a62d218d4d01e84ffd64321b"},"loss":0.4262967552995028,"val_cross_entropy_loss":0.3771785671256282,"epoch":5,"_runtime":11.5508883,"accuracy":0.8738703703703704,"mse_loss":0.17894941887691496}