{"val_accuracy":0.8681,"_wandb":{"runtime":27},"val_loss":0.4076584905458229,"_runtime":27.9297968,"confusion_matrix_table":{"path":"media/table/confusion_matrix_table_10_240bc986278fbb74e35d.table.json","ncols":3,"nrows":100,"_type":"table-file","sha256":"240bc986278fbb74e35dcbfcecef5f0af7d2364ddb0f205b44881089f9d2e562","size":2933,"artifact_path":"wandb-client-artifact://8573rdh9j9psijtxewki6bovi29iv0vhcza5rslbggqff7d76fjhk2u68tku24xlsnt2eeibuzjxw266vmegz93rdcjdfuns8jpb864utbfmp6co4jrttitsm7bc62ps/confusion_matrix_table.table.json","_latest_artifact_path":"wandb-client-artifact://dwk6djfe8sxebrm2hgs0iajut981mvee5hx9ae99y1ismzviwc3qd1t0dngjsvf551noao0hmvcl5903azouusw73v9hzbs6klzip1uw618gjt819ejean1kx82q3t9z:latest/confusion_matrix_table.table.json"},"_timestamp":1.7415777011601756e+09,"epoch":10,"_step":10,"loss":0.30141224658347665,"accuracy":0.8932222222222223}