{"_timestamp":1.7421967227521017e+09,"mse_loss":0.17077897955494445,"val_mse_loss":0.19927956207608385,"loss":0.346877612892143,"accuracy":0.8829444444444444,"val_accuracy":0.8621,"val_loss":0.4161374493207199,"confusion_matrix_table":{"path":"media/table/confusion_matrix_table_10_b06ae53251dd5fc7a537.table.json","ncols":3,"nrows":100,"_type":"table-file","sha256":"b06ae53251dd5fc7a537a3df11497508075cc85a72a54b4199c2fb795c85f65c","size":2932,"artifact_path":"wandb-client-artifact://0pmgsjb6s1wddpkca9zrc50bpo5qrihgvolg5ptsywp3gsysqv46p5rqgsjpn0b6me87ztbwtossui0q6whtnj6axv8of7qzr1hrz1z5o8w2rtzd7o1uyyf5myo8ei6g/confusion_matrix_table.table.json","_latest_artifact_path":"wandb-client-artifact://xzlm0fvwfgs2emlmbv7412phvqnlawgyyh88fovnc98di3pqwkxfa53xdre0etwuvj5hvieq9dcfgdbkgkk2ooqrzn7xeacmbkf6yxun0o1fy43q6h634b0atzwmic5f:latest/confusion_matrix_table.table.json"},"_wandb":{"runtime":74},"cross_entropy_loss":0.346877612892143,"_step":10,"_runtime":74.7221737,"epoch":10,"val_cross_entropy_loss":0.4161374493207199}