{"cross_entropy_loss":0.2639228165135661,"loss":0.2639228165135661,"_step":10,"epoch":10,"_runtime":51.4130549,"val_loss":0.3794451319256759,"val_cross_entropy_loss":0.3794451319256759,"accuracy":0.9035,"confusion_matrix_table":{"nrows":100,"_type":"table-file","sha256":"74d73875361ca941e1694f8c2f8d8c01549d0f71bf9d177189bd5fc5dd8fa85a","size":2927,"artifact_path":"wandb-client-artifact://ynd9ygfgbns8akm5pvged8tvzv7soklh8nl3wyu1jlmuzuqiqs0g9w3d6z9j0epsflwroorvky506gvmx38jch4fbud8mm6xqt82e7p7pgfdsfefnul3j3a4m4397gt0/confusion_matrix_table.table.json","_latest_artifact_path":"wandb-client-artifact://4n85n5nb1xlldf4h55vcolbttgslo89y7pss185moqw3p7suwjkfa7d7unjcxe9obbylt565rwpjbfhf0xhr93z4iwpnc51rp9oqczdkzbosv7mltc7wnm55yxv78gpf:latest/confusion_matrix_table.table.json","path":"media/table/confusion_matrix_table_10_74d73875361ca941e169.table.json","ncols":3},"val_accuracy":0.8708,"mse_loss":0.13963508879195322,"val_mse_loss":0.1915322414810168,"_timestamp":1.742193151628827e+09,"_wandb":{"runtime":51}}