{"_timestamp":1.7413585969031882e+09,"accuracy":0.1402037037037037,"_step":4,"val_accuracy":0.1471,"val_loss":2.325228099441832,"_wandb":{"runtime":7},"_runtime":7.1999686,"loss":2.3255675479744,"epoch":5}