{"_runtime":17.6098417,"val_accuracy":0.8682,"_step":10,"val_mse_loss":0.1921001640398565,"val_cross_entropy_loss":0.37810837775394895,"epoch":10,"val_loss":0.37810837775394895,"mse_loss":0.14958957715273025,"loss":0.2856221444837005,"accuracy":0.8969259259259259,"_timestamp":1.742192953110957e+09,"_wandb":{"runtime":17},"confusion_matrix_table":{"artifact_path":"wandb-client-artifact://z93vc3b18vopapjn8xezefb14xzo4liix5j5ciluy9paom8rj949rftspxfd5asnmsny84a3bb5h1lmt40jrya7tfn806pihc6v2euk7ssg89x0til3eebktsvhvhvpv/confusion_matrix_table.table.json","_latest_artifact_path":"wandb-client-artifact://w32gomsbvet434ytweh6w0q4jk4l4pcok9jt0729agvd21s6fu8rb0te52tamvsd98hx4muvpkvhufe6oe8oif1d8s5n1k5t1p3a1t0lvwnvmu8eaet0naki3fvqp5rb:latest/confusion_matrix_table.table.json","path":"media/table/confusion_matrix_table_10_e7bb2d59a2bc6e06e79b.table.json","ncols":3,"nrows":100,"_type":"table-file","sha256":"e7bb2d59a2bc6e06e79bf0f31bf835e69ecd1d06288c3603c003a7a78dc2b866","size":2931},"cross_entropy_loss":0.2856221444837005}