{"_step":10,"mse_loss":0.17044159710100537,"val_mse_loss":0.18890783634026242,"epoch":10,"val_accuracy":0.8683,"loss":0.4152755562525203,"_runtime":17.4188694,"accuracy":0.8807592592592592,"_wandb":{"runtime":17},"confusion_matrix_table":{"sha256":"d7983eadb3d8cc114642d84ea1244492aae38a49a45f4f8d75943016095d04c5","size":2934,"artifact_path":"wandb-client-artifact://tpy6el76yim36pnxp5sxyp0hw96jgxjis25bf6ehfbe64pjlrgazrla2hjpsb7lw0xlk6wbj41vu8c9ms0wzsxsvskw1e9tiubmyp6teyu4arahgcllj3m2l8h2zug29/confusion_matrix_table.table.json","_latest_artifact_path":"wandb-client-artifact://5v0hfd29sdy72znwr7n6fkr7oc5cxgnhnmboqs9cmgy67j4xqqmnyf22dh1k3d9xstqpif7s7krhfkv5dgyxqgm58t9nx78oxbem5f1wmhze2siav1ubac2vrx8shuqr:latest/confusion_matrix_table.table.json","path":"media/table/confusion_matrix_table_10_d7983eadb3d8cc114642.table.json","ncols":3,"nrows":100,"_type":"table-file"},"val_loss":0.4564643488984176,"val_cross_entropy_loss":0.3693759572931288,"cross_entropy_loss":0.32794608122083857,"_timestamp":1.7421963292234974e+09}