{"val_mse_loss":0.18921301882507022,"val_cross_entropy_loss":0.3856758694053533,"mse_loss":0.1546299254263322,"epoch":10,"_timestamp":1.7421944502076213e+09,"cross_entropy_loss":0.30060184654487726,"val_loss":0.3856758694053533,"confusion_matrix_table":{"nrows":100,"_type":"table-file","sha256":"1510d1bc073db6508d1d8023fcc592cb8ea88ad98fbf84058a4c773d73d9f960","size":2932,"artifact_path":"wandb-client-artifact://42q3ovyach2qy5kyrao9lzrqaisloawx1b074s8tkxxj3ad2g15rzwn8l1i6k9k7ygn791fccvy99om9v4yesfa88bi3pdmep55naaurfmc4sefy7shi9193yu32ltpd/confusion_matrix_table.table.json","_latest_artifact_path":"wandb-client-artifact://uvx5b2l451j7xv8pca5hp7ctgg2armrqqxdvlqtnoby8511c3bp5owwr9ux5232kwud2m2fv45zi7lvd1tp0hdf0q6n9edaxh445gqlqujagavymnz3xic8lhzflj777:latest/confusion_matrix_table.table.json","path":"media/table/confusion_matrix_table_10_1510d1bc073db6508d1d.table.json","ncols":3},"accuracy":0.8939444444444444,"loss":0.30060184654487726,"_runtime":34.1694093,"val_accuracy":0.8728,"_step":10,"_wandb":{"runtime":34}}