{"loss":0.46260593689777946,"val_cross_entropy_loss":0.4470734658492861,"_wandb":{"runtime":10},"epoch":5,"mse_loss":0.20866468202337904,"val_loss":0.4953552802132163,"_runtime":10.687341,"confusion_matrix_table":{"artifact_path":"wandb-client-artifact://b2u6y7mp5o4oa96r70b65tjakvq0xacu97f5hzyqg6nbzd1rewqufsajm204p56k54hpwcf3x7ob8t11i44d0oz9se8kcxstd32qnd8ea6ffbu5r782psz9xy9pnk0jb/confusion_matrix_table.table.json","_latest_artifact_path":"wandb-client-artifact://dgs5cl8drm37tbsramb8eayue9mvdhxu4jxiq3ig9cd4hgkggyeebba4ysylyv6mbiirvg8d0n0xewt7696ev89fslbk7q9zy51y7rp4dlpe23jwxiohrhswhu5bkjxg:latest/confusion_matrix_table.table.json","path":"media/table/confusion_matrix_table_5_6bddde026f1e4ecc34b4.table.json","ncols":3,"nrows":100,"_type":"table-file","sha256":"6bddde026f1e4ecc34b4d439e11f069fed60c7ad06295dd4b4d9c7c83cce043c","size":2938},"val_accuracy":0.8424,"accuracy":0.8542222222222222,"_timestamp":1.7421075720992815e+09,"val_mse_loss":0.22422220096678347,"cross_entropy_loss":0.4147787622251462,"_step":5}