{"loss":2.4688529087275017,"val_loss":2.4261082157164275,"_timestamp":1.7411544097690465e+09,"epoch":5,"_runtime":5.2850506,"_step":4,"_wandb":{"runtime":5},"accuracy":0.10064814814814815,"val_accuracy":0.09416666666666666}