{"_wandb":{"runtime":65},"val_loss":2.3086220157523805,"_timestamp":1.7412577857464051e+09,"_runtime":65.6780921,"epoch":5,"val_accuracy":0.1,"_step":4,"accuracy":0.09961111111111111,"loss":2.3095006377406553}