{"epoch":10,"loss":2.284032705161258,"val_loss":2.2793733634192757,"accuracy":0.16261111111111112,"_step":9,"val_accuracy":0.17366666666666666,"_timestamp":1.7411558121324306e+09,"_wandb":{"runtime":5},"_runtime":5.671449}