{"val_loss":83.53920941938303,"val_accuracy":0.6745,"_wandb":{"runtime":71},"_step":9,"loss":80.0434298858465,"epoch":10,"_timestamp":1.7412309304036374e+09,"_runtime":71.3816396,"accuracy":0.6776452282157677}