{"_step":4,"val_accuracy":0.10066666666666667,"epoch":5,"val_loss":2.4738689573113977,"_runtime":3.8597861,"loss":2.47025324603228,"accuracy":0.11064814814814815,"_timestamp":1.7411577718739507e+09,"_wandb":{"runtime":3}}