{"val_accuracy":0.1,"_timestamp":1.7412499049351258e+09,"val_loss":2.302601467671153,"epoch":5,"_step":4,"_runtime":6.1902868,"loss":2.3026217495530066,"accuracy":0.1002962962962963,"_wandb":{"runtime":6}}