{"_timestamp":1.7415325047163546e+09,"epoch":10,"loss":2.3025940883029636,"val_loss":2.3025947064090033,"_wandb":{"runtime":13},"accuracy":0.0994074074074074,"_runtime":13.7194987,"val_accuracy":0.1,"_step":9}