{"val_loss":2.3375143533409255,"_runtime":18.9832805,"val_accuracy":0.1,"_timestamp":1.7412293327947707e+09,"accuracy":0.10006425464610519,"loss":2.3413176591768905,"_step":4,"epoch":5,"_wandb":{"runtime":19}}