{"_runtime":90.0898331,"val_mse_loss":0.21597544581423514,"cross_entropy_loss":0.4160375024245894,"val_accuracy":0.8512,"confusion_matrix_table":{"nrows":100,"_type":"table-file","sha256":"366fc6c38db0971d0a5ced1558fce8288414ecdae6f8101818093a6d3e637b1c","size":2930,"artifact_path":"wandb-client-artifact://aqqfsxjqcoaiac25iyzkzp89u67stt8jjza920kwslx2kgssly01o8mpz2zg0nw82qx4obl0cskb5rig8os987eui1k7sds4cvjilrvsh9vg1hfv2et6l2jvdaqp8j6n/confusion_matrix_table.table.json","_latest_artifact_path":"wandb-client-artifact://pcbcgrkai1lmci4pb8v6m0zq8o4atwg7pnt6fsx2litsz4vt9z23pai1uclanbfnyr4k9abjd9w80hzaaqjntbfm1jje9rpjhw8j04rk9wvzej69436dkqsegwy7ddrz:latest/confusion_matrix_table.table.json","path":"media/table/confusion_matrix_table_10_366fc6c38db0971d0a5c.table.json","ncols":3},"_timestamp":1.741585051930837e+09,"_step":10,"val_cross_entropy_loss":0.4728221574671368,"epoch":10,"accuracy":0.8669074074074075,"mse_loss":0.19675000955265992,"val_loss":0.4728221574671368,"_wandb":{"runtime":90},"loss":0.4160375024245894}