{"epoch":5,"val_loss":2.3019086173478422,"_timestamp":1.741156813246922e+09,"_wandb":{"runtime":3},"val_accuracy":0.168,"_runtime":3.4927254,"_step":4,"loss":2.3024649834484205,"accuracy":0.1522962962962963}