{"val_loss":2.3507427913572347,"epoch":5,"_timestamp":1.7415759493105345e+09,"val_accuracy":0.1,"_wandb":{"runtime":16},"_step":5,"_runtime":16.884402,"loss":2.351176742618548,"accuracy":0.09868518518518518,"confusion_matrix_table":{"artifact_path":"wandb-client-artifact://ycfwcdtyo2tp4j2p0682rhtfwyi6zzeqkt5zhwm1ghv9gphp0lkwv9cxm5n7g5h9bm3z5mzy4avk2c2de8d01n72cbw2idh5lwz2sightm3qp08ahrwj7hhsmhegpa9a/confusion_matrix_table.table.json","_latest_artifact_path":"wandb-client-artifact://e6avmw1wazzyqsuu96ci0398oyinz2w67oew1uiyr81k9uw3k4h2i2aak5q1m7pfshzv8ah34vdxup6qiuy4bixn04ne5ujifc7ml9kxvr4w772ojafruzs045gvf6cp:latest/confusion_matrix_table.table.json","path":"media/table/confusion_matrix_table_5_7ca0a220d1ef94de9a38.table.json","ncols":3,"nrows":100,"_type":"table-file","sha256":"7ca0a220d1ef94de9a38298ee0d5208b0e8b5f68373ff228441b990b59e6e170","size":2912}}