{"epoch":10,"_step":9,"loss":2.3022702636876136,"val_loss":2.3021560508173917,"val_accuracy":0.086,"_timestamp":1.741152841195998e+09,"_wandb":{"runtime":6},"accuracy":0.08748148148148148,"_runtime":6.9586512}