{"val_accuracy":0.20416666666666666,"_wandb":{"runtime":6},"loss":2.2907903121856026,"_timestamp":1.7411575442494802e+09,"_runtime":6.4446507,"val_loss":2.289805004337644,"_step":9,"accuracy":0.19403703703703704,"epoch":10}