{"val_loss":0.3782908679071847,"confusion_matrix_table":{"ncols":3,"nrows":100,"_type":"table-file","sha256":"01a1dc6c3a67370a4d93f791207ff8c7151da72c81b6f977e2e9b53a2d74abc6","size":2930,"artifact_path":"wandb-client-artifact://4zsf8tsxpp1lpkiznkrpg5e5oofj0gtpqh5w58cozrv3jccjmvhh6wx6uc8sj0kozydnwxxe592f4g8kudptmmqjxigzdo3lhga64xe96jejcnp2h68wfi3hp7tjrsfb/confusion_matrix_table.table.json","_latest_artifact_path":"wandb-client-artifact://khnb4wdb2f7qzeahvai5gfmgh4uh4rv39lfnryb4wivo7jz427cf0vq0yca9sa5ob4wkw1wh3gsle1caen8oa57wkiex8qn8dwqyzzemxxnm9j9t1br4us5tbyhftwqm:latest/confusion_matrix_table.table.json","path":"media/table/confusion_matrix_table_10_01a1dc6c3a67370a4d93.table.json"},"epoch":10,"accuracy":0.895425925925926,"_step":10,"_wandb":{"runtime":81},"val_accuracy":0.8758,"_runtime":81.1916998,"_timestamp":1.7421961905896027e+09,"cross_entropy_loss":0.294037998871124,"loss":0.294037998871124,"val_mse_loss":0.18379904487880344,"val_cross_entropy_loss":0.3782908679071847,"mse_loss":0.15160054876870477}