{"_timestamp":1.7413689128139e+09,"_runtime":21.0878061,"val_loss":2.3027858542856174,"val_accuracy":0.1,"accuracy":0.10083333333333333,"_wandb":{"runtime":21},"_step":4,"epoch":5,"loss":2.3029335061977725}