{"val_loss":2.317868297209948,"_wandb":{"runtime":9},"val_accuracy":0.13833333333333334,"epoch":10,"accuracy":0.1374074074074074,"_step":9,"_timestamp":1.7411579740321462e+09,"loss":2.316714178979245,"_runtime":9.1417348}