{"epoch":5,"accuracy":0.19512962962962963,"loss":2.284242971973633,"_runtime":3.5065794,"val_accuracy":0.22616666666666665,"_step":4,"val_loss":2.2773756625837613,"_timestamp":1.7411574557387612e+09,"_wandb":{"runtime":3}}