{"val_accuracy":0.3247,"_timestamp":1.741369485099776e+09,"_step":4,"accuracy":0.3057962962962963,"loss":2.251357237467786,"_runtime":17.5310834,"val_loss":2.2443029610389518,"_wandb":{"runtime":17},"epoch":5}