{"val_loss":1.8408351065651936,"_step":9,"loss":1.953722965781795,"val_accuracy":0.5023333333333333,"_wandb":{"runtime":7},"epoch":10,"_runtime":7.087175,"_timestamp":1.7411516546607666e+09,"accuracy":0.44412962962962965}