{"_wandb":{"runtime":11},"_runtime":11.4900783,"accuracy":0.19792592592592592,"val_accuracy":0.2237,"loss":2.3404437845021064,"val_loss":2.3387148970784106,"epoch":5,"_step":4,"_timestamp":1.741369398531773e+09}