{"val_loss":2.3025983864757413,"_timestamp":1.7413455948945315e+09,"val_accuracy":0.1,"_step":9,"loss":2.30262330725738,"epoch":10,"accuracy":0.0982962962962963,"_runtime":90.7048592,"_wandb":{"runtime":90}}