{"_wandb":{"runtime":6},"val_loss":0.7235772011208944,"cross_entropy_loss":0.7368965558366607,"_step":5,"val_accuracy":0.763,"val_mse_loss":0.3476010534013427,"epoch":5,"mse_loss":0.3526541668447991,"confusion_matrix_table":{"nrows":100,"_type":"table-file","sha256":"5943d94071ce0ea197106ce82d6686968bfb6ad4d12b9b3d7b0496b4f2bb0a26","size":2943,"artifact_path":"wandb-client-artifact://gh2h4yln6bdasoc1rxjtviu6z6z18f65whnzteb70vtkn1qqtv4vu4esewi5a6jkqm6e5x0tj5pqrdgja3ciewj6sl67eqfrkesalaov04vj7qz68ls6u961l644sike/confusion_matrix_table.table.json","_latest_artifact_path":"wandb-client-artifact://qra0f8kktd8jqqzmt8r9b36zfo91xta9y3fdsv0x5j9pnzgqze788559fwzd5h0wk4gb103abk858626430i3bfsak9m0tcys22u4d21g2nbakg06nxrn8dc32x592m5:latest/confusion_matrix_table.table.json","path":"media/table/confusion_matrix_table_5_5943d94071ce0ea19710.table.json","ncols":3},"_runtime":6.4227943,"accuracy":0.7650370370370371,"_timestamp":1.7421119993377292e+09,"val_cross_entropy_loss":0.7235772011208944,"loss":0.7368965558366607}