{"epoch":10,"accuracy":0.09975925925925926,"_runtime":16.4005918,"_step":9,"val_accuracy":0.1,"val_loss":2.3026125221501204,"_timestamp":1.741252626398072e+09,"loss":2.3026793376045487,"_wandb":{"runtime":16}}