{"_step":5,"_wandb":{"runtime":6},"cross_entropy_loss":0.37719287242762695,"val_loss":0.42011737375447683,"val_cross_entropy_loss":0.42011737375447683,"loss":0.37719287242762695,"_timestamp":1.7421065822440333e+09,"mse_loss":0.1877764869649693,"val_accuracy":0.8555,"confusion_matrix_table":{"size":2932,"artifact_path":"wandb-client-artifact://1tw48rll3vlleia7jy7msr6g3eu2xy2cy5ur2nzl9yngqss3820fkvkny3wibhl4jnso6i3hjnf62cuashl83kou12azyd4pl3cr3ntdq3vmrmiz0z6eqodd5c3sy5y1/confusion_matrix_table.table.json","_latest_artifact_path":"wandb-client-artifact://ztw1zvvoxnpbzoocg9wmga2qh9aanc30n5kk421cpym4pjuprg6u10rh1r0zzzdtc81qpfpmpxy64olbfo3mr4xkgecerwf7sijx3pt92knqlikm9evbusds6oetkiew:latest/confusion_matrix_table.table.json","path":"media/table/confusion_matrix_table_5_b950ef3ec194753205e8.table.json","ncols":3,"nrows":100,"_type":"table-file","sha256":"b950ef3ec194753205e89032105fd0ba61994854f4e0bc429fe1dc6fb73d2764"},"epoch":5,"accuracy":0.8708333333333333,"val_mse_loss":0.2075497836305773,"_runtime":6.9753824}