{"val_loss":2.3022793546860103,"_runtime":6.0346564,"accuracy":0.07751851851851851,"epoch":10,"loss":2.302277733596471,"_timestamp":1.7411579975582426e+09,"_wandb":{"runtime":6},"val_accuracy":0.07783333333333334,"_step":9}