{"loss":0.2826393039835251,"cross_entropy_loss":0.2826393039835251,"_wandb":{"runtime":70},"epoch":10,"_step":10,"val_accuracy":0.8654,"accuracy":0.8989814814814815,"mse_loss":0.1462123493465801,"confusion_matrix_table":{"_latest_artifact_path":"wandb-client-artifact://h8f95i3rlhmol0j92c6a6g8satxqimjiy5n1hpf0278hggqoaewn16fenxz7g3ipi85jih90r6ypgrrnx33by6k2amt1oo5lzurl0y1usq2elbljpkqlsih58qwx4tz5:latest/confusion_matrix_table.table.json","path":"media/table/confusion_matrix_table_10_51236827c647e2b08d5d.table.json","ncols":3,"nrows":100,"_type":"table-file","sha256":"51236827c647e2b08d5d55c9359fbedd0546e23981e4b5c46d447f35b085dbc3","size":2930,"artifact_path":"wandb-client-artifact://fokkr1d15yxx5358fvoxo6ckrd4e80eyqven3b1fjv6u6iy355mqzy82a9et0ruez9e3rfrxnsyfdy5iwv59qj7zcmxkcppu4l2inmafk2to2weq2ihps4yhn3dmb3ax/confusion_matrix_table.table.json"},"val_cross_entropy_loss":0.41054769219721693,"_timestamp":1.742194716206971e+09,"val_loss":0.41054769219721693,"_runtime":70.7516258,"val_mse_loss":0.20160471260392818}