{"loss":0.41349290879561706,"val_cross_entropy_loss":0.47554567148794874,"epoch":10,"cross_entropy_loss":0.41349290879561706,"val_accuracy":0.823,"accuracy":0.8548703703703704,"_timestamp":1.742134087683709e+09,"_runtime":27.2452713,"confusion_matrix_table":{"path":"media/table/confusion_matrix_table_10_65e5e19354fa727abafe.table.json","ncols":3,"nrows":100,"_type":"table-file","sha256":"65e5e19354fa727abafe87c027bf421051744a16cb0d89bba3c6ad9357ef703b","size":2936,"artifact_path":"wandb-client-artifact://9p4xbx0ucbrwjqb42gh98oa16sc73hgfqkhz3ryi3t1t0r2h7xkeq1or9twcua6ilykyax75jmaog8q1h1spvp9r4vy7u25l5kau54buo8r9ocwqg6h9lkel2cn0zigf/confusion_matrix_table.table.json","_latest_artifact_path":"wandb-client-artifact://snb69qh255z6stsvsl97mgfqai2k89ytt5pneqlzsvloqt0q94l0mufpa8soimoofj2r3g9y4fjxx6owbv91m8yf2ouhd5whrinu74ezdzk1gxcgdl4oawllffe4nav1:latest/confusion_matrix_table.table.json"},"_step":10,"val_loss":0.47554567148794874,"val_mse_loss":0.24520412182349582,"_wandb":{"runtime":27},"mse_loss":0.20947242020115675}