{"val_loss":0.41824590570846965,"_runtime":58.5572014,"confusion_matrix_table":{"path":"media/table/confusion_matrix_table_10_64e830ffbdb5d856e594.table.json","ncols":3,"nrows":100,"_type":"table-file","sha256":"64e830ffbdb5d856e594dfd013a8798bda1d76f94555355fbd999d5bdfaac4ff","size":2929,"artifact_path":"wandb-client-artifact://4dalbkoua2od4f1h9k1cdir9e2x9ecdjhn4qght08ohq1ue6zjy0idbr7sod558xv5kggueheqdj46sajt5sxkzxwkqa5b5ly6ehzbeip7x3uegldzgp3f6f658dibqw/confusion_matrix_table.table.json","_latest_artifact_path":"wandb-client-artifact://zmrr5cdvfk8103rgnckadc776k4dpreghae7f3pwtdzgig7z3f463o4zfnnrcoumik98mnxjlaotrvbjcavol6kb5u48jb5va731nogeysaax89z98oqvb40uy6yxrxu:latest/confusion_matrix_table.table.json"},"_wandb":{"runtime":58},"_step":10,"mse_loss":0.14675458020672286,"accuracy":0.8988518518518519,"epoch":10,"val_accuracy":0.8605,"val_mse_loss":0.20647034092001712,"cross_entropy_loss":0.28412809982425924,"loss":0.28412809982425924,"val_cross_entropy_loss":0.41824590570846965,"_timestamp":1.7415912378807323e+09}