{"epoch":5,"_timestamp":1.7413445506113586e+09,"loss":2.3083222594897452,"accuracy":0.10112962962962962,"val_accuracy":0.1017,"val_loss":2.3075624200240332,"_wandb":{"runtime":28},"_runtime":28.2114617,"_step":4}