{"_step":9,"epoch":10,"_wandb":{"runtime":15},"val_accuracy":0.3386,"loss":2.2922212651925373,"val_loss":2.286813747690385,"_runtime":15.7520638,"accuracy":0.31046296296296294,"_timestamp":1.7413451991531103e+09}