{"_wandb":{"runtime":17},"val_loss":0.5134214615557956,"accuracy":0.8637037037037038,"_timestamp":1.7415334340799854e+09,"_step":9,"_runtime":17.7145465,"val_accuracy":0.8428,"loss":0.4489008283992213,"epoch":10}