{"_runtime":12.705424,"accuracy":0.16671606401896857,"_wandb":{"runtime":12},"val_accuracy":0.1692,"_step":4,"val_loss":2.3559536941585546,"epoch":5,"loss":2.3576168230964947,"_timestamp":1.7412376153390584e+09}