{"_runtime":15.4691209,"_wandb":{"runtime":15},"val_accuracy":0.1,"val_loss":2.3025951449083255,"_timestamp":1.74124142148828e+09,"epoch":10,"loss":2.302599684085509,"_step":9,"accuracy":0.10025925925925926}