{"loss":2.3025984521182195,"_runtime":27.250733,"epoch":10,"val_loss":2.3025941771326743,"val_accuracy":0.1,"_wandb":{"runtime":27},"_step":9,"accuracy":0.10083333333333333,"_timestamp":1.7413445019377048e+09}