{"val_loss":2.301753075507663,"loss":2.301573659969203,"_timestamp":1.7411540985947783e+09,"_wandb":{"runtime":4},"_runtime":4.6274396,"epoch":5,"val_accuracy":0.14216666666666666,"_step":4,"accuracy":0.1405925925925926}