{"val_accuracy":0.8587,"_timestamp":1.7415753316689732e+09,"confusion_matrix_table":{"nrows":100,"_type":"table-file","sha256":"c146a4c5e218a72e88101a210cbe1823556681fdc282e054aafe0294f8f5b9f1","size":2932,"artifact_path":"wandb-client-artifact://68jxs6d1p1oh58j3xw5b4jms8i8ag1h59msssrdl21l8a2qlexo4hfh09pul3ki5whbmocmitszi7a47yop2xb310nswz3yszrk41yuaaomdi1m67x8k2kt81gq1ifco/confusion_matrix_table.table.json","_latest_artifact_path":"wandb-client-artifact://tbidja0rzecjigoerf5gie18u0r344kfasyzybue1o2akpoic31cvlwkex5ghjcvhj7ht9ajehri07xbtvvezn9zb28qvmxuc4ri8j4it75mol946tnjnkr8pyqcmtwe:latest/confusion_matrix_table.table.json","path":"media/table/confusion_matrix_table_10_c146a4c5e218a72e8810.table.json","ncols":3},"_runtime":38.8618653,"loss":0.3933897688124179,"accuracy":0.8743333333333333,"_step":10,"epoch":10,"val_loss":0.474117809874194,"_wandb":{"runtime":38}}