{"_timestamp":1.7412433788848872e+09,"val_accuracy":0.1,"_step":9,"_runtime":23.2553632,"epoch":10,"val_loss":2.302674648634175,"loss":2.3028608498606444,"accuracy":0.09905555555555555,"_wandb":{"runtime":23}}