{"_wandb":{"runtime":88},"cross_entropy_loss":2.303820503557771,"_timestamp":1.742104420813696e+09,"_step":10,"confusion_matrix_table":{"size":2912,"artifact_path":"wandb-client-artifact://px48z1ww6r1dec8fkb751werywmu5jftt3sfeitujw27fyrm3bybtt8p3ucaxvg03baowmmrhalrgvyjoycci84ihahaiuj53efrbg2udy22uu4nsfa2arz6ddcddt1k/confusion_matrix_table.table.json","_latest_artifact_path":"wandb-client-artifact://q58d4tvootfk6s4jtnvm180xz0ewtcs5qte6gnjoews9ts1q412elfaysqyro168v0pojyi721blbi8de7gnrnjfhdake954010a4440vr80jqufqmhvzhpcu80axteg:latest/confusion_matrix_table.table.json","path":"media/table/confusion_matrix_table_10_e057170823602e16cc6d.table.json","ncols":3,"nrows":100,"_type":"table-file","sha256":"e057170823602e16cc6d65e01f04cd68537bdc19067d65140986d32eda76ff73"},"loss":2.3040000761093182,"_runtime":88.903269,"val_loss":2.303681985199031,"accuracy":0.10025925925925926,"epoch":10,"mse_loss":0.9002469798762288,"val_cross_entropy_loss":2.3035402946235974,"val_mse_loss":0.9001906535284705,"val_accuracy":0.1}