{"accuracy":0.8633148148148149,"_runtime":12.3159099,"_step":4,"epoch":5,"val_loss":0.4870559986582744,"val_accuracy":0.849,"_wandb":{"runtime":12},"loss":0.4455326901795471,"_timestamp":1.7412435324430256e+09}