{"_runtime":33.0842664,"_wandb":{"runtime":33},"confusion_matrix_table":{"path":"media/table/confusion_matrix_table_5_9b3969f88adfb0058642.table.json","ncols":3,"nrows":100,"_type":"table-file","sha256":"9b3969f88adfb0058642f08bb003e5c6ebba91d507912f624980c7c76238bfe0","size":2912,"artifact_path":"wandb-client-artifact://ms2jzduetxnnr5f8056npcd41uu0qef5r1nkld5too4ng4ai5d35takeh9u8bv1e8xfdmjkgukq7at9oie6g3wlcco0d063ychp9wm1keqfp1f0ju43i3dns418i1vfb/confusion_matrix_table.table.json","_latest_artifact_path":"wandb-client-artifact://plvgcxp5l9vpekmk66t4v3k9hyrw99c74ennxi0wasn8e965u5xlou1slcmhi92y74jgr04jn5hib3bmhkib2majtq4xg7lyb0bs9cxzmpovbg4i82gymhkfoyat0im0:latest/confusion_matrix_table.table.json"},"mse_loss":0.9002043598473127,"epoch":5,"loss":2.3142303977595517,"val_accuracy":0.1,"accuracy":0.10107407407407408,"cross_entropy_loss":2.303608915491532,"val_cross_entropy_loss":2.3029410036479505,"_timestamp":1.7421347911095293e+09,"val_loss":2.312894472440388,"val_mse_loss":0.9000708540382437,"_step":5}