{"accuracy":0.10094444444444445,"_wandb":{"runtime":37},"val_accuracy":0.1,"loss":2.324336683148172,"_runtime":37.144792,"val_loss":2.3181592555035975,"_timestamp":1.7412356652163851e+09,"epoch":5,"_step":4}