{"confusion_matrix_table":{"sha256":"74e43e872e4e5e057155c4eb488509a01aef1f8096f33efa089ff75ec1d316a0","size":2936,"artifact_path":"wandb-client-artifact://v20p4fog8o476olm1iyjm277gka4fkdgck2qxu7m6c67lctm1i5qcmxhg2z0b40fmjwzoy1girhnt4c7pt7i8b7wbhft19c3e3w1sr2bi2umtlollurc7dqpbn9qx7mq/confusion_matrix_table.table.json","_latest_artifact_path":"wandb-client-artifact://ugpq5qp2ue3uojhvbtw5kvf87nn7yfrhxf99hgk3itvjq3om9jvumamui1w7rcyv3aqw0qhic7i9mca7nja7a1730hex3k30rwe293lxe1tu2achnz6wyl4b2h7j3p8x:latest/confusion_matrix_table.table.json","path":"media/table/confusion_matrix_table_5_74e43e872e4e5e057155.table.json","ncols":3,"nrows":100,"_type":"table-file"},"_step":5,"_runtime":9.8559531,"loss":0.7247346539180561,"epoch":5,"val_accuracy":0.7922,"accuracy":0.7946111111111112,"_timestamp":1.7415769047628503e+09,"val_loss":0.7710814285698055,"_wandb":{"runtime":9}}