{"mse_loss":0.20394229850904055,"_wandb":{"runtime":19},"loss":0.4152054155399021,"accuracy":0.8606851851851852,"confusion_matrix_table":{"path":"media/table/confusion_matrix_table_10_fa86961125daac09bb78.table.json","ncols":3,"nrows":100,"_type":"table-file","sha256":"fa86961125daac09bb789c53ceca6595c468ae34fd1cf4297b0ce884b6ed84f4","size":2937,"artifact_path":"wandb-client-artifact://7uxj952i7x506lewh6qz73owptu6hyrg9ijwad9b0m1pbie7msnrph3cuaqz68xd1m1j7utsn85f03chfctovk6kriv0mt7wi6ewxzhnparwdbx9hvfz56v56be09e19/confusion_matrix_table.table.json","_latest_artifact_path":"wandb-client-artifact://61enhyni5vvjjkoyo0lexc60v5761314wt7vw00q12m7sjtbumxmlpug3lz48jglvt0pyfqmxsns5ogqr9bl8udnsck1b8r61umnx39h0u9dfe3xjj03m6xe6bt774gv:latest/confusion_matrix_table.table.json"},"epoch":10,"val_loss":0.46820191765858826,"_timestamp":1.742104541831648e+09,"_step":10,"val_cross_entropy_loss":0.46820191765858826,"val_accuracy":0.8418,"_runtime":19.3478679,"val_mse_loss":0.22834126918038997,"cross_entropy_loss":0.4152054155399021}