{"_wandb":{"runtime":4},"val_loss":2.298291871609067,"_timestamp":1.7411573072227192e+09,"_step":9,"epoch":10,"accuracy":0.11953703703703704,"val_accuracy":0.12866666666666668,"loss":2.2992780113613005,"_runtime":4.7854908}