{"val_accuracy":0.1,"val_loss":2.3026094265713675,"_wandb":{"runtime":14},"_step":4,"epoch":5,"_timestamp":1.7413457735209475e+09,"accuracy":0.10072222222222223,"_runtime":14.558155,"loss":2.302614141762988}