{"val_loss":2.3007546848569946,"_runtime":5.5384685000000005,"accuracy":0.16983333333333334,"val_accuracy":0.17333333333333334,"_timestamp":1.7411536442121565e+09,"epoch":10,"_wandb":{"runtime":5},"loss":2.3010054164405354,"_step":9}