{"_wandb":{"runtime":9},"_runtime":9.3590959,"loss":2.2583759197110984,"_step":9,"_timestamp":1.7411535144774177e+09,"val_accuracy":0.11733333333333333,"epoch":10,"val_loss":2.247523068470468,"accuracy":0.11253703703703703}