{"_step":9,"_wandb":{"runtime":31},"_runtime":31.55262,"val_accuracy":0.1,"_timestamp":1.741533937084217e+09,"loss":2.3026130872037607,"accuracy":0.10083333333333333,"val_loss":2.3026128611778027,"epoch":10}