{"_runtime":4.2490651,"accuracy":0.08422222222222223,"epoch":5,"val_loss":2.294265784564667,"_wandb":{"runtime":4},"_timestamp":1.7411522981039948e+09,"_step":4,"val_accuracy":0.08666666666666667,"loss":2.2956290983945133}