{"val_loss":1.808362497444779,"_wandb":{"runtime":15},"epoch":5,"_runtime":15.7914618,"_step":4,"accuracy":0.2001851851851852,"_timestamp":1.7412528871665046e+09,"loss":1.8099774181882375,"val_accuracy":0.2016}