{"val_accuracy":0.1974,"epoch":5,"loss":3.053035494076098,"_timestamp":1.7412497239332256e+09,"_runtime":22.8853188,"_step":4,"_wandb":{"runtime":22},"accuracy":0.2020925925925926,"val_loss":3.268845515363461}