{"val_accuracy":0.842,"accuracy":0.8581111111111112,"_wandb":{"runtime":16},"_timestamp":1.7413485782057605e+09,"loss":0.4329313529961178,"val_loss":0.4928992029116991,"_runtime":16.1390282,"epoch":10,"_step":9}