{"_timestamp":1.742189918570338e+09,"epoch":10,"loss":2.302094607721579,"mse_loss":0.899902110252314,"confusion_matrix_table":{"size":2917,"artifact_path":"wandb-client-artifact://kjfcf8495p7j0yp0ltz198pt82vf639vwqbtzf9zzwz1d0elzl4rv1lj3kmpdybc946hkrxh30czn1xqiqkiv2vt8dy8wm7k038pjahze2yti0hep6sza72l7o32q0se/confusion_matrix_table.table.json","_latest_artifact_path":"wandb-client-artifact://l98cfohto97txgk1th0dnrckf6gectm594619e7yck2yz3occhapo3n1de4mynk2m5aq617v4718erscpz3zkzvbcyo405ipe11kcbik4dse88b296ygnqemx9voku7f:latest/confusion_matrix_table.table.json","path":"media/table/confusion_matrix_table_10_8d35cdef6ccc47c1d236.table.json","ncols":3,"nrows":100,"_type":"table-file","sha256":"8d35cdef6ccc47c1d236582e374d741e6c394fcfca0008190e6213dc18b39f51"},"accuracy":0.10433333333333333,"val_accuracy":0.0995,"_wandb":{"runtime":57},"_runtime":57.0080077,"cross_entropy_loss":2.302094607721579,"val_loss":2.3019634063162315,"val_mse_loss":0.8998756961267652,"val_cross_entropy_loss":2.3019634063162315,"_step":10}