{"_wandb":{"runtime":7},"confusion_matrix_table":{"_latest_artifact_path":"wandb-client-artifact://s2ehq19k7dys69xab2yytkl9o5tiux4wic56i7b9dfhn6uli2gdcq7w2yrifa58tmevml5lfi18ygptunkxpwnnbtaodn0palgi2glbebai422x04oedqv8c42vugzft:latest/confusion_matrix_table.table.json","path":"media/table/confusion_matrix_table_5_425f9bbc77106a8c5d25.table.json","ncols":3,"nrows":100,"_type":"table-file","sha256":"425f9bbc77106a8c5d252bc3512a21391efe7bb85fa5382e31de324c7d32bd14","size":2919,"artifact_path":"wandb-client-artifact://qyys6ja3z28ikihqbqpb6bc9psmmcan1wrgycjidzmuudo2b55kfzi2mozwqzwya6fgo9ws8eke96itz37rved4ocsp79eqjdbyn4vuemepe1w1m3mvxzu0piabljzfa/confusion_matrix_table.table.json"},"_runtime":7.4774518,"val_mse_loss":0.9000799287757243,"mse_loss":0.9001009596274948,"_step":5,"cross_entropy_loss":2.303089711724664,"val_cross_entropy_loss":2.3029816195703727,"val_accuracy":0.0526,"_timestamp":1.7421349095218904e+09,"accuracy":0.09146296296296297,"loss":2.346690846441924,"val_loss":2.34654508173266,"epoch":5}