{"val_accuracy":0.1,"_wandb":{"runtime":87},"accuracy":0.09687037037037037,"_step":9,"epoch":10,"_timestamp":1.7412574776312733e+09,"loss":2.305311054243362,"_runtime":87.1884412,"val_loss":2.3043983529865284}