{"cross_entropy_loss":2.298835115171984,"loss":2.3215173804900644,"val_cross_entropy_loss":2.298631983508673,"epoch":10,"val_accuracy":0.227,"accuracy":0.22635185185185186,"_runtime":11.2632367,"_wandb":{"runtime":11},"val_mse_loss":0.8992076912052568,"confusion_matrix_table":{"size":2974,"artifact_path":"wandb-client-artifact://xonbk0clxj6esqrcz0j2b5i6pd6xefj2x5x3q6yxxq0qiv5yzf3yg5oz9gbe4kk62utwnjhjp4boiefynv5h4pil410e0piuhdq93nddkk4df3pwudup2i5k1k9d3kvi/confusion_matrix_table.table.json","_latest_artifact_path":"wandb-client-artifact://fmx6v4ejiph7efqdanctfgqlgz8bpp52waaofqtxgq7opq8m5hs1xbp0lwtqacctjhm64f9oj5rp06jpsdcq8sycxp2bwxv52c48uy69hqxetv5a76e6m3eorsi21rsj:latest/confusion_matrix_table.table.json","path":"media/table/confusion_matrix_table_10_eec856482b65fec7126f.table.json","ncols":3,"nrows":100,"_type":"table-file","sha256":"eec856482b65fec7126fee4cbc47db4c6bcaa871aa39620d372e2d1a5312e24a"},"_timestamp":1.7421346406039412e+09,"mse_loss":0.8992483965348507,"val_loss":2.321312268110249,"_step":10}