{"_timestamp":1.7411549862990239e+09,"accuracy":0.09938888888888889,"loss":2.386065470261126,"val_loss":2.3698165291893183,"epoch":10,"_step":9,"val_accuracy":0.1055,"_wandb":{"runtime":9},"_runtime":9.1887604}