{"val_mse_loss":0.2249850552487746,"_runtime":15.0687875,"loss":0.38666665207149165,"confusion_matrix_table":{"nrows":100,"_type":"table-file","sha256":"c940a30491ce0b305454fedd2882b4334fca70b2ffb329b9c76d6555ce06562e","size":2934,"artifact_path":"wandb-client-artifact://l7imnu8ugdcmcuhjc8xwa8x91owi2wim33uofw5tk2jpvti88581qa2af6q62qd1ajzhnlqnt28tu7b5ckkg3oxgvgoeg9q7hfxgeipc6a2o0770ke8zbzyqx02191bi/confusion_matrix_table.table.json","_latest_artifact_path":"wandb-client-artifact://q7l3hrdrc1uv0xu5jldoqcywqynsm9rgr41k4rx3eacvcp4zjp5nh4fyo0u6z0kketehkjd847yq3brznaxnq91lumf215yqbby40ua5y14bnnowwovnlkjggks847ll:latest/confusion_matrix_table.table.json","path":"media/table/confusion_matrix_table_10_c940a30491ce0b305454.table.json","ncols":3},"epoch":10,"_wandb":{"runtime":15},"_timestamp":1.7421106976729715e+09,"val_accuracy":0.8467,"accuracy":0.8714074074074074,"val_cross_entropy_loss":0.4674736883897508,"cross_entropy_loss":0.38666665207149165,"_step":10,"mse_loss":0.1879919601867635,"val_loss":0.4674736883897508}