{"loss":0.43473191579170767,"val_accuracy":0.8581,"accuracy":0.8763333333333333,"_timestamp":1.7413484849995494e+09,"epoch":10,"_wandb":{"runtime":34},"val_loss":0.5029681055725692,"_step":9,"_runtime":34.307433}