{"loss":0.33276491249517337,"accuracy":0.8794259259259259,"epoch":5,"_step":5,"val_mse_loss":0.2066059273374329,"cross_entropy_loss":0.33276491249517337,"val_loss":0.4047152615942302,"_runtime":9.7913762,"val_accuracy":0.8572,"val_cross_entropy_loss":0.4047152615942302,"_timestamp":1.742195192139175e+09,"_wandb":{"runtime":9},"confusion_matrix_table":{"ncols":3,"nrows":100,"_type":"table-file","sha256":"be2ed678a3cf496651996e8048fe6b856a729b45e4d8184b20d7e659bed95430","size":2931,"artifact_path":"wandb-client-artifact://67yraq9cpou1urapr0pu9jslfczi5c0lev3yagijc8tl7i491pnyillae364aeu05t3j2ictx5l35be54pqindhrnf1ukwfb7kpqrnxyyao64vgwlkk3ju59qewn805o/confusion_matrix_table.table.json","_latest_artifact_path":"wandb-client-artifact://nxcyw3wky81noccpyy7g5m2s7shoos038hi9l50v2ndjx5riku05spnk46wg1j5zknlcwhhs553xvczzr6cjvh6lfu0ff63r9ikwwk1p20swxkcefyp0u3o0mfn6xyx7:latest/confusion_matrix_table.table.json","path":"media/table/confusion_matrix_table_5_be2ed678a3cf49665199.table.json"},"mse_loss":0.17303274424920975}