{"val_accuracy":0.3263,"epoch":5,"_step":4,"_runtime":7.0059237,"_timestamp":1.741234485010703e+09,"_wandb":{"runtime":7},"accuracy":0.3453069395017794,"val_loss":2.158890586480065,"loss":2.196696864699516}