{"_wandb":{"runtime":16},"_step":4,"val_accuracy":0.1,"_timestamp":1.7412412579192085e+09,"epoch":5,"loss":5.199421293463738,"_runtime":16.4936874,"accuracy":0.09935374654013443,"val_loss":4.141780510200176}