{"epoch":5,"_runtime":27.5413241,"val_accuracy":0.4031,"_step":4,"_wandb":{"runtime":27},"loss":17.60346220510874,"accuracy":0.3822407407407407,"val_loss":20.986722885957537,"_timestamp":1.7412555843537204e+09}