{"_timestamp":1.7413580072335808e+09,"_runtime":9.3850799,"val_accuracy":0.1,"epoch":5,"val_loss":2.3026317478834755,"loss":2.3026313435800447,"accuracy":0.10083333333333333,"_step":4,"_wandb":{"runtime":9}}