{"val_mse_loss":0.2520591580107936,"_step":10,"val_accuracy":0.8342,"val_cross_entropy_loss":0.7366944897984722,"accuracy":0.841574074074074,"epoch":10,"_runtime":41.0924975,"_timestamp":1.7421916022815194e+09,"val_loss":0.7366944897984722,"loss":0.5639305006442459,"cross_entropy_loss":0.5639305006442459,"mse_loss":0.2305041807119082,"_wandb":{"runtime":41},"confusion_matrix_table":{"size":2930,"artifact_path":"wandb-client-artifact://k807f4g6j625o64p9oe6az8x7zscnxm6dmaog27l6uvabxtczxseivulv3bnebvy2zlvk98ldlkpqe0xim6tk7betf2m64wkuvvw5uy6fd40ivtuafoc4vwbwmmp87o9/confusion_matrix_table.table.json","_latest_artifact_path":"wandb-client-artifact://e9flw1n94y8hyuu6wt21rnc3kk6ic2clz140eum7al13kq9f3quipinas81qo5msfhd4xbh8snt69nffcmlggn1knzciudd2j2rddclxfdxyfws0ijlotpvw5yqr3q7q:latest/confusion_matrix_table.table.json","path":"media/table/confusion_matrix_table_10_86f2d239cbb65b114023.table.json","ncols":3,"nrows":100,"_type":"table-file","sha256":"86f2d239cbb65b114023178fdd783028d09241ef0d22410e1c3d6636f149f9f6"}}