{"_step":5,"val_cross_entropy_loss":2.3027554666829095,"confusion_matrix_table":{"path":"media/table/confusion_matrix_table_5_e057170823602e16cc6d.table.json","ncols":3,"nrows":100,"_type":"table-file","sha256":"e057170823602e16cc6d65e01f04cd68537bdc19067d65140986d32eda76ff73","size":2912,"artifact_path":"wandb-client-artifact://ak2pdezx42zhx837p73qhj1h5ed5bwduehnf7yn2pumipi5kourrnm6nsjus54b335oc3ly7os5s1erf4hr5cpklgo3ox5j0ruhf0rxwh7fqjzjbpdjaowg5md466kn7/confusion_matrix_table.table.json","_latest_artifact_path":"wandb-client-artifact://7mbl32psio1b3hxadvo9usqtosf49j134j4peyxhjh934cylqzeyoc48gy0ftu3f7h7bhdtmsmx2qtli7jofytplvso0q5b1gbwetu1uqkr6iteut919s05c5bmlcw39:latest/confusion_matrix_table.table.json"},"loss":2.3032818760638922,"accuracy":0.09957407407407408,"val_mse_loss":0.900034485494227,"mse_loss":0.9000636712114229,"_wandb":{"runtime":10},"val_accuracy":0.1,"epoch":5,"val_loss":2.303164131309401,"cross_entropy_loss":2.3029033131171346,"_timestamp":1.7421348111187363e+09,"_runtime":10.7285748}