{"_runtime":55.6713698,"loss":0.39082928962354974,"cross_entropy_loss":0.39082928962354974,"val_cross_entropy_loss":0.45961424282355573,"_timestamp":1.7421974869672523e+09,"val_loss":0.45961424282355573,"val_accuracy":0.8463,"val_mse_loss":0.2205749354915113,"confusion_matrix_table":{"_latest_artifact_path":"wandb-client-artifact://9ld3q3am8f66gcyzo2sm297ykn6sfj8hu59dkjzxqd9yx4gwqbctv2x3zk8e1vzdzk6nzafzxxit38eav78w63zlc4co6jbpxx4hoe9v2ulwkjcfubfdem16rdxy1of9:latest/confusion_matrix_table.table.json","path":"media/table/confusion_matrix_table_10_ee8a09d3fea98a828454.table.json","ncols":3,"nrows":100,"_type":"table-file","sha256":"ee8a09d3fea98a828454fcc6529e91f93f47d0fc8064cfa4fefc81a5786c0802","size":2930,"artifact_path":"wandb-client-artifact://drbrwzk4qqa8yegaqhq5f1by8alrrt00xjf7jvkmdkg69jqq0vkyvk108wai1n1e73vzw92lm0t23w8rrin9en6zr6ay0810l6jjqgi0ctjhdf6y7vc3m3sialoxs4f4/confusion_matrix_table.table.json"},"mse_loss":0.19212716923764345,"accuracy":0.8687777777777778,"_step":10,"epoch":10,"_wandb":{"runtime":55}}