{"val_mse_loss":0.3481831248082335,"_wandb":{"runtime":7},"epoch":5,"val_accuracy":0.7624,"_timestamp":1.742111914010964e+09,"_runtime":7.5189803,"mse_loss":0.35216136598748254,"cross_entropy_loss":0.7315416906370882,"confusion_matrix_table":{"artifact_path":"wandb-client-artifact://4oyw2l248cdwy8a6jyczw7t9gadneyznp2qej2ynrjv3q0oyshtlinvvt5pqjgsbpjr8zcnmenwg30s97d2kkxj763z2wd2bscgf989ai5x471c9q5jco2cxn0oz9irk/confusion_matrix_table.table.json","_latest_artifact_path":"wandb-client-artifact://fclivw70j1sbmc7hcpgooatdzg3v20x1jg7o7kkic8fn5l4q2u930brbyjzbgwn1ywso3lfv2jcau2fthrsx3zjkmnh098qh1neeo2i7yhhmwpsistcgz5k9xoawyuz0:latest/confusion_matrix_table.table.json","path":"media/table/confusion_matrix_table_5_8a1eafd3fa04a309e423.table.json","ncols":3,"nrows":100,"_type":"table-file","sha256":"8a1eafd3fa04a309e423bf4789e7d396dc6e2fc31a1d8bd39f8593cb276d9aa3","size":2944},"accuracy":0.7681111111111111,"loss":0.7315416906370882,"val_cross_entropy_loss":0.7227925903350101,"val_loss":0.7227925903350101,"_step":5}