{"loss":0.2924350651999578,"val_loss":0.39833146155590976,"epoch":10,"accuracy":0.8964444444444445,"_wandb":{"runtime":30},"_runtime":30.0231344,"confusion_matrix_table":{"artifact_path":"wandb-client-artifact://p4uaarf8i7xxjq8413ksbdxi5nb5m5s9820wvcffb2cf5maj3n56p3hkfde1v12xb9e8748zfdk4mlmt93e94irx83a4ym0oftkkqkonkcemydwg2sa5li7cmfseyt3d/confusion_matrix_table.table.json","_latest_artifact_path":"wandb-client-artifact://ftzqcbpu3owuivu0hpqjsar9f90652v2eohkm7r1xi54al5e64bnd33yaurr4ezr959tjuira6derbi3ehah24w0ad2mlj381ef8z5yykzq86b7vfiw3zl4pd4hbv332:latest/confusion_matrix_table.table.json","path":"media/table/confusion_matrix_table_10_bb163081b86d1963a85a.table.json","ncols":3,"nrows":100,"_type":"table-file","sha256":"bb163081b86d1963a85acdf15c1c923d81b6804efd5fa2089f719d8f64404ff2","size":2930},"_step":10,"val_cross_entropy_loss":0.39833146155590976,"val_mse_loss":0.19711486932450972,"cross_entropy_loss":0.2924350651999578,"mse_loss":0.1510564322943421,"val_accuracy":0.8654,"_timestamp":1.7421987679057145e+09}