{"_timestamp":1.742109228635863e+09,"cross_entropy_loss":0.31495824712024234,"val_mse_loss":0.20971912192193445,"accuracy":0.8880555555555556,"mse_loss":0.1611258994646885,"val_accuracy":0.853,"confusion_matrix_table":{"path":"media/table/confusion_matrix_table_10_72208ffd1eb57d73750d.table.json","ncols":3,"nrows":100,"_type":"table-file","sha256":"72208ffd1eb57d73750d2f793e5044e6b85d978aab7bb3187d9e82d88e4f31e0","size":2930,"artifact_path":"wandb-client-artifact://ijrrdk6626j680l1lkpet09xvlpadvqkemr8uj3mzoqy0evayro2e0n0szdo2q4d08bb95z4ygomqaxkfsc5yn5cze73uju5zmt7npexztiholev6s1ml3pltqpiviee/confusion_matrix_table.table.json","_latest_artifact_path":"wandb-client-artifact://t0ynyf337jghcfeevcue4y9wsdkamtibgfj431j4vysgynt4v09e3kci9ai0upu1c4kuj0d2gq6pfc5ise3k1akrnmf7ytfh0hf1obnocu9azjz2ydxlz1srdqft2t8n:latest/confusion_matrix_table.table.json"},"_wandb":{"runtime":12},"_step":10,"epoch":10,"loss":0.31495824712024234,"val_cross_entropy_loss":0.4124047758554529,"val_loss":0.4124047758554529,"_runtime":12.5875671}