{"val_accuracy":0.10033333333333333,"_runtime":5.8159884,"accuracy":0.09996296296296296,"_wandb":{"runtime":5},"_timestamp":1.741157426094312e+09,"val_loss":2.309743432674495,"_step":9,"epoch":10,"loss":2.309978580532814}