{"_runtime":12.3509172,"_step":9,"epoch":10,"val_loss":1.1738426773335053,"_wandb":{"runtime":12},"val_accuracy":0.509,"_timestamp":1.7412402721225548e+09,"accuracy":0.5146673586397785,"loss":1.1540553584463529}