{"val_accuracy":0.0555,"epoch":10,"_runtime":5.9875136,"accuracy":0.05472222222222222,"val_loss":2.302609074641536,"_timestamp":1.7411523439975107e+09,"_wandb":{"runtime":5},"loss":2.3025550654419495,"_step":9}