{"val_mse_loss":0.2557309292919345,"val_loss":0.7244598530825601,"accuracy":0.8192592592592592,"_step":10,"loss":0.7160112876068452,"val_accuracy":0.8207,"mse_loss":0.2576006877844402,"_runtime":58.0680936,"_wandb":{"runtime":58},"_timestamp":1.7421955332226732e+09,"val_cross_entropy_loss":0.530680317280008,"epoch":10,"cross_entropy_loss":0.5227094251692982,"confusion_matrix_table":{"artifact_path":"wandb-client-artifact://muupcakf2rmnyv729pqigofsxg99ak2hdi1yglqy2gsw0z2290x8m90ud2medyyxpsq5muq0rqs1txg6lendx3oxsj12g0ldj256p7o5g9j8xchpks5obh91n0rfnldu/confusion_matrix_table.table.json","_latest_artifact_path":"wandb-client-artifact://nvukw1g9y92n3uunickkjqw24hm4mo8al26nlhkh89npv5pzx46zdcpurqzcaz9toynr31hlsdgsj70i1ws61tddb7bp40hm0xwdgv6bebu5g5cq2k0lwaaxfgiliqed:latest/confusion_matrix_table.table.json","path":"media/table/confusion_matrix_table_10_ec5640749de986048270.table.json","ncols":3,"nrows":100,"_type":"table-file","sha256":"ec5640749de98604827046a3fea30cec8c6602189b5a3a8d91c21893f018cbe2","size":2937}}