{"loss":9.614833459958072,"accuracy":0.14474074074074075,"val_loss":8.726876408318846,"epoch":5,"val_accuracy":0.1522,"_timestamp":1.7413625492773864e+09,"_wandb":{"runtime":6},"_runtime":6.6909253,"_step":4}