{"_step":10,"_timestamp":1.742196490111375e+09,"mse_loss":0.16930055882632758,"val_mse_loss":0.2163640002647803,"_runtime":45.8316062,"val_accuracy":0.851,"confusion_matrix_table":{"artifact_path":"wandb-client-artifact://sr619mln598a05e3z3shk7a6xthggg3lsf8rk22vytj16ne1isl2o2z4j6qo10p6kr1ghudhozyzckq9qnx5gm6woawj8iyrsqezs493ousjjtoso00tvafbrdafhvcw/confusion_matrix_table.table.json","_latest_artifact_path":"wandb-client-artifact://62sanyqh5mretiy9c9hsrgl5q0tyiw2si73qkguo295vz6s3omwloqe5au1fbcw35cnqry8unpisg6rinhcylvmepqhxqcrtpw0jbakeqqkn2sv4smi757gchug1rsvc:latest/confusion_matrix_table.table.json","path":"media/table/confusion_matrix_table_10_2aa93c9e6d391796d486.table.json","ncols":3,"nrows":100,"_type":"table-file","sha256":"2aa93c9e6d391796d4869475045a57b6376d7eb86d168b65ca94134ba82f6e24","size":2931},"_wandb":{"runtime":45},"cross_entropy_loss":0.32312875988122863,"val_loss":0.5027849954567063,"accuracy":0.8815185185185185,"epoch":10,"loss":0.41000187097178714,"val_cross_entropy_loss":0.41655112941662953}