{"val_loss":0.3755876175698053,"loss":0.28212189489994655,"confusion_matrix_table":{"artifact_path":"wandb-client-artifact://omjh1c9rfdgzgumkxu3etssizn60quq0cfc7nxa65ubuvwt1sg5go8scya7k1germch8124ge6jharo8ohmoh7h5iaqqvwsncf770320s3umkzf9byj3dc9tupph6gev/confusion_matrix_table.table.json","_latest_artifact_path":"wandb-client-artifact://8qa7gu2wzd5v8s49nmey6kvl20gakr0yns2e2yeqw44gk6bt8yd3bh2jbviqqojkejmm9xzb1796py9v2n1lrgbtifoite4jowupm099nz53jqwmr0qepzb12ut0x3ax:latest/confusion_matrix_table.table.json","path":"media/table/confusion_matrix_table_10_c703de325f6660aad359.table.json","ncols":3,"nrows":100,"_type":"table-file","sha256":"c703de325f6660aad3597cb133f4adc785302ba574fd07f09d19626b4b7c4c67","size":2932},"val_accuracy":0.8722,"cross_entropy_loss":0.28212189489994655,"_timestamp":1.742192181792909e+09,"_step":10,"val_mse_loss":0.18590939126968878,"mse_loss":0.14664667437039197,"_wandb":{"runtime":51},"val_cross_entropy_loss":0.3755876175698053,"epoch":10,"_runtime":51.7930629,"accuracy":0.8983888888888889}