{"epoch":5,"_step":5,"confusion_matrix_table":{"ncols":3,"nrows":100,"_type":"table-file","sha256":"1a8fc0c0b5c9ffe05b1a216b9550009ee68f0b45e7050540c3f9c1f588d3cbd1","size":2930,"artifact_path":"wandb-client-artifact://ebl0mq8or6x5grd79f0sm5ecbnb0ren5a05q7oj6st5sd2mpzky0mij6bsryjjfyjkh8c1sve8t83evo70d5e2uvaue9o6pc00zss08k9a8ubugek9kjpbzdsrl77ehm/confusion_matrix_table.table.json","_latest_artifact_path":"wandb-client-artifact://j1mdlehara0nj2jemsf3d5rr8tkyilmcgdrcg5hup41h63eindlgtkocuosbtin1odyq5cvvnyke3li878234jdg86vay8z4dm1ay9hrkt7duml2tl23rcscvowtv4se:latest/confusion_matrix_table.table.json","path":"media/table/confusion_matrix_table_5_1a8fc0c0b5c9ffe05b1a.table.json"},"loss":0.4729117910302358,"_timestamp":1.7415911261412694e+09,"val_accuracy":0.8349,"val_mse_loss":0.2291799034745752,"accuracy":0.8674814814814815,"_runtime":32.0052754,"cross_entropy_loss":0.36100943089959686,"val_loss":0.5430955359386617,"mse_loss":0.18777576394194628,"val_cross_entropy_loss":0.4351300000754858,"_wandb":{"runtime":32}}