{"loss":0.26294764819669425,"val_mse_loss":0.17898968668091494,"mse_loss":0.13915310041322185,"accuracy":0.9036666666666666,"epoch":10,"val_accuracy":0.8772,"cross_entropy_loss":0.26294764819669425,"_timestamp":1.7421952603765764e+09,"val_cross_entropy_loss":0.3544775014679552,"val_loss":0.3544775014679552,"confusion_matrix_table":{"sha256":"091f254807728b6303704293dd150925587f66bd12aacefdce34fd0de3e0d82d","size":2927,"artifact_path":"wandb-client-artifact://wj0rd0kf79wamqjjn0qa9lhpxde9olx1dfji6tyg46dl8vu2b7pje1xx264htwajs0xoe9rx7rkvvtd27a0q7r0h7g6qju86ba7pegj3fo9nlg0xgkhfnzmm8o9gcgrm/confusion_matrix_table.table.json","_latest_artifact_path":"wandb-client-artifact://6jep9d921tnjz80gyvqozcp3jqkwjc2ymrnu0qq1npncvm71qh831eng5nco3s4fg0v32z3nuuvsp7ulelrnl7sc7cj1ny7hjgq1zd8ne0mphxfibgoswt7795pefhw7:latest/confusion_matrix_table.table.json","path":"media/table/confusion_matrix_table_10_091f254807728b630370.table.json","ncols":3,"nrows":100,"_type":"table-file"},"_runtime":35.0336815,"_wandb":{"runtime":35},"_step":10}