{"epoch":5,"val_accuracy":0.6001666666666666,"_runtime":4.00264,"_step":4,"_timestamp":1.7411544298199582e+09,"val_loss":1.467293808096148,"_wandb":{"runtime":4},"loss":1.6885690104235653,"accuracy":0.5458333333333333}