{"loss":1.982974573212549,"epoch":10,"_runtime":5.0492688,"accuracy":0.38666666666666666,"_wandb":{"runtime":5},"val_loss":1.9372897097495436,"val_accuracy":0.41533333333333333,"_step":9,"_timestamp":1.7411574359958928e+09}