{"loss":2.3025967288760656,"accuracy":0.10083333333333333,"val_loss":2.30259237686082,"_timestamp":1.741532987809203e+09,"_wandb":{"runtime":8},"_runtime":8.6955671,"epoch":5,"val_accuracy":0.1,"_step":4}