{"val_loss":2.291146399898036,"_runtime":5.8859001,"val_accuracy":0.16683333333333333,"accuracy":0.1217037037037037,"epoch":10,"_timestamp":1.7411562746496718e+09,"_wandb":{"runtime":5},"_step":9,"loss":2.2940944620095913}