{"val_loss":2.3237990858761446,"val_accuracy":0.15816666666666668,"_step":4,"loss":2.3235956797716484,"_runtime":4.7442021,"_timestamp":1.741152423627973e+09,"_wandb":{"runtime":4},"accuracy":0.16031481481481483,"epoch":5}