{"_wandb":{"runtime":38},"val_accuracy":0.1,"loss":2.3026793590653036,"_runtime":38.589232,"_timestamp":1.7412369068929243e+09,"epoch":5,"accuracy":0.10038888888888889,"val_loss":2.302679411182295,"_step":4}