{"_runtime":3.6780596,"_wandb":{"runtime":3},"_timestamp":1.741157477226836e+09,"epoch":5,"accuracy":0.09938888888888889,"val_loss":2.317884951022993,"val_accuracy":0.1055,"loss":2.3169319210707044,"_step":4}