{"loss":0.30166508759606986,"val_mse_loss":0.19308524734059618,"accuracy":0.8920185185185185,"epoch":10,"cross_entropy_loss":0.30166508759606986,"val_cross_entropy_loss":0.3804900928195884,"val_accuracy":0.8693,"_timestamp":1.7421959272616093e+09,"_runtime":14.362873,"_wandb":{"runtime":14},"confusion_matrix_table":{"size":2929,"artifact_path":"wandb-client-artifact://snc1lyhgjdu3cl171q8qqqflbvimouyf0sudjc6a8nvx14xd6yb0wtye1zs36xq6p131p1h5lzwv4zspr8cx078rgsqjespyhr8zan00e6uakzzvlnnryduyk0kt04hq/confusion_matrix_table.table.json","_latest_artifact_path":"wandb-client-artifact://hlobjws2hd1oq3avwa7unfhtvyp6z8mfg375x7es5je0z7wn7sy9ly0swdfi6ld2j5c3znhqzgtvfprlajzy2sqiq1rng7bidlhe64d7xnaqcjk5wl33abpew9f6su7y:latest/confusion_matrix_table.table.json","path":"media/table/confusion_matrix_table_10_5d8e5a55cbfb4e1b0578.table.json","ncols":3,"nrows":100,"_type":"table-file","sha256":"5d8e5a55cbfb4e1b057874a4fd53cc8ee9c9013341dfb5c9bcd7792e72536a5b"},"mse_loss":0.15574840308081989,"_step":10,"val_loss":0.3804900928195884}