{"_step":9,"accuracy":0.17943727758007116,"_wandb":{"runtime":91},"epoch":10,"loss":2.298264919330801,"val_accuracy":0.2603,"_runtime":91.4619505,"val_loss":2.294228422343041,"_timestamp":1.7412307541968837e+09}