{"_wandb":{"runtime":11},"loss":0.5862382983706504,"accuracy":0.7935185185185185,"val_accuracy":0.7823,"epoch":10,"val_loss":0.6207435938664381,"mse_loss":0.28929891958202264,"cross_entropy_loss":0.5862382983706504,"_step":10,"confusion_matrix_table":{"nrows":100,"_type":"table-file","sha256":"5fb5b4335ab02fbd6ccdc994bce0957128b7f4926c31d313298b9801b4be4ddf","size":2939,"artifact_path":"wandb-client-artifact://42469z86hr0xhv7bzvmbjn0tg7nkvpf42dm43xmvgizfum1dabmm3iqpnkpo9xqzkeiucrpvpij71s7ch0eg6dz4yhavz1gv2seex4nzi68p9vw7ofmijbxrvdgjvtdt/confusion_matrix_table.table.json","_latest_artifact_path":"wandb-client-artifact://svqtloay3314wbfikhv8us2sd9pyw2du9uzs3l1mr0yp0n7ztv1zsl2l0b55im4fw7zvcrzz47ytt11ypgotjqu9fwkms1xybr5p7dvzh4s4vl4xlz8w4hvo7911unwm:latest/confusion_matrix_table.table.json","path":"media/table/confusion_matrix_table_10_5fb5b4335ab02fbd6ccd.table.json","ncols":3},"val_cross_entropy_loss":0.6207435938664381,"_runtime":11.9688544,"val_mse_loss":0.30043729700503713,"_timestamp":1.7415851585883262e+09}