{"val_cross_entropy_loss":0.44953267768696087,"_runtime":68.7986368,"_step":5,"mse_loss":0.1963575625889935,"_wandb":{"runtime":68},"val_mse_loss":0.22110301494754275,"epoch":5,"cross_entropy_loss":0.3989268771594806,"val_loss":0.5781886240795268,"confusion_matrix_table":{"path":"media/table/confusion_matrix_table_5_65efc1815cacd0537ebd.table.json","ncols":3,"nrows":100,"_type":"table-file","sha256":"65efc1815cacd0537ebd42f1058c3438fc289c9766dcde32fd260a3ce99f8122","size":2936,"artifact_path":"wandb-client-artifact://u1g01woej0k71nvtvt40tc29mlm7qkvbyndt2e1dotyx504tp4nymjyc8621hbafzjr83d0c4mtlme1t1q5tjbnimn91sjhwzimj3yehmlbs50yzq3gyjqftxsxf1gwx/confusion_matrix_table.table.json","_latest_artifact_path":"wandb-client-artifact://1ad112w2r1mkfvx9q4ffneul2xkyu4j0olfu4mdjfai5tx9c1eq5kt92dzd1ux5f53iahjahsq8ho9onhcbbx5y532vnuhk7oxc0g9mzjoko6x3bjj2is6mymoh80tqd:latest/confusion_matrix_table.table.json"},"loss":0.52833612376126,"accuracy":0.8640925925925926,"val_accuracy":0.8475,"_timestamp":1.7415843752896538e+09}