{"_timestamp":1.7411549599885924e+09,"_step":4,"_runtime":4.1627646,"_wandb":{"runtime":4},"epoch":5,"loss":2.443007002875154,"val_accuracy":0.0985,"val_loss":2.45598947453578,"accuracy":0.10016666666666667}