{"_wandb":{"runtime":84},"_step":9,"val_loss":2.5214935609021487,"val_accuracy":0.1,"_timestamp":1.7413574565499141e+09,"loss":2.615277074973589,"_runtime":84.3698597,"epoch":10,"accuracy":0.10016666666666667}