{"_timestamp":1.7412534897892141e+09,"_wandb":{"runtime":7},"val_loss":2.3026032282216575,"val_accuracy":0.1,"accuracy":0.09657407407407408,"_runtime":7.8034761,"_step":4,"loss":2.3026362510201217,"epoch":5}