{"_step":9,"_timestamp":1.741348554891473e+09,"_runtime":8.915322,"accuracy":0.09931481481481481,"val_accuracy":0.1,"val_loss":2.302684348593991,"epoch":10,"_wandb":{"runtime":8},"loss":2.3027934788551625}