{"_runtime":36.0664959,"epoch":10,"loss":2.3034174979282045,"accuracy":0.10033333333333333,"_wandb":{"runtime":36},"_timestamp":1.7413443727852218e+09,"val_loss":2.303245176535899,"_step":9,"val_accuracy":0.1}