{"_runtime":11.8887985,"val_accuracy":0.677,"_wandb":{"runtime":11},"accuracy":0.6550370370370371,"_timestamp":1.7412377064306357e+09,"_step":9,"loss":0.8933807668353333,"val_loss":0.888492791498314,"epoch":10}