{"epoch":10,"_runtime":66.7115707,"val_accuracy":0.8352,"loss":0.5889182862788037,"val_loss":0.6251417928124497,"_step":9,"accuracy":0.8516666666666667,"_wandb":{"runtime":66},"_timestamp":1.7413468457093565e+09}