{"epoch":10,"val_accuracy":0.7509,"val_loss":0.7103182281020902,"confusion_matrix_table":{"nrows":100,"_type":"table-file","sha256":"e16cf15eb14b26bb1531c300f6c9128c2ff688cc0696d4890675d9477c59a41d","size":2945,"artifact_path":"wandb-client-artifact://owicvj1rke5v4gkbycqtahx0tlvfz7x7800aibi9ytjiszm6uxynrj6jkww9stwkab14gvxrus0zzwkkpcjxo32dived8pmhfooa2r7m9kkyh6s7jvf98z9cdnt2sh4r/confusion_matrix_table.table.json","_latest_artifact_path":"wandb-client-artifact://v25z8kkoao54kk75w2902uqkhvr615cezyvn4pr6ciprzo5dfu8bzhjw9hexj34lnmry3tbmg8423bjs8a6z7w1piuha6mvd153v6o3mr81bb6x3vj51qfe03ve0823g:latest/confusion_matrix_table.table.json","path":"media/table/confusion_matrix_table_10_e16cf15eb14b26bb1531.table.json","ncols":3},"_wandb":{"runtime":12},"_step":10,"_runtime":12.5702223,"loss":0.7128011242873069,"accuracy":0.7484814814814815,"_timestamp":1.7415777230264513e+09}