{"val_accuracy":0.19666666666666666,"epoch":10,"_runtime":7.2584064999999995,"accuracy":0.19114814814814815,"val_loss":2.2370182363733924,"_step":9,"_timestamp":1.7411520930597663e+09,"loss":2.244892319859222,"_wandb":{"runtime":7}}