{"val_accuracy":0.8618,"cross_entropy_loss":0.35940466430467805,"confusion_matrix_table":{"ncols":3,"nrows":100,"_type":"table-file","sha256":"1c8008674f0eea8e269596a77c8bf268b15bf98e7276b0e3d12bf540edd5622d","size":2933,"artifact_path":"wandb-client-artifact://nfbw7vzgegn5iu51n62n0nub6ih9y6u1z7g16rfkt6nz5agonp2n4gw7zzr9zm1k07e1cr3fthkjhunrekj6igborjfxusdr0f0a30oz7jmcirpnqe2r1jjmyz76typo/confusion_matrix_table.table.json","_latest_artifact_path":"wandb-client-artifact://hfo1rxy4u2t2dcwa0bbsgqoocixqnf9mxcmc15ii9znq84zpdtln4d22rtirhgcwe7xxz403j6a6zu28jnh2uxe2uvzjmlfop3s0ajbern1dzyircgp0gcwfwmtf47tj:latest/confusion_matrix_table.table.json","path":"media/table/confusion_matrix_table_5_1c8008674f0eea8e2695.table.json"},"val_mse_loss":0.19920878424262006,"_wandb":{"runtime":11},"val_cross_entropy_loss":0.3947614616586917,"mse_loss":0.18336226927281687,"_step":5,"loss":0.35940466430467805,"_runtime":11.0195372,"_timestamp":1.742110800683545e+09,"accuracy":0.8720925925925926,"epoch":5,"val_loss":0.3947614616586917}