{"_timestamp":1.741590565979695e+09,"epoch":5,"cross_entropy_loss":0.3202066144846996,"val_mse_loss":0.18582795154438977,"accuracy":0.8832037037037037,"loss":0.3202066144846996,"val_loss":0.36382325158845097,"_step":5,"val_accuracy":0.871,"_runtime":11.2194577,"_wandb":{"runtime":11},"confusion_matrix_table":{"path":"media/table/confusion_matrix_table_5_ce3d8c129e1b15638867.table.json","ncols":3,"nrows":100,"_type":"table-file","sha256":"ce3d8c129e1b156388675812ca13eaaacf6f64b0f6b2e08051ba9f05932952c0","size":2930,"artifact_path":"wandb-client-artifact://31mlih06i56w61r6srck1i0is69pvwxih7skssykfmqewmwjq0wblawv45kklq6nmqf7fdsgfjq5djslubkl8vizncrw68cs06bf653qh6n5ukw3crh4qlerqmrxidk0/confusion_matrix_table.table.json","_latest_artifact_path":"wandb-client-artifact://3j1tp7v2f2yrbvpnz9slct0z2iwrmwfio7c1sp8j1z2d063koxdkipx9m0no49lrearztbja6le3mboehlpd38hpwovj49i6kwnhkeds84elhxzx2sg60nnmp93kq3pi:latest/confusion_matrix_table.table.json"},"val_cross_entropy_loss":0.36382325158845097,"mse_loss":0.16672055062220728}