{"val_cross_entropy_loss":0.4088768017800137,"confusion_matrix_table":{"sha256":"c73c907d724d7242dbd9fc7a56767bb975757e5ed8027b8189025e5534e952e2","size":2930,"artifact_path":"wandb-client-artifact://wsfv3g8w6wk50694dtm9j0b6n8tsv7zdfm0x8t0bwe08ov888t9xpn6b5tva3qfq4a6qa2v444lkuk0wvz4kkp1iloiz6tthdbsnon6nkz4uv8aufhqck5skpdhp4ail/confusion_matrix_table.table.json","_latest_artifact_path":"wandb-client-artifact://3ymma9d6u1tsud3ajfmn15wanjhrcl3ym4mvaq6uu4te8rj2xs8eux2mc04emvvf4bk4hhcadaekzdjfzx2mmqm00bo0dzxuqgc31gj0fs55wa1rw2jugx5cudd3hrpk:latest/confusion_matrix_table.table.json","path":"media/table/confusion_matrix_table_10_c73c907d724d7242dbd9.table.json","ncols":3,"nrows":100,"_type":"table-file"},"loss":0.332238777601553,"val_loss":0.4088768017800137,"mse_loss":0.16304003834716907,"accuracy":0.8900555555555556,"val_mse_loss":0.1918424185253415,"epoch":10,"_step":10,"val_accuracy":0.8703,"cross_entropy_loss":0.332238777601553,"_runtime":116.2272229,"_wandb":{"runtime":116},"_timestamp":1.742105173408124e+09}