{"accuracy":0.16294444444444445,"val_loss":2.3256834897059537,"val_accuracy":0.1603,"_wandb":{"runtime":12},"loss":2.32570181607346,"_timestamp":1.741533721996091e+09,"epoch":10,"_runtime":12.572390500000001,"_step":9}