{"_runtime":52.2319998,"_timestamp":1.7413470670105047e+09,"_step":4,"epoch":5,"_wandb":{"runtime":52},"accuracy":0.10081481481481482,"val_loss":2.3026300303277463,"val_accuracy":0.1,"loss":2.3026449114546597}