{"accuracy":0.8922777777777777,"epoch":10,"val_mse_loss":0.18790703253233632,"_step":10,"val_cross_entropy_loss":0.36840603006819683,"_timestamp":1.74219379656225e+09,"cross_entropy_loss":0.29895351158495814,"_runtime":14.5689855,"val_loss":0.36840603006819683,"_wandb":{"runtime":14},"confusion_matrix_table":{"sha256":"ee7003ac1bc72e14d1204ed822c3a7769de1f07995c1eebb1b30d32fdb398674","size":2931,"artifact_path":"wandb-client-artifact://h8gar4aopkzke1uuxyklxga2s3k7hbiy0rumvkbz6k5u0k87qin2ou3l5z56pdas686il7gx5pu7dxa7b2hqcdba1vp1mbf1l54iy4p72s8i6hlw1zlupvcb73mclg78/confusion_matrix_table.table.json","_latest_artifact_path":"wandb-client-artifact://hvik1mrttxszg9hdfpunivbdwk223y5ah2102rruai16197oxq3yd370honb0div9lxou1dr6zmvmcqpk1myas4finskjsq6gmtesph271ppvfxduzdt7vm70kgtycxp:latest/confusion_matrix_table.table.json","path":"media/table/confusion_matrix_table_10_ee7003ac1bc72e14d120.table.json","ncols":3,"nrows":100,"_type":"table-file"},"mse_loss":0.15551507571928772,"val_accuracy":0.869,"loss":0.29895351158495814}