{"_timestamp":1.7421954640971758e+09,"val_mse_loss":0.4573931150423964,"mse_loss":0.4598762117862466,"val_accuracy":0.6397,"_step":10,"confusion_matrix_table":{"artifact_path":"wandb-client-artifact://7lpy410ul34uwqfsikvcjt1462f98bk7ccnuvl7wpn2w37lfjax9n6sd14ejcicxzb213bga6e09hxdcn3cxlze06s1ono74y6c3wz5qxzqyg0dw2uxtb0dtu5s7kbjr/confusion_matrix_table.table.json","_latest_artifact_path":"wandb-client-artifact://z71py2w3eldxpf9wrfquhc3rp6fqzf6w5938hl8by98r1u6n46lkylqz55ewi1nk5pukl7kyjth2nol8mom7ffc57ekz1314qzj5a2q2kpg47mhidtke2kmkpqhp0pnl:latest/confusion_matrix_table.table.json","path":"media/table/confusion_matrix_table_10_19562dd9eea3337fa755.table.json","ncols":3,"nrows":100,"_type":"table-file","sha256":"19562dd9eea3337fa7554bfc5d0c62ea1bfc0896e432f7277b56dadef536149a","size":2942},"_runtime":15.6706824,"loss":0.9601210912640589,"_wandb":{"runtime":15},"epoch":10,"val_cross_entropy_loss":0.9030356124508455,"accuracy":0.645,"cross_entropy_loss":0.901535793315587,"val_loss":0.961833261336768}