{"loss":2.285927721017832,"accuracy":0.10751851851851851,"val_accuracy":0.11266666666666666,"val_loss":2.2752264572891225,"_wandb":{"runtime":5},"_step":9,"epoch":10,"_timestamp":1.741155426790993e+09,"_runtime":5.4957756}