{"loss":0.4173405595418658,"_timestamp":1.741590293610789e+09,"_runtime":18.6628303,"val_cross_entropy_loss":0.8512342741239474,"val_loss":0.8512342741239474,"cross_entropy_loss":0.4173405595418658,"_wandb":{"runtime":18},"confusion_matrix_table":{"ncols":3,"nrows":100,"_type":"table-file","sha256":"d0f8f79ad1f4d362b15a64caf1e6f2fc055987c9d0af9262f4ce4a3edc8c412e","size":2930,"artifact_path":"wandb-client-artifact://rva15juv8kps1jxfipzlfrqfn1nik4pmuho81u1d3oppjg28mzxye085kfrvxd0hfeluefjvz0z1l1zbskzyxhacknafp9lax6xken13alzipdaxrpso7zc3glxgcws4/confusion_matrix_table.table.json","_latest_artifact_path":"wandb-client-artifact://xxejv5gcsp1g1njxlgsj4y67qneahjcbjpufo1fo9lxqrfr3a8k6cxokw3izea8dra3njry56sa0xew9xo37noiris17zggc62bmxedzrm32o4y8p9fiqp7w79vkldob:latest/confusion_matrix_table.table.json","path":"media/table/confusion_matrix_table_5_d0f8f79ad1f4d362b15a.table.json"},"val_mse_loss":0.35944233337223463,"mse_loss":0.19743933141269016,"val_accuracy":0.7648,"_step":5,"epoch":5,"accuracy":0.8647777777777778}