{"_runtime":10.5212085,"_step":9,"val_accuracy":0.2844,"_timestamp":1.7412514698575654e+09,"accuracy":0.28894444444444445,"_wandb":{"runtime":10},"val_loss":1.8234954527024536,"loss":1.8346499760165043,"epoch":10}