{"_runtime":3.9963089,"epoch":5,"accuracy":0.0837962962962963,"loss":2.308396750591338,"_timestamp":1.741154034021416e+09,"_step":4,"val_loss":2.30726143161766,"_wandb":{"runtime":3},"val_accuracy":0.09116666666666666}