{"_step":4,"_wandb":{"runtime":110},"accuracy":0.8639814814814815,"val_loss":0.5393125915114035,"epoch":5,"loss":0.5006656384679223,"_timestamp":1.7412294721755514e+09,"val_accuracy":0.8468,"_runtime":110.5231085}