{"confusion_matrix_table":{"ncols":3,"nrows":100,"_type":"table-file","sha256":"129137ea2dbef1a3aea53de3895e1472936e28e94be727ee555cdd382025a8de","size":2947,"artifact_path":"wandb-client-artifact://492wls2xk5tmwuschljy0v1ww2pk544ol3q2v7ensece9sgosjlmbv0zy2slv2f66a48btaeauabfiri1v82qh6s2ftogn50qniwgmhe7dbd3ipyr5jqjswwfts8xejy/confusion_matrix_table.table.json","_latest_artifact_path":"wandb-client-artifact://oebajrmoa8q2u679obs367dqwi0wem47hbx4jovugc1npds0bblbm9t7l4wie7n6gxaxda7howamwj3vmorbrgw5eg8sh7yll0y1q6f5khhy1q07mt3sgv2p8ujk6nkj:latest/confusion_matrix_table.table.json","path":"media/table/confusion_matrix_table_5_129137ea2dbef1a3aea5.table.json"},"_wandb":{"runtime":7},"_timestamp":1.74158391722269e+09,"mse_loss":0.7055196410419166,"_runtime":7.2781883,"cross_entropy_loss":1.5846890463247942,"_step":5,"epoch":5,"val_loss":1.5355492255572516,"loss":1.5846890463247942,"accuracy":0.5520925925925926,"val_cross_entropy_loss":1.5355492255572516,"val_accuracy":0.5506,"val_mse_loss":0.6896342343977314}