{"val_loss":0.3880476660292655,"val_accuracy":0.87,"confusion_matrix_table":{"_latest_artifact_path":"wandb-client-artifact://mn265fs9tax2mx1tl0pxpb5moj3c6u78guufxhteji3enuro0h9kxzqx993ryiroxkwp4kkzgrwoq3ro0bjsol9qjgns6sj99uhtou085dplxslu4p1yk9e4duw264z0:latest/confusion_matrix_table.table.json","path":"media/table/confusion_matrix_table_10_dc76c1cebe560957e8e1.table.json","ncols":3,"nrows":100,"_type":"table-file","sha256":"dc76c1cebe560957e8e1ea6d9d850f22c44d202a08e620e2561edeb12b29828c","size":2929,"artifact_path":"wandb-client-artifact://a82fcifbg1zpk3c6zge47es5wzbboc1m8wv2ezgrczpinvyd857akjhejkgfkc943mq84ohwx7q2t73ln0psfw7mj3aa2ask9v12zlkivd72d08izix2hku8uo7c0e1i/confusion_matrix_table.table.json"},"val_mse_loss":0.1902520210800443,"cross_entropy_loss":0.3093350872627915,"val_cross_entropy_loss":0.3880476660292655,"mse_loss":0.15714530191152523,"_timestamp":1.742194562067046e+09,"_step":10,"_runtime":28.5638368,"_wandb":{"runtime":28},"epoch":10,"accuracy":0.893074074074074,"loss":0.3093350872627915}