{"_timestamp":1.7421075071337397e+09,"val_cross_entropy_loss":0.410997026098157,"loss":0.37939386329898683,"_runtime":9.9089267,"_step":5,"confusion_matrix_table":{"nrows":100,"_type":"table-file","sha256":"01099fee1a2528d22b90c60d0c8e1336ad8a25aa93307ab1c7a5b21053d83c98","size":2935,"artifact_path":"wandb-client-artifact://zm22e0f1cbnki5bitm1oxydmo5gcc8dhisvgw6h4xz26qhi6l7xmgo8fl7lwf1jy1djxoe8jh2f1kqftyv3blfnohrwbtphb271b3a0632ebw68w9xdm4dbj8aggcgho/confusion_matrix_table.table.json","_latest_artifact_path":"wandb-client-artifact://riyiw6ivmtdjssfo7kyvxf29hh39pym9nl4frdpu5j7l3rm3c5grdhjc6r4xx2zxvokrrag5cpdhpoikw2hk4h23ubjtz9zbdakq8u5ektn6vayduizyejp1tklbwn4s:latest/confusion_matrix_table.table.json","path":"media/table/confusion_matrix_table_5_01099fee1a2528d22b90.table.json","ncols":3},"epoch":5,"_wandb":{"runtime":9},"val_accuracy":0.8614,"val_loss":0.410997026098157,"val_mse_loss":0.20280747481458505,"cross_entropy_loss":0.37939386329898683,"accuracy":0.8706666666666667,"mse_loss":0.1885188610869371}