{"mse_loss":0.19727614137245014,"_step":5,"_wandb":{"runtime":10},"cross_entropy_loss":0.39091620956404166,"val_cross_entropy_loss":0.41093042410891806,"val_loss":0.48290898457964315,"val_accuracy":0.8572,"_runtime":10.8842447,"accuracy":0.8621481481481481,"epoch":5,"loss":0.46100013090699504,"_timestamp":1.7421059962059293e+09,"confusion_matrix_table":{"ncols":3,"nrows":100,"_type":"table-file","sha256":"13f86aeff00fc5af0eddc773799c38926ae23f4a141e5733fcc003ca3bdf30c5","size":2930,"artifact_path":"wandb-client-artifact://f3i90wuly1gy7qr5nxvjhdquvnnwtg3b0fzol0b9gfqw9l37c45wv2shsv87u0fsk9qgjogd7cj1lme8e3t5cnpu0935yu0malfq6z1dr7w0h9anexpufwe50awyfbmq/confusion_matrix_table.table.json","_latest_artifact_path":"wandb-client-artifact://ceu2yiepxildnzh3jwrpnpk7nj67er186pkrsc8uyvfd258niol9sihfjssfyb8jsxjm6yzz040tsxr7tn0irajrhj5kzfbg4w3l8tkxlu50hf0nltlgur3hl8lina3j:latest/confusion_matrix_table.table.json","path":"media/table/confusion_matrix_table_5_13f86aeff00fc5af0edd.table.json"},"val_mse_loss":0.20601882902615534}