{"_runtime":5.1532715,"_wandb":{"runtime":5},"loss":2.4432431664491654,"_step":4,"epoch":5,"val_loss":2.4267705589932147,"accuracy":0.0997037037037037,"val_accuracy":0.10266666666666667,"_timestamp":1.7411525477726898e+09}