{"epoch":5,"_wandb":{"runtime":5},"loss":1.8151352379285295,"val_accuracy":0.194,"val_loss":1.8111434773780413,"_runtime":5.9612524,"_step":4,"_timestamp":1.7412527230169854e+09,"accuracy":0.19814814814814816}