{"_runtime":18.4967885,"val_loss":2.298025385339464,"_timestamp":1.7412297747814238e+09,"_wandb":{"runtime":18},"accuracy":0.23260595732068762,"loss":2.2996600934248677,"_step":4,"epoch":5,"val_accuracy":0.2427}