{"_wandb":{"runtime":20},"_timestamp":1.7412419475500443e+09,"_step":9,"val_loss":2.3052333886578626,"loss":2.304843774936598,"_runtime":20.8267186,"epoch":10,"val_accuracy":0.1,"accuracy":0.1010925925925926}