{"accuracy":0.15985185185185186,"_step":4,"epoch":5,"val_loss":2.300215351806248,"_runtime":3.5710653,"loss":2.3012089344904734,"val_accuracy":0.16183333333333333,"_timestamp":1.7411530201367779e+09,"_wandb":{"runtime":3}}