{"accuracy":0.8752037037037037,"cross_entropy_loss":0.3569557592295013,"_step":10,"mse_loss":0.18023418582146264,"epoch":10,"_wandb":{"runtime":32},"val_mse_loss":0.20141758553835798,"_timestamp":1.7421086927112427e+09,"val_cross_entropy_loss":0.3999267914315134,"loss":0.3569557592295013,"confusion_matrix_table":{"sha256":"18270e08d4228dacf5550283dbe4751205568e8bdee6aa0157d8059adc6d2547","size":2933,"artifact_path":"wandb-client-artifact://qk0ibayagydzws04bl5ui0ur7z9ke4fnjfcth57njy9gmya9srbyh999cvmt9viwsh6hjb22tf5uqubjpo34uybpc2syth6sfzmc6ngwmih67uy2rn7qzjymeq7ug4qh/confusion_matrix_table.table.json","_latest_artifact_path":"wandb-client-artifact://koqemstbrpn98eqhz98q2cgkb4cx387667w1osqxfyf2sepxyfljx1ryj836p8iabc9rtcp0nef4bzs4bftx8avijsb8cr73jyf9j2tghtod1g02lx2rjjs3ioiykf5b:latest/confusion_matrix_table.table.json","path":"media/table/confusion_matrix_table_10_18270e08d4228dacf555.table.json","ncols":3,"nrows":100,"_type":"table-file"},"val_loss":0.3999267914315134,"_runtime":32.8950567,"val_accuracy":0.859}