{"_timestamp":1.7415907028825567e+09,"mse_loss":0.1894567649403106,"epoch":5,"loss":0.3940523631816125,"cross_entropy_loss":0.3940523631816125,"val_cross_entropy_loss":0.46903421070324114,"_step":5,"_wandb":{"runtime":26},"val_loss":0.46903421070324114,"accuracy":0.8685185185185185,"val_accuracy":0.8499,"_runtime":26.6020102,"confusion_matrix_table":{"nrows":100,"_type":"table-file","sha256":"ec36f4cd7a333d26f66a78f2e1b37a7084168c9f364153c53484243db0cabc2a","size":2932,"artifact_path":"wandb-client-artifact://sszlthwi8jzy912yt2cc5zphptmvoxs9g05f1jtchrtez7lcjy9y6g5ycqq0d1xwmq5bd8m7hts86dwtle5novyevfqhv4ed7dselxn9vf44a2ahdk3c018usww8mkyo/confusion_matrix_table.table.json","_latest_artifact_path":"wandb-client-artifact://kcy57z0r9vbqtzi31uwe3m1z3tsrb2fp9ldigjpnkp0lswycn8wm0917qyy9r1ccumzuz7mb977vvsbjut7gg9xcwlzo0orxpwzhcny7o0gdaf17cjvpysqvfm23dfjc:latest/confusion_matrix_table.table.json","path":"media/table/confusion_matrix_table_5_ec36f4cd7a333d26f66a.table.json","ncols":3},"val_mse_loss":0.2117615394441108}