{"_wandb":{"runtime":10},"accuracy":0.8548333333333333,"loss":0.4630372281895311,"val_mse_loss":0.23069623058343405,"val_accuracy":0.8374,"epoch":5,"_timestamp":1.7421070224930313e+09,"val_cross_entropy_loss":0.45708512419253766,"mse_loss":0.20816386708872725,"_runtime":10.6668752,"confusion_matrix_table":{"size":2933,"artifact_path":"wandb-client-artifact://9r3gc9esh3gp1d9e7uu5x7p7ne8nb48dh35qky5hvmbc145prd0hqjpbcmmpqg1ujv3rkpef6bk9dtg1kfo0vwtp733pyu80kbo091qkrgxkyzvl8m0lnayybpmjf9ew/confusion_matrix_table.table.json","_latest_artifact_path":"wandb-client-artifact://gzn9d69zns41zprr4567ke9nfwye408k5b4po5o4ic1fn9lxfehrq3nxq6p2s57b13567kps5avl9yjsa79ry3otvqjk96920cw992ip7u15mhz15ipxckxd6fy14bzw:latest/confusion_matrix_table.table.json","path":"media/table/confusion_matrix_table_5_e8384517ab9adb0d172b.table.json","ncols":3,"nrows":100,"_type":"table-file","sha256":"e8384517ab9adb0d172bfcfa1ffbfb2f6ee287915068b1eb27a39c974b04a783"},"val_loss":0.5048549717305484,"cross_entropy_loss":0.4156835340387962,"_step":5}