{"val_loss":2.825867561740022,"val_accuracy":0.1,"_wandb":{"runtime":6},"epoch":5,"accuracy":0.10097246935547648,"_step":4,"_timestamp":1.7412416093610141e+09,"_runtime":6.4318862,"loss":3.1297060292217647}