{"val_accuracy":0.6201,"accuracy":0.6131111111111112,"val_loss":1.1211367931428273,"_timestamp":1.7415770748121917e+09,"confusion_matrix_table":{"ncols":3,"nrows":100,"_type":"table-file","sha256":"6824fa8cf842090c0f5a52d3ff0766081e7b62fc7c05c4bc890d9e49d6a25150","size":2945,"artifact_path":"wandb-client-artifact://0jo24ygxy2v64b9vi4vvczl73tvbva5f50dmnop7irgr7jc1v1hcf8ag5ttnieenghxfe4qckmudd8tguhfa36a7fd1p36x8t0h69j6nrmwdbxz4hc4dby0wpacy4e04/confusion_matrix_table.table.json","_latest_artifact_path":"wandb-client-artifact://pygxa86ri0cqqa8tkem94k4xidim1rs8ud0pv1d5iigk07s8m58ncblgjp795vqonb64gqaefh08k5pf0lbaqfpn1a92wrss22sli5rkwcx2egvluo7zjxu4lkbtmexl:latest/confusion_matrix_table.table.json","path":"media/table/confusion_matrix_table_10_6824fa8cf842090c0f5a.table.json"},"loss":1.1206087202735524,"epoch":10,"_wandb":{"runtime":15},"_step":10,"_runtime":15.3981649}