{"confusion_matrix_table":{"_latest_artifact_path":"wandb-client-artifact://nox4ux3qgvahh2elfj38am8b3tr9yux7dekrazgfwuay6mqtouhjmmm2e6n4ugrp5fjaurerc0rryjf9c1xozthzl6gbfyuy0pxh9p28wysgfmxb2xsfnhd4qqkqigmz:latest/confusion_matrix_table.table.json","path":"media/table/confusion_matrix_table_5_e5aeda885e06ab29cbc5.table.json","ncols":3,"nrows":100,"_type":"table-file","sha256":"e5aeda885e06ab29cbc5f4926bdfc3c5ec1cd1dc582f3c304c2e3e40f4d29c97","size":2927,"artifact_path":"wandb-client-artifact://bblqyqd3ep47xy8dojcwsvccy1a3ap5iiqqb4nznu2koogujbi6xc7zj8b45c29t7qggrof4nz8jee4neoxkj5jxv11q4l4gcn34sk96j423crtkb79hx7u2tw4zctg7/confusion_matrix_table.table.json"},"mse_loss":0.16521324982319335,"val_cross_entropy_loss":0.3827596375189967,"cross_entropy_loss":0.31730499427757447,"loss":0.31730499427757447,"_wandb":{"runtime":10},"accuracy":0.884962962962963,"val_accuracy":0.8645,"val_mse_loss":0.19639125248795009,"epoch":5,"_step":5,"_runtime":10.304126,"val_loss":0.3827596375189967,"_timestamp":1.742106181014951e+09}