{"confusion_matrix_table":{"path":"media/table/confusion_matrix_table_5_b5c2e9664796993d2a47.table.json","ncols":3,"nrows":100,"_type":"table-file","sha256":"b5c2e9664796993d2a47cfcd00194f200350bf9d46d41044426c7fd41af60924","size":2931,"artifact_path":"wandb-client-artifact://ak785jzyhnowhclgqidg83r1ju54vazyu6l7sf4zb2zhxawo8tgfrsjelv4n929fwuzvh1xbektp5nmeupn6t2y7x4oljjcrl7opyjj6ywav7dxi56ow2tiqjwkgq2gx/confusion_matrix_table.table.json","_latest_artifact_path":"wandb-client-artifact://myefahf2t37ehrr4dtqrvlx6192zj16rd2iwjqe462duqv43pzely21c1gh01qee9ergtf7qeoez4t8k9p3tjqoncskzp7ts7hueozx6d5w7hyj18ech3ybie83o1bam:latest/confusion_matrix_table.table.json"},"_wandb":{"runtime":33},"mse_loss":0.18864706644578202,"_runtime":33.1936901,"_step":5,"accuracy":0.8671851851851852,"val_accuracy":0.8425,"epoch":5,"val_cross_entropy_loss":0.41308424282734557,"val_loss":0.5172161817900873,"loss":0.4719778301086239,"val_mse_loss":0.21599489512085265,"cross_entropy_loss":0.3642160019197792,"_timestamp":1.7415895365043728e+09}