{"_wandb":{"runtime":3},"val_loss":2.333479525069019,"val_accuracy":0.10033333333333333,"_step":4,"epoch":5,"_timestamp":1.7411538030525477e+09,"accuracy":0.09996296296296296,"loss":2.353075069017853,"_runtime":3.9859125}