{"_step":9,"loss":1.8721122035590325,"accuracy":0.4414814814814815,"_timestamp":1.741155770731495e+09,"_wandb":{"runtime":6},"epoch":10,"val_accuracy":0.4723333333333333,"val_loss":1.7977543961733857,"_runtime":6.9383069}