{"_step":5,"confusion_matrix_table":{"nrows":100,"_type":"table-file","sha256":"c85a2e95026460cae6b6d943946d6494fcb835d7714f673d24f0972fb2a30dbf","size":2931,"artifact_path":"wandb-client-artifact://6vxuux306yrpk9pyx8uzujgfoewxf6m2xoadrxwe4wudnbnk8slbwsyua1ye26bht21iq7tk8ujqo5hgh6bfp4heq8wa4pageu33prnouj7junoffbnv9j9ngz8l8q86/confusion_matrix_table.table.json","_latest_artifact_path":"wandb-client-artifact://ub9u03axdzhu5b080su56iw4r19502p9ucybapfst3zeyg24jw5v7de9xud25uxnqcvrgsvmb5ugczy8x1in8hggjost1pomtoeyibyuzondpis9nzrvjtp70n8o39ad:latest/confusion_matrix_table.table.json","path":"media/table/confusion_matrix_table_5_c85a2e95026460cae6b6.table.json","ncols":3},"accuracy":0.8692222222222222,"mse_loss":0.18702419912401733,"_timestamp":1.7415881082946265e+09,"epoch":5,"_runtime":33.824504,"val_mse_loss":0.2092255437560164,"cross_entropy_loss":0.3662541869568711,"val_loss":0.4119108022581332,"loss":0.3662541869568711,"_wandb":{"runtime":33},"val_cross_entropy_loss":0.4119108022581332,"val_accuracy":0.8541}