{"val_loss":0.388436298141527,"_timestamp":1.7415898044595046e+09,"confusion_matrix_table":{"_type":"table-file","sha256":"a8f8d004e4e5badff3390a42dbbe8ac876950b978ceb12069a818742f9371f45","size":2931,"artifact_path":"wandb-client-artifact://njelbev57vdqua0wmdjgvt06d4da41uscxv5le482kyxi40bzkyypsmptywnvb19xl81iaeasz6xkokb2c5mulkibzpa87qcay6f2ggemyoeicoc114rqx5nmgdjjqu2/confusion_matrix_table.table.json","_latest_artifact_path":"wandb-client-artifact://e79zlx3juexc7k3s9952iavqij12u3tfy2zlwtutqgwgzxdgt02vavcn4z1rknw66g78s71jblagtp0n3k44vstgq0sjtpip4qvnwvrjme05d5xs20rs1tjs5jc4r3fa:latest/confusion_matrix_table.table.json","path":"media/table/confusion_matrix_table_5_a8f8d004e4e5badff339.table.json","ncols":3,"nrows":100},"val_cross_entropy_loss":0.388436298141527,"loss":0.3173736270233035,"accuracy":0.8844074074074074,"cross_entropy_loss":0.3173736270233035,"val_mse_loss":0.20139015727410717,"epoch":5,"_wandb":{"runtime":33},"val_accuracy":0.8587,"_runtime":33.1924916,"_step":5,"mse_loss":0.16635451600036372}