{"accuracy":0.2225,"_runtime":6.5764759999999995,"val_accuracy":0.21583333333333332,"_timestamp":1.741156730986923e+09,"_step":9,"val_loss":2.2508586717976358,"epoch":10,"loss":2.2633606186743362,"_wandb":{"runtime":6}}