{"val_cross_entropy_loss":0.3732173680784156,"val_accuracy":0.8684,"_wandb":{"runtime":28},"confusion_matrix_table":{"artifact_path":"wandb-client-artifact://cprpklzv0c7czlvvz6ektp6o8ci408oge95kw0htjgduarcbx8thhtdr2nxtwbw2mw4r6xjklb2bxn7u3im4wcwemiubm96onr5oy84cj72cooagejjmq12l9y737bim/confusion_matrix_table.table.json","_latest_artifact_path":"wandb-client-artifact://zlr014hkmc6ys5d03hb0fq8c57wfnwxsa1g5u8e2rpd496ays3ellltpjo211bya3l1ahrxek22mhio6gdoibbu9lskscipe7ad6jkhttnnf8l83f8cuptcmoemtzqtf:latest/confusion_matrix_table.table.json","path":"media/table/confusion_matrix_table_5_73406592e2a94930d635.table.json","ncols":3,"nrows":100,"_type":"table-file","sha256":"73406592e2a94930d635cb3de9e51589d73116b8a11285b88b5d0369ff2ac342","size":2929},"accuracy":0.8827222222222222,"_runtime":28.7860316,"val_mse_loss":0.18794462171482054,"mse_loss":0.16820243403328733,"epoch":5,"val_loss":0.3732173680784156,"_step":5,"cross_entropy_loss":0.32352927855949637,"_timestamp":1.7415891414382246e+09,"loss":0.32352927855949637}