{"_step":4,"accuracy":0.10064814814814815,"_timestamp":1.7412382794138806e+09,"loss":2.302651311399964,"_wandb":{"runtime":28},"_runtime":28.2542532,"val_accuracy":0.1,"epoch":5,"val_loss":2.3025981980949277}