{"_timestamp":1.741588834162538e+09,"loss":0.3457078433614119,"epoch":5,"mse_loss":0.17505594813102118,"val_accuracy":0.8654,"accuracy":0.8789259259259259,"confusion_matrix_table":{"artifact_path":"wandb-client-artifact://zqak9ehgu7zbu5adamdjlh4qc1y3033v5jyrfynktdmfsu8eohxcy8fki00yse82eqry16gxxugszxsno1025hdzpfsm2xxd2yy5r8qcpetvtrhwza120gu0aqr4djb5/confusion_matrix_table.table.json","_latest_artifact_path":"wandb-client-artifact://lm2ux6x9l06lujzfv3wc7rt1rtqlgl7fum2hx33eskldkjmq7m1jm6dc9k0naehu15xxutmr2pw7f7ui6nyontyswglevir46snk6mszucpz2dqb5yky3mb23zu3f7ti:latest/confusion_matrix_table.table.json","path":"media/table/confusion_matrix_table_5_33d168d5cd2fb7542430.table.json","ncols":3,"nrows":100,"_type":"table-file","sha256":"33d168d5cd2fb754243046be7d8804688abdd462bc8db9fda15b2384874c8685","size":2935},"_wandb":{"runtime":16},"val_loss":0.39360277286936246,"val_mse_loss":0.19604208512554086,"cross_entropy_loss":0.3457078433614119,"val_cross_entropy_loss":0.39360277286936246,"_step":5,"_runtime":15.9983074}