{"cross_entropy_loss":0.5492863258242904,"_runtime":21.5784812,"val_mse_loss":0.28199584377357534,"val_accuracy":0.8011,"confusion_matrix_table":{"size":2936,"artifact_path":"wandb-client-artifact://r3k0xyggaql8xjhd0smoqd73l2491iz96v24cs3lv2giqvyaom21dwmh0ezdsr03zfm95ugdx4fjrvap03gvxd14xz0a3vn7qybhrkkc5e2nhh3g5k3ogrj8r5nyw377/confusion_matrix_table.table.json","_latest_artifact_path":"wandb-client-artifact://hc2mv7s4a8jnspiw3mdvtoum71ar1vqfzoc18shki4n8r7yffnge1noispleinnt4dqjvx5mx4zerhn41qytlg7r9n2cbe7g6p269xf677tibrjz4bte0k15n4dvleks:latest/confusion_matrix_table.table.json","path":"media/table/confusion_matrix_table_10_3a6ec8019abf3586d564.table.json","ncols":3,"nrows":100,"_type":"table-file","sha256":"3a6ec8019abf3586d5644a321240cf56b56eaa5f3e6983b8713978beac4bfbe7"},"accuracy":0.8113518518518519,"val_cross_entropy_loss":0.576820709000414,"_timestamp":1.742107309690799e+09,"val_loss":0.576820709000414,"_step":10,"epoch":10,"mse_loss":0.2710382109508312,"loss":0.5492863258242904,"_wandb":{"runtime":21}}