{"_timestamp":1.7412540517924306e+09,"val_accuracy":0.3785,"epoch":5,"accuracy":0.34729629629629627,"_step":4,"val_loss":2.0472226113428915,"_wandb":{"runtime":5},"loss":2.0677465194509006,"_runtime":5.3707612000000005}