{"loss":0.3758900016307041,"accuracy":0.8668888888888889,"_step":4,"_timestamp":1.7413584709967132e+09,"val_accuracy":0.852,"_runtime":8.263990100000001,"_wandb":{"runtime":8},"val_loss":0.4393649560006731,"epoch":5}