{"accuracy":0.333537037037037,"val_loss":2.132184580563519,"_wandb":{"runtime":7},"epoch":10,"val_accuracy":0.35933333333333334,"_step":9,"loss":2.1539566480880143,"_runtime":7.6315791,"_timestamp":1.7411556049808555e+09}