{"accuracy":0.12316666666666666,"_timestamp":1.7411556922166328e+09,"_step":4,"val_loss":2.286578556923242,"_wandb":{"runtime":3},"loss":2.293592817176072,"val_accuracy":0.13083333333333333,"epoch":5,"_runtime":3.159511}