{"cross_entropy_loss":0.32091548572183354,"loss":0.4084709357435191,"val_loss":0.5360562626114758,"accuracy":0.882537037037037,"_timestamp":1.742191553175825e+09,"mse_loss":0.16828352324630874,"_runtime":45.6070866,"val_accuracy":0.838,"val_mse_loss":0.23057655826706722,"confusion_matrix_table":{"ncols":3,"nrows":100,"_type":"table-file","sha256":"36918c9bde20b127a844f5f8e452485ecca17257f6b41c66e1f41ec18a4cf7ac","size":2931,"artifact_path":"wandb-client-artifact://he6phddim263vneiitbwe4l5gkj2cigvchftr4v1xe49lhkv4o2rn17xfefekk3z34qmndcupo7uumn11blpxbh39s27f0608qplaal7povl89wek2c8ikxbxr1207v8/confusion_matrix_table.table.json","_latest_artifact_path":"wandb-client-artifact://ocy5aebp9l6jgpghp5r4qbttvwsvkzfvk6gzr9a70dk3aewgv75d9gh2n5nyxxs2q5gs5o6302svpdyxz8htjf95wcyowpm08xv4oqcc45cps48icdrsztx8bxft2cc6:latest/confusion_matrix_table.table.json","path":"media/table/confusion_matrix_table_10_36918c9bde20b127a844.table.json"},"epoch":10,"val_cross_entropy_loss":0.44919567271912436,"_step":10,"_wandb":{"runtime":45}}