{"_step":9,"val_loss":1.8963753142865607,"_runtime":5.7370391,"epoch":10,"accuracy":0.34635185185185186,"_timestamp":1.7411577518939543e+09,"_wandb":{"runtime":5},"val_accuracy":0.3585,"loss":2.0033617642230825}