{"_runtime":81.813229,"epoch":5,"val_loss":1.786336986638682,"val_accuracy":0.197,"loss":1.7915980376238079,"_wandb":{"runtime":81},"_step":4,"accuracy":0.19605809128630705,"_timestamp":1.7412315112209215e+09}