{"_step":10,"val_accuracy":0.8639,"epoch":10,"val_loss":0.48033765434303355,"val_mse_loss":0.20106269511972663,"_runtime":19.7590039,"cross_entropy_loss":0.3463771296956112,"_timestamp":1.741585447214396e+09,"_wandb":{"runtime":19},"loss":0.43107149811607803,"mse_loss":0.17682181100271258,"accuracy":0.8765555555555555,"confusion_matrix_table":{"_type":"table-file","sha256":"990f941a81f763f18f1d04702a2c9cd83a55a84b3cbb28ee9878329dfd2d8c34","size":2933,"artifact_path":"wandb-client-artifact://o58eg8gq1pif45aaodb5tro93wsi5o97am3ynkvgs4fypqooduxf38w0ne9yxdxfsjzer1e7r94lndlsrdygk2in9qqiuysa2tb6dnn829tsmbufd7uyzogzml9kyopv/confusion_matrix_table.table.json","_latest_artifact_path":"wandb-client-artifact://7105j6gqb0ch9vulqcpq01l6z36avced33p9phzlhodzfjwin2kwdk68hbv81g13dk8qacum9io1be3bw8hziudn7y7uj57s971pwa5mvtowmzoqcxqi3yodwf1631yz:latest/confusion_matrix_table.table.json","path":"media/table/confusion_matrix_table_10_990f941a81f763f18f1d.table.json","ncols":3,"nrows":100},"val_cross_entropy_loss":0.39577121602379567}