{"cross_entropy_loss":0.3176486874508672,"val_loss":0.36036311411848404,"_wandb":{"runtime":11},"epoch":5,"val_accuracy":0.873,"val_mse_loss":0.18373982254711402,"val_cross_entropy_loss":0.36036311411848404,"confusion_matrix_table":{"ncols":3,"nrows":100,"_type":"table-file","sha256":"c331015d38c38c882729d385f7cb3adbb29d15f0fa750dab1a8329609d01f81d","size":2933,"artifact_path":"wandb-client-artifact://4zyikdxn2zafv5a441e9hu4i1l1nsas9hb84zckp2vst9jjggdiofqvcb9py6qogms3jq5gqma1s35gxcul0qd9s7rvej2n89f3mg5g7b24s1lur0b0dkm9n27egpj04/confusion_matrix_table.table.json","_latest_artifact_path":"wandb-client-artifact://vq61p94p9r1lo81sxaneoeyp8hijbg7ube7bx0ol7o2n3mi4ze6d9y0kzth7gh6q2nmm4x93rmzbsgqiqy4nquno7lo2trhs6iayhgihzlcevxz32hajnxiyurevl49h:latest/confusion_matrix_table.table.json","path":"media/table/confusion_matrix_table_5_c331015d38c38c882729.table.json"},"mse_loss":0.16539696921703195,"_step":5,"accuracy":0.8852777777777778,"_runtime":11.7285805,"_timestamp":1.741588453360223e+09,"loss":0.3176486874508672}