{"_runtime":33.6484459,"loss":0.3226989068385874,"val_loss":0.41927157087976447,"confusion_matrix_table":{"_type":"table-file","sha256":"30e2b579504efb0a42d3b961a7175953cf487944e6ec46895f37259731e2503b","size":2933,"artifact_path":"wandb-client-artifact://4g1ch3q035ppi98x9fphq7yv1194cf065qzb0h56xvzmnpyrwxvqijmp8msui9dhazi8aglaj3oi38zr5asproproukp6ts9sv85woqqmoqqrydr0ncyvxtr319dun3c/confusion_matrix_table.table.json","_latest_artifact_path":"wandb-client-artifact://o59gaxaljq9ibeg21bkyalg6gnxy8ilp26nobx99ajhx02olx75vi03ukmdxhicx3zj82ujnwjag11a2bm73657fw2e7z6t5bpp95r4uoan9x2ya26afe41yv65ikyv0:latest/confusion_matrix_table.table.json","path":"media/table/confusion_matrix_table_5_30e2b579504efb0a42d3.table.json","ncols":3,"nrows":100},"_step":5,"val_accuracy":0.8552,"mse_loss":0.16742102290946623,"accuracy":0.8836296296296297,"epoch":5,"_wandb":{"runtime":33},"val_cross_entropy_loss":0.41927157087976447,"cross_entropy_loss":0.3226989068385874,"_timestamp":1.7415892683219304e+09,"val_mse_loss":0.20998220392344694}