{"_wandb":{"runtime":62},"accuracy":0.810962962962963,"val_loss":0.6497852030704669,"_runtime":62.725464099999996,"_step":4,"val_accuracy":0.8077,"loss":0.6504455009516772,"epoch":5,"_timestamp":1.7413470059300795e+09}