{"_runtime":18.4242724,"_step":4,"val_accuracy":0.637,"_timestamp":1.7412533637395475e+09,"val_loss":1.0719236541927664,"accuracy":0.6440185185185185,"_wandb":{"runtime":18},"epoch":5,"loss":1.084168552910341}