{"epoch":5,"_wandb":{"runtime":5},"val_accuracy":0.36566666666666664,"accuracy":0.3010185185185185,"_step":4,"_runtime":5.5461759,"loss":2.118459598068129,"val_loss":2.0144998413571837,"_timestamp":1.74115212750059e+09}