{"_wandb":{"runtime":13},"accuracy":0.2932222222222222,"_step":4,"loss":2.3300278027486616,"val_loss":2.3194001794826966,"val_accuracy":0.3049,"_runtime":13.0095959,"epoch":5,"_timestamp":1.7413584346494439e+09}