{"_step":10,"_wandb":{"runtime":12},"val_accuracy":0.6013,"epoch":10,"confusion_matrix_table":{"sha256":"66f6148ce59e405d5ce6a02b360e4b8039d6022260df204dad8c1635510bc7d0","size":2948,"artifact_path":"wandb-client-artifact://3djgg6evtd4l7nw2inx1tzrlfnrn4yx46mwdfxvhossyznbp7ofxbxcwxhse31e7mutliq48codnsiox9cbunlfms8wa56rhk0r9y0roagte3zckzylagkfn8ki2thlm/confusion_matrix_table.table.json","_latest_artifact_path":"wandb-client-artifact://33y86diruahf8cowarhue24uy567ecg73gxb206ufocwk8qjy2rx11cc0v6ulrmkdl2jo2dl6nwwxk9ddj7uxhm5f6a9anfcog5xr9z2zicx3xhf4ec0arp3nz2qbd8y:latest/confusion_matrix_table.table.json","path":"media/table/confusion_matrix_table_10_66f6148ce59e405d5ce6.table.json","ncols":3,"nrows":100,"_type":"table-file"},"val_loss":1.076416967036717,"loss":1.1065972679613714,"_runtime":12.3504553,"accuracy":0.6014814814814815,"_timestamp":1.7415770027509005e+09}