{"epoch":5,"loss":0.5258684705987744,"val_loss":0.6484366236484761,"_timestamp":1.7413472528972855e+09,"accuracy":0.8367037037037037,"_step":4,"_wandb":{"runtime":9},"val_accuracy":0.7957,"_runtime":9.8639715}