{"accuracy":0.907074074074074,"val_loss":0.33885735480778795,"confusion_matrix_table":{"_latest_artifact_path":"wandb-client-artifact://1yelivkb6trtickc0atbix2g5f1ojpapgee2lczq6ogz3nlr7wm7y4ebzh56q6p3rnv2t3racvjb5bg8non5gwyppotv6i3g6f6f74x26ozro4wbojfqavo8uywlnh43:latest/confusion_matrix_table.table.json","path":"media/table/confusion_matrix_table_10_2952ffc9279d91065ba6.table.json","ncols":3,"nrows":100,"_type":"table-file","sha256":"2952ffc9279d91065ba65d9af1cd3de75194d89dc7228919e056a15e77f464c5","size":2930,"artifact_path":"wandb-client-artifact://a58jcaul5ijj25lv3xnvizg58jntuh8ucgz3npbovpynfkf48k7f7lj0g66zgp6rrdvji2xrttgwq4c5qalackvfcewmot51tsu5gd6cqvpm0r23ex2byncl0a56sy91/confusion_matrix_table.table.json"},"_wandb":{"runtime":40},"val_accuracy":0.8833,"val_mse_loss":0.16939271706065984,"cross_entropy_loss":0.25136285247420836,"epoch":10,"_step":10,"_timestamp":1.742107280446327e+09,"mse_loss":0.13328606840800528,"loss":0.25136285247420836,"val_cross_entropy_loss":0.33885735480778795,"_runtime":40.0310132}