{"_timestamp":1.7411569017161121e+09,"_wandb":{"runtime":6},"loss":2.3287845393118562,"accuracy":0.10064814814814815,"_step":9,"val_accuracy":0.09416666666666666,"epoch":10,"_runtime":6.4806501,"val_loss":2.327386593981546}