{"_timestamp":1.742108569022866e+09,"val_accuracy":0.8492,"_wandb":{"runtime":9},"confusion_matrix_table":{"artifact_path":"wandb-client-artifact://61jpwjfsw3bca0pt2x8d37a8pi9kybe3vxi563tdvck29phu4t7zrjl2cpgf1f91x0l1n7fam0vcf9lz0rk0rmktzx3xu93thhvcl63173x1q6apdt1zng1yiyxs2onq/confusion_matrix_table.table.json","_latest_artifact_path":"wandb-client-artifact://16aom7r8nfxt08xkopocfbba3rwft8b4bqlxrenw18dd5t8mspzpdkpuyvq8osw5sqwh3p4mk6g9lscxyalluq7gwgfnwmm7kqfm9c9lpi9mfmj29b70lipvv1jj84rw:latest/confusion_matrix_table.table.json","path":"media/table/confusion_matrix_table_10_d2840c65beea2c7e348e.table.json","ncols":3,"nrows":100,"_type":"table-file","sha256":"d2840c65beea2c7e348e2796c482af46a9f044c026ddd424dffdfa8f2f83ffc4","size":2935},"epoch":10,"mse_loss":0.1924174387601589,"val_loss":0.42779517454940014,"loss":0.38189356213378095,"_step":10,"accuracy":0.8656296296296296,"val_cross_entropy_loss":0.42779517454940014,"cross_entropy_loss":0.38189356213378095,"val_mse_loss":0.21524805182979795,"_runtime":9.9447579}