{"val_loss":0.855609843958344,"_step":4,"loss":0.816161975504729,"epoch":5,"val_accuracy":0.6522,"accuracy":0.670074074074074,"_timestamp":1.741256383954647e+09,"_wandb":{"runtime":11},"_runtime":11.728250599999999}