{"_timestamp":1.7411564730218844e+09,"epoch":10,"val_loss":1.5536590531342882,"_runtime":6.3688552,"loss":1.6254611907121463,"_step":9,"_wandb":{"runtime":6},"accuracy":0.5444629629629629,"val_accuracy":0.5706666666666667}