{"epoch":10,"val_loss":0.4482071965446752,"val_cross_entropy_loss":0.37346779780750705,"loss":0.3922433253881842,"val_mse_loss":0.19153189137104842,"val_accuracy":0.8671,"accuracy":0.883962962962963,"confusion_matrix_table":{"size":2931,"artifact_path":"wandb-client-artifact://jhn9ilfnwdyza410twf0ict0exbl2psnkloj4cv4nzmmzbfc2p69z4a3z2dsax7nbay20ppq4wcjkoo2zpxe639nc84vr6gnc24jvjvv6u2m82my8ea49djyr1nsx32d/confusion_matrix_table.table.json","_latest_artifact_path":"wandb-client-artifact://d9j2dtakzaek5qmwimxs1v0imdvv6kuk7cwi8hbevb6ermobk2y64rpf0q5y9hsnfz5c86jjcuiftun1oyr3cyl0pirbrooxmy495md4ot7a0wxvqfjj1bgke2n4nl69:latest/confusion_matrix_table.table.json","path":"media/table/confusion_matrix_table_10_c4b2853994449ee84a59.table.json","ncols":3,"nrows":100,"_type":"table-file","sha256":"c4b2853994449ee84a59a797ff025fb97ade1841e457a6796517ba3adc2c98e4"},"cross_entropy_loss":0.31761291011186016,"mse_loss":0.16555808565273536,"_wandb":{"runtime":16},"_step":10,"_runtime":16.7269074,"_timestamp":1.7421118916495204e+09}