{"val_loss":0.5222122995286126,"val_cross_entropy_loss":0.4234894172236558,"mse_loss":0.184861432982624,"accuracy":0.8703518518518518,"val_mse_loss":0.21647428221503218,"_timestamp":1.7415881478450415e+09,"_runtime":29.9015247,"_wandb":{"runtime":29},"val_accuracy":0.8497,"_step":5,"confusion_matrix_table":{"artifact_path":"wandb-client-artifact://me3glol0yied7kyj0rb1x1hfuvdlgxgk82at7ilu6mrgd605c269otboq8whyno6s1u0alhx0c861j8rbbemwaiecs67ogdhpp7jkffxj7eoyq8rw1d3v1pk7svk0a6z/confusion_matrix_table.table.json","_latest_artifact_path":"wandb-client-artifact://l01yimhoxfbhsadwvm91rwft09opiovecd3gxn0gdxaomplyz7rsvo9dk07cocmz4npc3h1jrbqllczm0cakusb8pgpubnzyzw7cp5rj28b48wmifxp7gns9a4993kf7:latest/confusion_matrix_table.table.json","path":"media/table/confusion_matrix_table_5_1086bbf6c0cca3d5b992.table.json","ncols":3,"nrows":100,"_type":"table-file","sha256":"1086bbf6c0cca3d5b9926845559e3d9bf4ec028044bc2899088a2c9fcd31ee86","size":2933},"cross_entropy_loss":0.35365552421646745,"loss":0.4551173337097002,"epoch":5}