{"_wandb":{"runtime":12},"loss":2.3026244196185774,"val_loss":2.3026249280683078,"val_accuracy":0.1,"epoch":5,"_step":4,"_runtime":12.5840516,"accuracy":0.0989074074074074,"_timestamp":1.7412400651569366e+09}