{"val_cross_entropy_loss":0.3699762763938235,"_runtime":30.4614521,"mse_loss":0.17150407304407764,"epoch":10,"_step":10,"cross_entropy_loss":0.3269096453733791,"val_loss":0.4547958161032424,"_timestamp":1.7421986034399476e+09,"_wandb":{"runtime":30},"val_mse_loss":0.19159504147322634,"confusion_matrix_table":{"_latest_artifact_path":"wandb-client-artifact://bk5fgsgnhx8kjhchtjdc418s99awdm2z3jt4l9tf3g36epdkljnj1mxo2361m2sbavpy8pd78paz5s99i0scirhqn6y0aq47te5u1w4se6rzn7z3t2gvwxke547644ph:latest/confusion_matrix_table.table.json","path":"media/table/confusion_matrix_table_10_d5c55aee19bc451941d0.table.json","ncols":3,"nrows":100,"_type":"table-file","sha256":"d5c55aee19bc451941d085df55dc5e1bdc89d935c64a530f9dc3e9304a8b1899","size":2931,"artifact_path":"wandb-client-artifact://fpx861mbvojb0a8q0gg2nx29se1x7qv37usnsgqews45gqcgu5gabm873hlnrkona42ikm9z7v8g606mfh8n60uyyzib9jno7dsc5m820pqd2r0ybsrrgkyfgir7f4r4/confusion_matrix_table.table.json"},"loss":0.412340471897143,"accuracy":0.8797592592592592,"val_accuracy":0.8646}