{"_wandb":{"runtime":32},"_runtime":32.732697,"cross_entropy_loss":0.29362382114943336,"loss":0.29362382114943336,"accuracy":0.8961666666666667,"_timestamp":1.7421933081795936e+09,"val_cross_entropy_loss":0.37473875599816375,"val_accuracy":0.8736,"confusion_matrix_table":{"sha256":"b648bc58493bfba0a5e6e88e52827fb4478853d37518a50477d2254f5056d181","size":2931,"artifact_path":"wandb-client-artifact://zg6zwpcy2z2x4ka2cetud2ixztkjf0v5a1h78am3j31tqsf18f48pr9bqu6q4u15x1khtuk9wxarzmeipuparg8woabfzx8l8ce50za4gg8s0hbqcx7e61cr3r3vykvc/confusion_matrix_table.table.json","_latest_artifact_path":"wandb-client-artifact://78hr0rdc9knyl9mrao9ezetk19cuj42ch7kibqrhvp50flcpyux8fwxiurxdfkpxvcflhm6p1dvfi0qbcoqo7he3vj39cn00jwo0758aglnw2nniv739g0r2qvvk2rgk:latest/confusion_matrix_table.table.json","path":"media/table/confusion_matrix_table_10_b648bc58493bfba0a5e6.table.json","ncols":3,"nrows":100,"_type":"table-file"},"_step":10,"val_loss":0.37473875599816375,"epoch":10,"mse_loss":0.15106649113644288,"val_mse_loss":0.18712658864518242}