{"accuracy":0.09996296296296296,"val_accuracy":0.1,"_timestamp":1.7413435609234068e+09,"_step":9,"loss":2.303664102606018,"_runtime":17.1214233,"epoch":10,"val_loss":2.303988849164071,"_wandb":{"runtime":17}}