{"_timestamp":1.7421908532625735e+09,"val_mse_loss":0.19344238497767366,"cross_entropy_loss":0.3433655645155133,"epoch":10,"val_loss":0.4820838350741423,"val_accuracy":0.8672,"loss":0.4287739326697608,"mse_loss":0.17437014848770407,"_runtime":93.7089567,"_step":10,"accuracy":0.8787962962962963,"val_cross_entropy_loss":0.3962093255598057,"confusion_matrix_table":{"_type":"table-file","sha256":"ae3673ae9316777162c5efd142837725b23424abf7bd9a5336f04cd6f1082953","size":2929,"artifact_path":"wandb-client-artifact://f5jhilwuby80dcqf0nmq3y8jup56e1rofknd1vfk7ziibwbz0e21euvyjv39yexxo5jso534ddd9prbp7tb3xzivnt15v5gdwm8pz9kym6apwivyf5wkrbpcfac1kz2k/confusion_matrix_table.table.json","_latest_artifact_path":"wandb-client-artifact://bxa1mx6j7kri1n4wqn4t655n3rh9ha90zip93av62yr5lx5lug1avoye9hzt9zck1ogr3dj3h2xjrjb9xmgqux62xsgdxj3t29mzumoq902ev4m0rbzahi8sjw1d72a4:latest/confusion_matrix_table.table.json","path":"media/table/confusion_matrix_table_10_ae3673ae9316777162c5.table.json","ncols":3,"nrows":100},"_wandb":{"runtime":93}}