{"val_loss":2.3026349609202654,"loss":2.3026354049545286,"_wandb":{"runtime":9},"val_accuracy":0.1,"_timestamp":1.7412544474324417e+09,"epoch":5,"_step":4,"_runtime":9.4660397,"accuracy":0.10064814814814815}