{"confusion_matrix_table":{"ncols":3,"nrows":100,"_type":"table-file","sha256":"710d96615d7d0654f4b827680200af01108f2da0c36eef0d19694016d16dc824","size":2931,"artifact_path":"wandb-client-artifact://7yg912lve9tg9udyo3afwguapli1vsnii4zbkbl6ao3s9pvqrg17ipf144v19m37alxg8xowzd3bmej71wua2i42e9e834bp0bgurem7tmv1rv09vni8brcodie2wxts/confusion_matrix_table.table.json","_latest_artifact_path":"wandb-client-artifact://xrjv5w6x25oesk1ohg204i7mkukt8wqmxe6zg5afm16u8oxqe8q8kh2gitp017dfuy9mnvzi2a7zoa0rqkuhc1jsyc6yaeued3tgvw64lazpvgptayx5cdtnol1i7ys4:latest/confusion_matrix_table.table.json","path":"media/table/confusion_matrix_table_5_710d96615d7d0654f4b8.table.json"},"accuracy":0.8798703703703704,"loss":0.32581338750502237,"epoch":5,"_wandb":{"runtime":21},"val_accuracy":0.8711,"_timestamp":1.7421927201602647e+09,"_step":5,"_runtime":20.989171,"val_mse_loss":0.18631213858991075,"mse_loss":0.17098005345902492,"val_loss":0.3683060720911455,"cross_entropy_loss":0.32581338750502237,"val_cross_entropy_loss":0.3683060720911455}