{"_wandb":{"runtime":41},"epoch":10,"val_cross_entropy_loss":0.38469131419505675,"accuracy":0.8840185185185185,"_step":10,"_runtime":41.8327563,"val_accuracy":0.8611,"cross_entropy_loss":0.31767592893214897,"val_mse_loss":0.1982521818590447,"val_loss":0.4669777840944035,"loss":0.4002912254478595,"confusion_matrix_table":{"nrows":100,"_type":"table-file","sha256":"5600ce4104b60038ef27021baa1e058009d69dee77c4ac8616a30fa1792109f6","size":2934,"artifact_path":"wandb-client-artifact://3u61gfodrgapqqe2hh5ob1sjfo2dncge5wwttxvbacl3trjewwbfdeg1vjxbzzvi65ienb9ppgeewip3ozt8s359pmwpgzxscon0w190vrw18oh8g88uupj7r60kb3uq/confusion_matrix_table.table.json","_latest_artifact_path":"wandb-client-artifact://azeqphlbm2ozarmlh786ifik14xgkywpkwrmzr746robudnsr2bhmywf6btsmdky5s740i0o6uiupw8xynhcmgtoxzihb1tvf4ksm6zoksjl3t7aex5zkh8cji8t48d5:latest/confusion_matrix_table.table.json","path":"media/table/confusion_matrix_table_10_5600ce4104b60038ef27.table.json","ncols":3},"_timestamp":1.7421114945086143e+09,"mse_loss":0.16615224819917052}