{"accuracy":0.0977962962962963,"_step":5,"confusion_matrix_table":{"path":"media/table/confusion_matrix_table_5_e057170823602e16cc6d.table.json","ncols":3,"nrows":100,"_type":"table-file","sha256":"e057170823602e16cc6d65e01f04cd68537bdc19067d65140986d32eda76ff73","size":2912,"artifact_path":"wandb-client-artifact://ku6ov0mgtnd71qb5lllxbszd3zrz4xm6edjugcjkmriw6nlglck3qsw6v9gp727jjtxsh5si7g55u7dgkord9evnx1ws6srv76x0hmydiflpbu5b8qh986inf4sr3ozv/confusion_matrix_table.table.json","_latest_artifact_path":"wandb-client-artifact://g8hgfqmpumejszxxdvnz6n94q2nvoq48zjp1pjxisix8rgnaf40rzvzrib8xt0814bjqwybpvd1r9slrcr8enc3mzo41c0tt4yjiv5uzupctvulyirot67p3axwey446:latest/confusion_matrix_table.table.json"},"_wandb":{"runtime":11},"epoch":5,"_runtime":10.9899118,"val_loss":2.3044683461146875,"val_accuracy":0.1,"loss":2.304678042259686,"_timestamp":1.7415770225854187e+09}