{"_timestamp":1.7411517932523265e+09,"_runtime":4.9121338,"epoch":5,"_wandb":{"runtime":4},"_step":4,"val_accuracy":0.1095,"accuracy":0.1102962962962963,"val_loss":2.302914892000295,"loss":2.3026349549346}