{"epoch":10,"_timestamp":1.7411491266008737e+09,"_runtime":5.3733964,"_step":9,"_wandb":{"runtime":5}}