{"val_accuracy":0.0925,"_runtime":5.0666274,"_step":4,"_wandb":{"runtime":5},"epoch":5,"loss":2.3252341085422104,"accuracy":0.10083333333333333,"_timestamp":1.741153182710586e+09,"val_loss":2.32806575916584}