{"accuracy":0.8828703703703704,"loss":0.33175463073799255,"_wandb":{"runtime":35},"val_loss":0.38956197937844383,"val_cross_entropy_loss":0.38956197937844383,"confusion_matrix_table":{"nrows":100,"_type":"table-file","sha256":"322dccea85202cb0a8d446c855b92d06931a574f83fe5cfe38f84a70f3fd3cd4","size":2927,"artifact_path":"wandb-client-artifact://vrfx2lpdk92eqv67kqw29ho9k00mhe15cu6diyncqyjrzcdmj0baebz5v73dm40lnfve7s3wmnpuuwjxzmjip1awek6a0vmo2td4fctunf6uae91o4s79ucrggdb7rod/confusion_matrix_table.table.json","_latest_artifact_path":"wandb-client-artifact://urvfqczqb4m0x4rqr0tjsyyr90ppvci9fqisuaj5glf3kinm0kmfl9eghpagx1jm3j2txttk2m2ealjh5kw18nqvw75gd4gogu33cs8zb3081fwx2990ctlhxy8t8hwh:latest/confusion_matrix_table.table.json","path":"media/table/confusion_matrix_table_5_322dccea85202cb0a8d4.table.json","ncols":3},"epoch":5,"val_accuracy":0.8654,"cross_entropy_loss":0.33175463073799255,"mse_loss":0.17039474885393732,"val_mse_loss":0.19578073888587869,"_timestamp":1.7421057977877753e+09,"_step":5,"_runtime":35.4373067}