{"mse_loss":0.9000014352149259,"cross_entropy_loss":2.3025921777548577,"val_loss":2.3026016330242287,"accuracy":0.10027777777777777,"_timestamp":1.7421897911366737e+09,"_step":5,"loss":2.3026032351088466,"val_cross_entropy_loss":2.3025906079211773,"confusion_matrix_table":{"artifact_path":"wandb-client-artifact://f6rs79ev1olc3oq3kf5ugcpgor8lx2w93mj3n3ncm7epdfof94d6s00b4odd2kr4nmliubyek7p3iji5yqc3tyw51qkpd0e16tm93qajdmj7i25bqzhinfju9vz4jnsi/confusion_matrix_table.table.json","_latest_artifact_path":"wandb-client-artifact://js9z1squcr259zaejryej8nlsb9p0h6b7cram3pnhuynov21bdwy01uwavk0fp1qmczjc6j6br9q95p7kfyqf6abbh06xmkp2w7au5xfyo5wtrsj7iwrqrnk48jvasl5:latest/confusion_matrix_table.table.json","path":"media/table/confusion_matrix_table_5_e057170823602e16cc6d.table.json","ncols":3,"nrows":100,"_type":"table-file","sha256":"e057170823602e16cc6d65e01f04cd68537bdc19067d65140986d32eda76ff73","size":2912},"val_accuracy":0.1,"_wandb":{"runtime":19},"val_mse_loss":0.9000011243636121,"_runtime":19.8611444,"epoch":5}