{"_step":9,"loss":2.3248726657229963,"_wandb":{"runtime":13},"accuracy":0.10096296296296296,"val_loss":2.3247433783137725,"epoch":10,"_timestamp":1.741358212230279e+09,"val_accuracy":0.1,"_runtime":13.038792}