{"epoch":5,"_wandb":{"runtime":4},"loss":2.3037134163575557,"_runtime":4.5615706,"val_loss":2.304042233021241,"val_accuracy":0.10166666666666667,"_timestamp":1.7411532468833377e+09,"accuracy":0.10640740740740741,"_step":4}