{"mse_loss":0.15379352537709626,"_timestamp":1.7421112900156925e+09,"val_cross_entropy_loss":0.3802276424499793,"loss":0.29950028090753006,"val_mse_loss":0.18631224146174527,"_runtime":24.4129975,"accuracy":0.8948703703703703,"epoch":10,"confusion_matrix_table":{"sha256":"f69e10169c5e4636052ed236e2a12edac4288815ea2712f51260655e4a64fddc","size":2931,"artifact_path":"wandb-client-artifact://eae6iobahr6ni84tivbsa55k7rzepjkx9ks2vlloo4fjigfcqcp3nvp35l1lwiet3a1sjswti2i559yh6oh5uoa8tspmmr4v0bhi9kclrowvwpq1011jnvw5qruukjr9/confusion_matrix_table.table.json","_latest_artifact_path":"wandb-client-artifact://90064waebwo6kysulsd9uyh6trdw5z4ry3qlmdp505xuz5upt6m2jdqqsgyr5thmgqxehjr35ys9muw3luf9gz9a053bmq0wkmfx2vzg6f6nanwyyc110n16ww5lgn5f:latest/confusion_matrix_table.table.json","path":"media/table/confusion_matrix_table_10_f69e10169c5e4636052e.table.json","ncols":3,"nrows":100,"_type":"table-file"},"_wandb":{"runtime":24},"val_accuracy":0.8709,"val_loss":0.3802276424499793,"cross_entropy_loss":0.29950028090753006,"_step":10}