{"val_accuracy":0.764,"epoch":10,"_timestamp":1.741238971169019e+09,"_wandb":{"runtime":41},"accuracy":0.7715619442797866,"_runtime":41.0908118,"val_loss":9.528304482712628,"_step":9,"loss":8.441288915612633}