{"_timestamp":1.7415847498163178e+09,"confusion_matrix_table":{"_type":"table-file","sha256":"038e47a636cc70cae3659ea4a62bf14f8a431b4e7ee226c311d0c88cdd82eb15","size":2932,"artifact_path":"wandb-client-artifact://xsag3awl5pzqmosq2u86v0bg2maqk45mgtxty7sxi5seyogig2wmdopyh699eekjexirzzb2gl73dc4enmihxvaq0gzbetgh5sysvpxgjbomt2fws5q18p8fioh1iofo/confusion_matrix_table.table.json","_latest_artifact_path":"wandb-client-artifact://h5jr559wazzof8ljisjp9jigyiolj414eam4pbuackj12752g1uynksa7m8rpx20fyn0usrjlouo4z5glswtn4w7juidk5a88lm4qcbrtpxrelzyl5nek741es9chtla:latest/confusion_matrix_table.table.json","path":"media/table/confusion_matrix_table_5_038e47a636cc70cae365.table.json","ncols":3,"nrows":100},"_wandb":{"runtime":42},"_runtime":42.1422924,"cross_entropy_loss":1.9647399643289913,"val_mse_loss":0.7830981361341234,"loss":1.9647399643289913,"mse_loss":0.8220004360355572,"val_accuracy":0.3355,"val_cross_entropy_loss":1.8163071605249603,"val_loss":1.8163071605249603,"accuracy":0.2649074074074074,"_step":5,"epoch":5}