{"_step":10,"epoch":10,"_runtime":116.997523,"_wandb":{"runtime":117},"val_loss":0.3924856953579355,"val_cross_entropy_loss":0.3924856953579355,"loss":0.33106531898153885,"val_mse_loss":0.19656402828940028,"cross_entropy_loss":0.33106531898153885,"val_accuracy":0.865,"confusion_matrix_table":{"_type":"table-file","sha256":"b5dbae9a91005cbd73d554d75dc94952856e9a521fa7fb1af0432408454bed31","size":2935,"artifact_path":"wandb-client-artifact://6q4rhqb0a9sq57jrvozaz7o7h9w1nfl8j1wi192lstqkg18um2o33smr5ejgw8ve3x393s42f6y3ffax778feh7dru8ux0rikidc3990qjbm4jw4by4b1ejsihs2gnmw/confusion_matrix_table.table.json","_latest_artifact_path":"wandb-client-artifact://9ipx48d0js5el9cgzf9ihh5zfb4p4c2uxm82do9bl1i20bbfgbhbkedqjqdfw09uj1yjcbmrr6yqukjpjj3yfq3wka20oqlgatpfnhs7r2uc6zxc7gwxm1lxexuammpt:latest/confusion_matrix_table.table.json","path":"media/table/confusion_matrix_table_10_b5dbae9a91005cbd73d5.table.json","ncols":3,"nrows":100},"accuracy":0.8838703703703704,"mse_loss":0.16871888522828138,"_timestamp":1.7421059754932919e+09}