{"epoch":10,"accuracy":0.625,"val_loss":1.060598982676062,"val_accuracy":0.6163333333333333,"_runtime":12.4903362,"_step":9,"_timestamp":1.7411841706510963e+09,"loss":1.0872410006973308,"_wandb":{"runtime":12}}