{"_wandb":{"runtime":44},"loss":0.2527719820579115,"_step":10,"confusion_matrix_table":{"_type":"table-file","sha256":"b87dd75af453d08fb802c53979692850edd8479339ade589add7e0756bf224b1","size":2927,"artifact_path":"wandb-client-artifact://cv1m5o1wz7mclkxrohfgl7wwq19khcwtcfjrwzjqoomlalczu2m4n9caho6xrd0ct8atn3cdbaj964tnmqjq3ghq2oxi4eim8efzu81ccen5pqfrxphzqb1x79pie552/confusion_matrix_table.table.json","_latest_artifact_path":"wandb-client-artifact://2k3dwvni3hndnwetzg0ou4fb3a5xo7vb2pi5lggays3o3t8u85itgbvlpe0ft6p6zrsxvzh19vwzsep6pbwin1a9sr9iv8xj7lzgkujgmvowhazbkff10lhhrvotes0u:latest/confusion_matrix_table.table.json","path":"media/table/confusion_matrix_table_10_b87dd75af453d08fb802.table.json","ncols":3,"nrows":100},"cross_entropy_loss":0.2527719820579115,"val_loss":0.3381140570465319,"val_accuracy":0.8844,"_timestamp":1.7421951045667987e+09,"epoch":10,"_runtime":44.7597283,"val_cross_entropy_loss":0.3381140570465319,"val_mse_loss":0.1700456645540309,"accuracy":0.9068333333333334,"mse_loss":0.13441304650536662}