{"val_accuracy":0.10266666666666667,"accuracy":0.0997037037037037,"_timestamp":1.7411575969597616e+09,"_runtime":5.863084,"val_loss":2.3316559639184984,"epoch":5,"_wandb":{"runtime":5},"_step":4,"loss":2.333001566211617}