{"_wandb":{"runtime":7},"_step":4,"_runtime":7.9030777,"epoch":5,"accuracy":0.09927777777777778,"val_loss":2.3088544985158923,"val_accuracy":0.1,"_timestamp":1.7412409570928388e+09,"loss":2.3058708409719975}