{"val_accuracy":0.2251,"epoch":10,"_runtime":63.4828737,"_wandb":{"runtime":63},"val_loss":2.008794699376217,"_timestamp":1.7412365609707963e+09,"accuracy":0.22979030823947835,"_step":9,"loss":2.0068961217145302}