{"_runtime":7.6838519,"_wandb":{"runtime":7},"accuracy":0.22005555555555556,"loss":2.213814304836476,"val_loss":2.1956076308457955,"_timestamp":1.7411563075907884e+09,"_step":9,"val_accuracy":0.24716666666666667,"epoch":10}