{"mse_loss":0.16740246168245973,"val_cross_entropy_loss":0.4692351679453658,"_runtime":17.058267,"_timestamp":1.742192819016743e+09,"_step":10,"loss":0.4021207885820251,"val_accuracy":0.8409,"_wandb":{"runtime":17},"accuracy":0.8822592592592593,"val_mse_loss":0.2344117404631975,"confusion_matrix_table":{"size":2929,"artifact_path":"wandb-client-artifact://jh4dkd177uz3xvhaksohcrjw1fxwirmtiv83a4ebspy18aap2eytidmnhcubvlzpplhz3ckocxf4ut5t80xox82qutewo7ywxdatafrldghifvo89qbc4oxc62khvhk4/confusion_matrix_table.table.json","_latest_artifact_path":"wandb-client-artifact://qrdyr2gm5nf6d11u0188jvjnkhvz2onpzu1txjxhlnhuzr7wrfldfpazk4bv6e00yf2kw5sanz4dggn9t36jl4goqofqba78s7ia1vh30kgjk9umo4me5lp6f6kupqkh:latest/confusion_matrix_table.table.json","path":"media/table/confusion_matrix_table_10_b12096baf0b6697411d7.table.json","ncols":3,"nrows":100,"_type":"table-file","sha256":"b12096baf0b6697411d7fc29e1ccc86b132810ddd311cbd4eda250ed25e41825"},"val_loss":0.5504828332053332,"cross_entropy_loss":0.32102685053613506,"epoch":10}