{"val_loss":0.5224646595715388,"epoch":5,"loss":0.44340569972328064,"_wandb":{"runtime":4},"_step":4,"val_accuracy":0.8416,"_timestamp":1.7413463011596985e+09,"accuracy":0.8615,"_runtime":4.7417743}