{"_timestamp":1.7411547212155166e+09,"accuracy":0.0997037037037037,"loss":2.3146927720696993,"val_accuracy":0.10266666666666667,"val_loss":2.3106294712808935,"_step":9,"_wandb":{"runtime":5},"_runtime":5.7839271,"epoch":10}