{"_wandb":{"runtime":7},"val_loss":2.4322774951697634,"_runtime":7.453464,"val_accuracy":0.1105,"_step":9,"loss":2.4467866388382378,"_timestamp":1.741155583993566e+09,"epoch":10,"accuracy":0.11075925925925927}