{"val_loss":0.3505068351946575,"val_cross_entropy_loss":0.3505068351946575,"val_mse_loss":0.17438438605022347,"cross_entropy_loss":0.25945028947573373,"loss":0.25945028947573373,"_runtime":42.2319169,"epoch":10,"mse_loss":0.13675536537118754,"_timestamp":1.741590661129968e+09,"accuracy":0.9061481481481481,"_step":10,"val_accuracy":0.8811,"_wandb":{"runtime":42},"confusion_matrix_table":{"ncols":3,"nrows":100,"_type":"table-file","sha256":"e7910eb381796586ff02885ea9152885b8c1c486d4d0cc993442ec781f152d22","size":2929,"artifact_path":"wandb-client-artifact://rn6nt080jjni8lq2njedpge2dlq7jta3el80wqzg8k2ls9x4w4qi7ygkph80zd8b3maf6xcq4dys9u5fm111j6bkhkx6ff7mglgkz36wpirpijoxg6shte73hg13bcbb/confusion_matrix_table.table.json","_latest_artifact_path":"wandb-client-artifact://iwjuy84008iqb4zlrtl3qefm2v96d7s30xaz54j62j5vcdcufucm2gzrw5gtxxzk6hh2zfyrqq0hoiflbvtub9umt47lo9a99i9y1tsf4kvspi3dzgdbv57h7qd4ef1r:latest/confusion_matrix_table.table.json","path":"media/table/confusion_matrix_table_10_e7910eb381796586ff02.table.json"}}