{"confusion_matrix_table":{"size":2912,"artifact_path":"wandb-client-artifact://m9u92tg1wuataak7e2t93sfpbl5sw3m3cflhgvd9lsrgf109wua4ansxs2nc02w2a8pkrjf0394sp8fkq4fibnl8ufy2k9xc0i1dzvpi144ew6co1y99gfjyeg7fr408/confusion_matrix_table.table.json","_latest_artifact_path":"wandb-client-artifact://pa9h6y5blltsfzkgvkw80blkbbs4gwpqm96cb86o33hj5gjen16cjv6lq8m2adfjthokjna59pftwcr8mvg1mzcgdrnhym2kw9a6jfy1me501vcowt27kd6lr1nl55m2:latest/confusion_matrix_table.table.json","path":"media/table/confusion_matrix_table_10_fde76a3ad560a8d9e3d8.table.json","ncols":3,"nrows":100,"_type":"table-file","sha256":"fde76a3ad560a8d9e3d8af65329ead9e0fc5eb7c4f2377967c2e27d07ba92fba"},"_step":10,"val_cross_entropy_loss":2.3026159480460846,"val_mse_loss":0.9000061789548954,"cross_entropy_loss":2.302729762480334,"_timestamp":1.7421043011956823e+09,"loss":2.4905186272552147,"mse_loss":0.9000289520894584,"accuracy":0.09824074074074074,"_wandb":{"runtime":70},"val_loss":2.434087651914085,"_runtime":70.2036162,"val_accuracy":0.1,"epoch":10}