{"_step":10,"cross_entropy_loss":2.3026093560336363,"epoch":10,"mse_loss":0.9000048739356599,"_timestamp":1.7415851040830162e+09,"val_mse_loss":0.9000027709508475,"_runtime":37.1149504,"val_accuracy":0.1,"_wandb":{"runtime":37},"accuracy":0.09872222222222223,"val_cross_entropy_loss":2.302598820815902,"loss":2.302629610238169,"confusion_matrix_table":{"nrows":100,"_type":"table-file","sha256":"fde76a3ad560a8d9e3d8af65329ead9e0fc5eb7c4f2377967c2e27d07ba92fba","size":2912,"artifact_path":"wandb-client-artifact://v0wlcpi91bcnhib1l3sgk30m3orc4wue2l2mzsk9y78dbp6l5bkycf1ukc3h44x7to3tky2bnyxfrgzd0xi7nc79vi3zec2e6c8slyvgo2bq1kymj7bqe4b9t5acjns3/confusion_matrix_table.table.json","_latest_artifact_path":"wandb-client-artifact://3cnd6whsrw7xfprzfhvildylvp6muoy1rqe0c82eextqlapuabutt3mp1x1piabr7ti17qkift20hu2yi9m9gjcyrqmatssyinbip2zteuig2dku6dpt05frco32fsyr:latest/confusion_matrix_table.table.json","path":"media/table/confusion_matrix_table_10_fde76a3ad560a8d9e3d8.table.json","ncols":3},"val_loss":2.302616512443888}