{"_step":4,"accuracy":0.7058518518518518,"val_loss":0.9683283985537786,"loss":0.9470413159321077,"val_accuracy":0.7006,"_wandb":{"runtime":33},"epoch":5,"_timestamp":1.741345169183904e+09,"_runtime":33.0860264}