{"val_loss":0.7727601649488708,"_runtime":12.1339011,"_wandb":{"runtime":12},"accuracy":0.7430185185185185,"_step":9,"loss":0.7667897141680836,"epoch":10,"val_accuracy":0.7396,"_timestamp":1.7412575340618134e+09}