{"accuracy":0.8858888888888888,"loss":0.379687906067589,"mse_loss":0.16484281097709505,"confusion_matrix_table":{"path":"media/table/confusion_matrix_table_10_d4f3334dd3a237cf0696.table.json","ncols":3,"nrows":100,"_type":"table-file","sha256":"d4f3334dd3a237cf06967c06777f5c1bea5c08886e23ae92a24f08b31cca0b7b","size":2932,"artifact_path":"wandb-client-artifact://yeolr6ieodqwfpczrbtq3mqr81cc3nu5o041wu9bbbnbqy1tggdy1egt7gpfpghp3fhe79pya3pu36w6oer36cut0fqf6syjvcb0th261kubccxczenb3nlzrl65qtiv/confusion_matrix_table.table.json","_latest_artifact_path":"wandb-client-artifact://zgvzab3b7w4zh3gc30ijal0e30wi9hohf9lmu1x2iadbny24286n55dg8gbohtm2ls3frqsqzxczd8nybi686w1k8a1rks2nr7z9mg4848i0op3zp82jhvl9pvmgv02n:latest/confusion_matrix_table.table.json"},"_step":10,"cross_entropy_loss":0.31952156417729943,"epoch":10,"_timestamp":1.7421074679348822e+09,"val_mse_loss":0.2019680040646584,"val_cross_entropy_loss":0.4000900943090016,"_wandb":{"runtime":14},"val_accuracy":0.8604,"_runtime":14.4751683,"val_loss":0.46059950389192506}