{"val_mse_loss":0.18763222742675809,"epoch":10,"_runtime":52.3966586,"val_loss":0.37643829506793713,"val_cross_entropy_loss":0.37643829506793713,"val_accuracy":0.8704,"_wandb":{"runtime":52},"loss":0.26279374630162433,"_step":10,"cross_entropy_loss":0.26279374630162433,"confusion_matrix_table":{"path":"media/table/confusion_matrix_table_10_269074082bb111f09767.table.json","ncols":3,"nrows":100,"_type":"table-file","sha256":"269074082bb111f097670851bb42929fb5db45a58a1081a8dfdfe5076f9c85af","size":2930,"artifact_path":"wandb-client-artifact://msa55pffweas9ccb5hxzp09rpv45b0dn5yolc7dplghf59qeolbzxtghcb60mxwqgiccq6v1dda620bc6mrrnda1c4yyzidxcjlgwvdczefulaestzqyev88hmr4xh5g/confusion_matrix_table.table.json","_latest_artifact_path":"wandb-client-artifact://me1fzl4d9m5tj9vvn0ffwukxm2u2e28qog6s0y9kxbmxr3muhgjtal24ubbzmxnzf2wb3w3fdkzd1eadpulpe3l4tdea3xsz4cd94loyg0ygyq9b47z179s5luts30pq:latest/confusion_matrix_table.table.json"},"accuracy":0.9036481481481482,"_timestamp":1.7421963058583434e+09,"mse_loss":0.13937891971440744}