{"val_loss":0.8638898402464843,"epoch":5,"val_accuracy":0.6833,"loss":0.8801645072877002,"accuracy":0.6892777777777778,"_wandb":{"runtime":10},"_runtime":10.3666143,"_step":4,"_timestamp":1.741252865677822e+09}