{"accuracy":0.09938888888888889,"_wandb":{"runtime":4},"val_accuracy":0.1055,"_step":9,"epoch":10,"_timestamp":1.7411548855654073e+09,"val_loss":2.4354144152405226,"_runtime":4.5483263,"loss":2.434597706237793}