{"epoch":5,"_timestamp":1.7415775213058584e+09,"val_accuracy":0.1,"_wandb":{"runtime":6},"_runtime":6.7099082,"accuracy":0.09964814814814815,"val_loss":2.304958775599323,"confusion_matrix_table":{"artifact_path":"wandb-client-artifact://zbxz6m3eji6jov66obc2sytycpxnadgdo16zsp7ngijgx2tet0fv9me1v5rqbxhb5na27la0aemzw61h8f438w1vl4ya0p0dpam00eg3zbd52xiqxwmhlcricrya7bwa/confusion_matrix_table.table.json","_latest_artifact_path":"wandb-client-artifact://8bjqa2833rib3622tgj228ycr5j88l8x8av5te9cgk61cf2ghthl0b2p1qjsb4nyq5eofn0ocj2eece975o4ez2y8pz0pz0fdpftntleb4u6ercbfyaqvu4vrh4cvmcf:latest/confusion_matrix_table.table.json","path":"media/table/confusion_matrix_table_5_e057170823602e16cc6d.table.json","ncols":3,"nrows":100,"_type":"table-file","sha256":"e057170823602e16cc6d65e01f04cd68537bdc19067d65140986d32eda76ff73","size":2912},"_step":5,"loss":2.30493854511896}