{"loss":1.7436137191493941,"accuracy":0.29927777777777775,"val_loss":1.4518209641090865,"_step":9,"_wandb":{"runtime":23},"epoch":10,"val_accuracy":0.4221,"_timestamp":1.7412345171924365e+09,"_runtime":23.389129}