{"_timestamp":1.742194803439594e+09,"_step":10,"cross_entropy_loss":0.34349055623917,"epoch":10,"loss":0.43944171071406324,"_wandb":{"runtime":41},"_runtime":41.3666119,"val_loss":0.5025294833849558,"val_mse_loss":0.20667924618374672,"val_accuracy":0.8563,"confusion_matrix_table":{"ncols":3,"nrows":100,"_type":"table-file","sha256":"85ea27ebe1dc5a461db0f86a427b88f3b9a04dc07fa8fc526b86190deb032d37","size":2932,"artifact_path":"wandb-client-artifact://m0dviz21m794aejgiyr1elhwbmc6zq9gs43mle0qurkmv32rw820wza0ysjalreci9ywle1k5c4diib02rb8b8fopllo08hckee929jb6tosyraakksz246lfvzm9zzm/confusion_matrix_table.table.json","_latest_artifact_path":"wandb-client-artifact://6axiyfjbn64i7pd9zdpxt4jah6swnvzfcl26nsb1x0mbkhf3gepugun4btd8m47qi3r06lgo28mbfgkeonxgxyeeqbrs5ai613quxkbzwov0r5qaryvnq366rr5auyev:latest/confusion_matrix_table.table.json","path":"media/table/confusion_matrix_table_10_85ea27ebe1dc5a461db0.table.json"},"val_cross_entropy_loss":0.407197635168191,"mse_loss":0.18006734914824338,"accuracy":0.8733703703703704}