{"mse_loss":0.1746664286981119,"confusion_matrix_table":{"_type":"table-file","sha256":"d7f2503e42ab375d2e29d856d5c71f921310caa89239a32bc759e5ed9fe8c479","size":2937,"artifact_path":"wandb-client-artifact://iclub3oevvy8802h4nmyaftovapybxkcyccudglxzsqclxp1qznx4il0hszjghd1mnrl8hbl2s4yacoojshmuwlcoecqdqxfivzhypuqs7ii9ld39lggfi5zr7rhhk7x/confusion_matrix_table.table.json","_latest_artifact_path":"wandb-client-artifact://r5k327yk6cr4utpe9zhg4y6j0hdo5db9w386exh6yr9itrc1eq95f2vymj8nh1f9ebdti14hih3v7au12cijmht9pzlzptzqsi4353vpukttm5lf07wavyycuul20jdx:latest/confusion_matrix_table.table.json","path":"media/table/confusion_matrix_table_5_d7f2503e42ab375d2e29.table.json","ncols":3,"nrows":100},"val_loss":0.4264633540846931,"_timestamp":1.742196517061298e+09,"cross_entropy_loss":0.3390872745317916,"accuracy":0.8772777777777778,"_runtime":18.0674988,"_wandb":{"runtime":18},"loss":0.3390872745317916,"epoch":5,"val_mse_loss":0.2096899027970961,"_step":5,"val_cross_entropy_loss":0.4264633540846931,"val_accuracy":0.8578}