{"epoch":5,"accuracy":0.10574074074074075,"_timestamp":1.7415767943519952e+09,"val_loss":2.3267474591134145,"confusion_matrix_table":{"nrows":100,"_type":"table-file","sha256":"e057170823602e16cc6d65e01f04cd68537bdc19067d65140986d32eda76ff73","size":2912,"artifact_path":"wandb-client-artifact://levh4yaia99qd1w92qzskylnt1kbsiz4ofr3sjxch4dl2qpjuw0ixjc62gg91ubl1rqo9wmune8xx13tx03zxiuyb1edqq867nhc0eafwhp8bhzgcc3b1st72ojnm8dr/confusion_matrix_table.table.json","_latest_artifact_path":"wandb-client-artifact://l7mqq9620o1vwjcp2x9tf6ywstzp3aqpmwuj7wj1z64myilpj54cco8clf9onz192e90eg0qisb2tielbwvq7hwfljvzhdwmstrxlagzws0x1pzsobrp8ihb5it2z6x8:latest/confusion_matrix_table.table.json","path":"media/table/confusion_matrix_table_5_e057170823602e16cc6d.table.json","ncols":3},"val_accuracy":0.1,"_runtime":5.9706496,"loss":2.326839013899033,"_wandb":{"runtime":6},"_step":5}