{"loss":0.3636502626126519,"val_accuracy":0.8673,"mse_loss":0.18044318320824576,"epoch":5,"_timestamp":1.742105705382591e+09,"accuracy":0.8779259259259259,"val_cross_entropy_loss":0.40844795565746406,"_runtime":59.895499,"cross_entropy_loss":0.3636502626126519,"val_mse_loss":0.1953613677398183,"_wandb":{"runtime":59},"val_loss":0.40844795565746406,"_step":5,"confusion_matrix_table":{"path":"media/table/confusion_matrix_table_5_be232aada4daf0ef1f81.table.json","ncols":3,"nrows":100,"_type":"table-file","sha256":"be232aada4daf0ef1f81239b0a50eb27b6f2c7a1a3fdeb9eceef85215dd5669b","size":2934,"artifact_path":"wandb-client-artifact://gcv14et9lgesg49hgwuqcp11b3gkv7oydqd2zg4rsvxpukabkkzau34a94d5ojdjzgtv64reuhf3difu5i9nt1e82kpkydmhxqnbfnrztnnvzkuwn5gs2gwsx3pxe7vi/confusion_matrix_table.table.json","_latest_artifact_path":"wandb-client-artifact://hwmnpxkpypg5cql4195bxjo9rrx3fsqw843sg15qhtotx8c90h2ycxakhl56deov65ruj1jf01bnjnij5d7gdzhkrtbzecj6ejpvbjgg0zs2qs49x0d4t05eiw4wqsb0:latest/confusion_matrix_table.table.json"}}