{"val_loss":2.3026915416231772,"val_accuracy":0.09733333333333333,"_step":9,"epoch":10,"loss":2.3056325682423666,"_runtime":7.6606502,"accuracy":0.1002962962962963,"_timestamp":1.7411539031937032e+09,"_wandb":{"runtime":7}}