{"accuracy":0.09942592592592593,"_timestamp":1.7411548328367755e+09,"val_loss":2.310456239613456,"val_accuracy":0.10433333333333333,"_step":9,"_wandb":{"runtime":5},"loss":2.3129006858690997,"_runtime":5.7259196,"epoch":10}