{"val_accuracy":0.8637,"_timestamp":1.7415893310468845e+09,"confusion_matrix_table":{"path":"media/table/confusion_matrix_table_5_45204da891a8b68a1ba7.table.json","ncols":3,"nrows":100,"_type":"table-file","sha256":"45204da891a8b68a1ba7035bb610899de86bd7df7096b0cf8c3942a405a05114","size":2932,"artifact_path":"wandb-client-artifact://5tbjktm959vtadtdmold0nhu04wzsb66uysrpb7cl9fdhq64ohthxqw4dbvzrzqdsww2bjo0zyinn4vkyu4w360pmqa6vpdbazady9f95n4l9zngdhuqoxj3qnm0qibf/confusion_matrix_table.table.json","_latest_artifact_path":"wandb-client-artifact://5770h2mm1xrd81bgch97lppghnoo30qwm7e0lzk55i2x890i2slq4yva1wcfryl5dgt6l6yp70542ltjg3ftz8zbvhxept85nldctxbqnbgyl22zghpvf82i22t8js35:latest/confusion_matrix_table.table.json"},"val_mse_loss":0.1942459683375083,"val_cross_entropy_loss":0.3737950734493384,"mse_loss":0.18085980834726015,"accuracy":0.873462962962963,"_wandb":{"runtime":26},"_runtime":26.2439568,"loss":0.43753561535754804,"_step":5,"epoch":5,"cross_entropy_loss":0.34735389912833153,"val_loss":0.46231550244046826}