{"_runtime":19.8299533,"epoch":10,"val_loss":0.8516150651250886,"_step":10,"val_accuracy":0.679,"_timestamp":1.741577295520744e+09,"accuracy":0.6792407407407407,"loss":0.857669939353245,"confusion_matrix_table":{"size":2944,"artifact_path":"wandb-client-artifact://51yjuudc4nki4fvjf2wri1dei3tfke88cuiq8mrb0o5ujsebcb3aox4ks0mbd8mg1bnaimahwktucahtljz9o3mk8lvircaktw965dtck97uaro6gs7vjgo0tjzbw43i/confusion_matrix_table.table.json","_latest_artifact_path":"wandb-client-artifact://zmg2g5ec32qf2dr7zf8pmh8a9z7cgnqc020rlgrzx80fz1u72obsvwmd9c81p2svx8bflogqofqfwae0znyiyt8u9k41sge6ptncn6hfek0iv4mn6cuo3anjp9dws0c0:latest/confusion_matrix_table.table.json","path":"media/table/confusion_matrix_table_10_7692108d3dbbf13de95b.table.json","ncols":3,"nrows":100,"_type":"table-file","sha256":"7692108d3dbbf13de95b2238265b6c3da2a4be5bc37a35a7e632560b954978f6"},"_wandb":{"runtime":19}}