{"val_cross_entropy_loss":0.3781047166430024,"_timestamp":1.7421948902841835e+09,"_runtime":80.4103603,"val_mse_loss":0.1858374947097183,"mse_loss":0.15113609483470997,"_wandb":{"runtime":80},"loss":0.29562622875470934,"confusion_matrix_table":{"nrows":100,"_type":"table-file","sha256":"800137d88ca0e9e08177ae220a818e8372eaec391374445d379ae1b99950c9d1","size":2928,"artifact_path":"wandb-client-artifact://fom4twap77txg78py0gd9j9vr7tb8exlqynwdm2nni9axb85jxyhbo69rr8cu90rw5yqtzj5awjk8dclt8iswxvonf44nw98i0yi4nqu21x5yzf0ti70bt8lnqdthn5a/confusion_matrix_table.table.json","_latest_artifact_path":"wandb-client-artifact://ghobvy5lflih4q1tyh8xbwpssloclomj4q6s10iuhi8h5f5qhnh97ycxbrq07h4kbqz997du1mdusf96dc3zb1bzotz19qzase2eohmf4p2vs1e5ev9ehyavk0qlsfnd:latest/confusion_matrix_table.table.json","path":"media/table/confusion_matrix_table_10_800137d88ca0e9e08177.table.json","ncols":3},"_step":10,"cross_entropy_loss":0.29562622875470934,"accuracy":0.8967962962962963,"epoch":10,"val_accuracy":0.8764,"val_loss":0.3781047166430024}