{"mse_loss":0.20215950187901596,"_step":5,"val_mse_loss":0.217807001980112,"val_accuracy":0.8467,"loss":0.4842257663561625,"cross_entropy_loss":0.39864688204312126,"_timestamp":1.7415896581281567e+09,"confusion_matrix_table":{"_type":"table-file","sha256":"0406ffd6def41e827803bf1df3877d60c580e1f0558d64a6c1ad545539e375a4","size":2934,"artifact_path":"wandb-client-artifact://uc3nk7s96e90ahlxhdoim4zyd09uoepttd1c9278ckgkznllsh9uz3yfw2d6ja969hxliqfy4y7y8khr2qrl1h73r7pe2npx2uqyan8li8jan38e0vnwlwup8trun1al/confusion_matrix_table.table.json","_latest_artifact_path":"wandb-client-artifact://g2j58j82vhzpc6yvio8ca24qam125yqqry93s21arpd7u4qcfcsbp4i90dwivs8m82ronjo2ncwd1szbckvqwlll64ni5b9o0bg8lin5rrxtvq6mxn0d7tjdv7psjmlc:latest/confusion_matrix_table.table.json","path":"media/table/confusion_matrix_table_5_0406ffd6def41e827803.table.json","ncols":3,"nrows":100},"val_loss":0.5128034480105912,"_runtime":10.1372799,"epoch":5,"_wandb":{"runtime":10},"accuracy":0.857537037037037,"val_cross_entropy_loss":0.4273078745085579}