{"val_accuracy":0.1,"mse_loss":0.900203325282727,"_wandb":{"runtime":88},"loss":2.3037020092933087,"accuracy":0.10033333333333333,"_runtime":88.2018918,"_step":10,"_timestamp":1.7415852868647382e+09,"epoch":10,"val_mse_loss":0.9000578041642788,"val_loss":2.3029193030090065,"cross_entropy_loss":2.3035987180692974,"val_cross_entropy_loss":2.3028752247296986,"confusion_matrix_table":{"path":"media/table/confusion_matrix_table_10_3a5e256cb12d2d5189da.table.json","ncols":3,"nrows":100,"_type":"table-file","sha256":"3a5e256cb12d2d5189da1c363d9fd263bbd628492564bad9d615d9c78283fc84","size":2912,"artifact_path":"wandb-client-artifact://kindwfxi44qm2rbm8qfjljtin9ww1ykte2r00izvjc938677ia064h5vpo3k7yr9po6n5tjsciyf6ifmkmyxamiskznd9jj4mplpn37qwygkmc0f2rh6m2lnp6qsam0d/confusion_matrix_table.table.json","_latest_artifact_path":"wandb-client-artifact://ulceeuj4att7f0wdifs78h72pbwi1sr9btd4k72dvp30ybspke4sskpgdbiq63s2y9fv75wqma1vf95yjn5moigjyy7v3lyixae3n7ydqxo1p2xn4mfkrj1fvd922t15:latest/confusion_matrix_table.table.json"}}