{"val_loss":0.49445687647571873,"_runtime":21.3038676,"_step":9,"loss":0.44502911656612215,"accuracy":0.8786851851851852,"_timestamp":1.7413684423970265e+09,"val_accuracy":0.8614,"_wandb":{"runtime":21},"epoch":10}