{"_wandb":{"runtime":12},"val_accuracy":0.2016,"epoch":10,"_runtime":12.3030911,"accuracy":0.19863335310399366,"loss":1.8687616773287905,"val_loss":1.8434978821690486,"_step":9,"_timestamp":1.7412415939066157e+09}