{"val_loss":2.3027471717582326,"_timestamp":1.7412558222232113e+09,"accuracy":0.09994444444444445,"_wandb":{"runtime":11},"_step":4,"val_accuracy":0.1,"epoch":5,"loss":2.3028874118356173,"_runtime":11.281494200000001}