{"accuracy":0.8981481481481481,"confusion_matrix_table":{"ncols":3,"nrows":100,"_type":"table-file","sha256":"6161793f5f096512490455b36d23f639398740c1bd79fdc67ebce3ca46488667","size":2932,"artifact_path":"wandb-client-artifact://9huxh0scytsp6ectf3rysxjnsv6r3sp8fzrm0ywhbqj3urcpgk2c4rhsy09xvqjqnu2lwsy9rmdzdc198tbbpfhtglssdxqphfk2rv7m467cjbyh7vvqt4x2znt0ffix/confusion_matrix_table.table.json","_latest_artifact_path":"wandb-client-artifact://ske0wm6v9uco2pctglry3n46y7raqm9od7ya04e5v0ykrdgwt55fmq1sus5lb038of8ntydtahkfvm6w0eo6y7ralh6hszp39zbfykuh0rj6kzlg4khwibwawlv0uk7l:latest/confusion_matrix_table.table.json","path":"media/table/confusion_matrix_table_10_6161793f5f0965124904.table.json"},"_runtime":17.4970251,"mse_loss":0.14753070915969857,"loss":0.28249764438562186,"epoch":10,"_wandb":{"runtime":17},"_timestamp":1.7421922153175435e+09,"cross_entropy_loss":0.28249764438562186,"val_cross_entropy_loss":0.3730561869439925,"val_accuracy":0.8667,"val_mse_loss":0.19082052452328152,"val_loss":0.3730561869439925,"_step":10}