{"_runtime":11.2435645,"_wandb":{"runtime":11},"_timestamp":1.741242039142015e+09,"epoch":5,"val_loss":2.3138895971776567,"_step":4,"loss":2.3335118885531183,"val_accuracy":0.1,"accuracy":0.09932572614107883}