{"loss":0.3743904462873519,"_wandb":{"runtime":15},"accuracy":0.8677407407407407,"val_loss":0.4139683935525288,"cross_entropy_loss":0.3743904462873519,"val_cross_entropy_loss":0.4139683935525288,"_timestamp":1.7421976918272228e+09,"_step":10,"epoch":10,"val_accuracy":0.8552,"confusion_matrix_table":{"nrows":100,"_type":"table-file","sha256":"a5cdd0cb534dfb1d80d8e6700c506c0152ed1e537bba78cd88f57dfbc69f926d","size":2935,"artifact_path":"wandb-client-artifact://nr58hdrcztfw10xdslgozk510q35oh861u56sg3dw4l11dj8p8hbv90onuz82v15yawk8airclt7c6k2qllp13f92nw2pncjd7e5pezebvru93yq0glat7bw856fzqzp/confusion_matrix_table.table.json","_latest_artifact_path":"wandb-client-artifact://q1dc9m5b4xeq8qc20bnzc1b96njzioxwsye747rakibog93zqt7w4o5bwtjha8p4mtk1d3aqg5eezz5thuismvy914eszytoeqabbexdyjbsno9vsvdrfalfqyn58yvy:latest/confusion_matrix_table.table.json","path":"media/table/confusion_matrix_table_10_a5cdd0cb534dfb1d80d8.table.json","ncols":3},"mse_loss":0.18932431971238586,"val_mse_loss":0.20958826405095551,"_runtime":15.137334}