{"val_loss":2.3260744854074575,"loss":2.326094887771829,"accuracy":0.09914814814814815,"val_accuracy":0.1,"_runtime":11.2155312,"_wandb":{"runtime":11},"_step":10,"epoch":10,"confusion_matrix_table":{"artifact_path":"wandb-client-artifact://8sx6zqz1bu6xitk9yh6r4t0u8sg5w7pqrk4ze1pxnacrdi59hrsmowmahkarve3hiaj0r3uvpvmrbyiws5cm4my44jffqvzzxoh3dmkaxtqo1fozg43i25la5wdt1daq/confusion_matrix_table.table.json","_latest_artifact_path":"wandb-client-artifact://kw4mb21xv523lise9y80wl7i11n2igz86do3mac45pqzn1t7kz2faf8nx90k7jddnrmbossju7i6bhqfpnm97jbwvlooiay78g0lh21ckyp3pm6jvixe8rb1zrznqj47:latest/confusion_matrix_table.table.json","path":"media/table/confusion_matrix_table_10_e057170823602e16cc6d.table.json","ncols":3,"nrows":100,"_type":"table-file","sha256":"e057170823602e16cc6d65e01f04cd68537bdc19067d65140986d32eda76ff73","size":2912},"_timestamp":1.741576815570649e+09}