{"_wandb":{"runtime":38},"epoch":5,"_timestamp":1.7415881936763256e+09,"_step":5,"val_accuracy":0.8583,"accuracy":0.87,"mse_loss":0.1857681887777167,"val_loss":0.5408974322538487,"cross_entropy_loss":0.36308173991304277,"val_cross_entropy_loss":0.4000754590935684,"_runtime":38.4066647,"val_mse_loss":0.20242288368042158,"loss":0.5051432557207924,"confusion_matrix_table":{"_type":"table-file","sha256":"b4fb9b6ccec6a3b483c51f350996beb0af4f5e6e173d73f5680f5e70be636988","size":2930,"artifact_path":"wandb-client-artifact://it0l5jv3aniezf85sq0694v85x6n99oj2u1112318fwnf2tv9qiw6dbjkwsyis69ta4x2szetum1c478irs53aeg4feqiy90jo7mipjdi4w2bparzmcdgua5url6u36c/confusion_matrix_table.table.json","_latest_artifact_path":"wandb-client-artifact://km6l9s2dtjccopqcgdq8gm03t5l9t5e4orkb7im3l5yoep251ospp6604gfcm628277xc3lp45rohtpe3q6rsb8tu5zbku3q9tvoms7xh4j41l0ahsf2g8m8dfhwfgck:latest/confusion_matrix_table.table.json","path":"media/table/confusion_matrix_table_5_b4fb9b6ccec6a3b483c5.table.json","ncols":3,"nrows":100}}