{"_timestamp":1.7413462926243834e+09,"_wandb":{"runtime":6},"_runtime":6.8871113,"val_loss":0.7728837775416929,"val_accuracy":0.705,"epoch":5,"loss":0.7907548626759492,"_step":4,"accuracy":0.6936851851851852}