{"loss":0.46652254710793983,"val_accuracy":0.8422,"accuracy":0.855037037037037,"_wandb":{"runtime":13},"_step":9,"epoch":10,"val_loss":0.5021680688862513,"_timestamp":1.741362678800538e+09,"_runtime":13.549760299999999}