{"epoch":5,"_timestamp":1.7411541857648952e+09,"accuracy":0.10157407407407408,"val_loss":2.3588530168165525,"val_accuracy":0.10983333333333334,"_step":4,"_wandb":{"runtime":5},"loss":2.3691580747634347,"_runtime":5.788794}