{"_runtime":7.1841831,"epoch":10,"loss":2.297353745202909,"_step":9,"accuracy":0.13722222222222222,"val_accuracy":0.154,"_wandb":{"runtime":7},"val_loss":2.296425963493516,"_timestamp":1.7411574914287064e+09}