{"_timestamp":1.7415345966772237e+09,"val_loss":2.2932449848432626,"epoch":10,"val_accuracy":0.2292,"_wandb":{"runtime":12},"_runtime":12.610735,"loss":2.2957032081122426,"_step":9,"accuracy":0.2415}