{"_timestamp":1.7412420225247076e+09,"epoch":10,"loss":2.303953408347484,"val_loss":2.302592026359202,"val_accuracy":0.1,"_wandb":{"runtime":21},"accuracy":0.10091879075281565,"_step":9,"_runtime":21.1724567}