{"val_loss":2.381235279832247,"_step":9,"_timestamp":1.741364443500425e+09,"loss":2.3838348395879865,"_runtime":12.7783003,"val_accuracy":0.1,"epoch":10,"accuracy":0.0997037037037037,"_wandb":{"runtime":12}}