{"_timestamp":1.7411575865689225e+09,"_step":4,"_wandb":{"runtime":7},"val_loss":2.094109725317346,"accuracy":0.3169444444444444,"val_accuracy":0.3505,"epoch":5,"_runtime":7.1111665,"loss":2.1444278637213525}