{"val_accuracy":0.1,"_step":9,"_wandb":{"runtime":13},"accuracy":0.10003703703703704,"_timestamp":1.7412500025185668e+09,"_runtime":13.0014539,"loss":2.3026006157660492,"val_loss":2.3025942049837123,"epoch":10}