{"loss":2.3017930262101784,"val_loss":2.301661852683097,"_wandb":{"runtime":6},"epoch":10,"accuracy":0.1456111111111111,"_timestamp":1.7411543039151514e+09,"val_accuracy":0.14383333333333334,"_runtime":6.1165672,"_step":9}