{"_step":4,"_runtime":7.1911702,"_wandb":{"runtime":7},"val_accuracy":0.1132,"epoch":5,"_timestamp":1.7412497459983602e+09,"val_loss":2.3679625191618143,"loss":2.3736781799169275,"accuracy":0.12257407407407407}