{"_wandb":{"runtime":24},"val_loss":0.4350618667604467,"_step":5,"val_mse_loss":0.21487454687245616,"mse_loss":0.18497217302326555,"val_accuracy":0.8526,"val_cross_entropy_loss":0.4350618667604467,"_runtime":24.4529974,"cross_entropy_loss":0.37045919034868685,"confusion_matrix_table":{"_latest_artifact_path":"wandb-client-artifact://7i02fnwegnerjay3sbj5637i1crqt3d5534l8xoq1kwkoiuteckb3obt8g3rxijgc5fcv4dbalpondrhexyttf10akcsbkonki15ypjldmd7bmvk1e2rjcf93ry3etrw:latest/confusion_matrix_table.table.json","path":"media/table/confusion_matrix_table_5_89f0057cea651bb4c835.table.json","ncols":3,"nrows":100,"_type":"table-file","sha256":"89f0057cea651bb4c835ab127ef899a73d60bad72f7df0eee7a3573c3a447637","size":2929,"artifact_path":"wandb-client-artifact://edqhma0cylhmxthcbxapq4s2zxdcpes9cffn0k2d9pegox9s9c64rb508ekxkwnl5rtq5kz9ziey6hcgz8zvj0qyzoqt0yj3cfpagzz9ynqtr5326tn1jl0isoucj6gk/confusion_matrix_table.table.json"},"loss":0.37045919034868685,"accuracy":0.8735,"epoch":5,"_timestamp":1.742103500403376e+09}