{"_wandb":{"runtime":13},"_timestamp":1.7415756706798155e+09,"loss":2.05014318556497,"accuracy":0.35144444444444445,"val_accuracy":0.4028,"_step":5,"epoch":5,"_runtime":13.7394595,"val_loss":1.9169307876892199,"confusion_matrix_table":{"ncols":3,"nrows":100,"_type":"table-file","sha256":"ad46747a926ea2a0487d8717f684f3ebe50b8f00012164e164663d7d40046a73","size":2949,"artifact_path":"wandb-client-artifact://5czn06q5swh3hnybhjuee48j0oysg96iqbt4jqdcz7rbbvc9mfhazqocra3rbeklj6nno5ginj5abjtdt8ytnk1p5kwzwsfqw1d8mzd2t9kvlyhnth37dk6e67k39d7n/confusion_matrix_table.table.json","_latest_artifact_path":"wandb-client-artifact://t0qinuvhv1fnyc6n6esee4d3n6thgk8gz3w3n8dabyx5wt8v5r2dhvfuzuy2c2755scjvfq87lafzvv806h8tbhz3xa3e97wxvbieg0cgtv9cta6lcfg33qsw57y0wm3:latest/confusion_matrix_table.table.json","path":"media/table/confusion_matrix_table_5_ad46747a926ea2a0487d.table.json"}}