{"val_mse_loss":0.4291076200583625,"epoch":5,"_step":5,"mse_loss":0.4432269824376747,"loss":0.9855777690309637,"_runtime":6.0099918,"confusion_matrix_table":{"path":"media/table/confusion_matrix_table_5_70b2c2594da6a4f86048.table.json","ncols":3,"nrows":100,"_type":"table-file","sha256":"70b2c2594da6a4f860485f344219205cc691cd2f453690a7c14bb5db862f9826","size":2944,"artifact_path":"wandb-client-artifact://kbx6iefssk8bxduicgjpx1bq58orlk4ny06sr5oquaitk4qzny0mcwvp5xtjbrvuab7xuca2s93virwzs0s8aaqljhcpbhq8ye7r6gx8rolgzgon71vl7xknimk7t7y8/confusion_matrix_table.table.json","_latest_artifact_path":"wandb-client-artifact://953gmygws4f7yhknr34wehic35sitlz8dri95dov6vnpbk369kuajjdeivk2tp0xfc2aw6n27ul4n78lelip3e3yk636uvwi4w0fryjnpaulm2d0pjzeicbfq16lgt1q:latest/confusion_matrix_table.table.json"},"_wandb":{"runtime":6},"val_accuracy":0.7364,"cross_entropy_loss":0.947957190109368,"_timestamp":1.742134206104455e+09,"val_cross_entropy_loss":0.9166200340860529,"val_loss":0.9545026908678041,"accuracy":0.7331296296296296}