{"_wandb":{"runtime":31},"loss":0.4140080018261183,"mse_loss":0.17207605734889836,"val_loss":0.4618240458520546,"_runtime":31.5929661,"epoch":10,"_timestamp":1.7421988650735035e+09,"accuracy":0.8794444444444445,"val_mse_loss":0.19416455881279535,"_step":10,"val_cross_entropy_loss":0.3758355326909061,"confusion_matrix_table":{"artifact_path":"wandb-client-artifact://byes93vmhgtntbta4f9oy9nga8mwojqb6yg7y9rh6awc8odppmzzhythtucd3y4jrkuo71r15mmkjvd7sy6g8cnzqhrg0pq1v4gjtrn4gqpelkcn9h4d333bo828hvki/confusion_matrix_table.table.json","_latest_artifact_path":"wandb-client-artifact://fox6qpir9u4ar33hdajnwicpw9esaj2i8lps7ogts5it4fm0u6ypae7monx5yfcvma7nstafxt01uodmjfq8newj6038x8rh63xjbknvtmegcaskd3mc0d63uiz495bd:latest/confusion_matrix_table.table.json","path":"media/table/confusion_matrix_table_10_f49f6e356fdbfaccdd1a.table.json","ncols":3,"nrows":100,"_type":"table-file","sha256":"f49f6e356fdbfaccdd1ad07ec5af6d90e4575843007d5eaff75f46829a9c4236","size":2931},"cross_entropy_loss":0.32758368145811045,"val_accuracy":0.8677}