{"loss":2.3026138408141508,"_step":5,"_wandb":{"runtime":6},"val_accuracy":0.1,"val_loss":2.302595720528089,"_timestamp":1.741576832663062e+09,"epoch":5,"_runtime":6.814897,"accuracy":0.10066666666666667,"confusion_matrix_table":{"artifact_path":"wandb-client-artifact://9tb0daqeebm3rqxsbtjcfce8mhv1zs82s6ku54zt98udvm75mt000eidd0jwbi30y1d23ykqakr0g5g5xt4nusnlp4ws2k1obpxlg51kep0on1g1c28xhhasmwm0edix/confusion_matrix_table.table.json","_latest_artifact_path":"wandb-client-artifact://rv6nv1brzgxiofbkbj3bg4q68kuo58e2it13uq43bx3wdl7iuspi7qq2it7jbaer9m5pesr43ip2jmnvnrbjcqeugjstxshseqxxv8js2nxjzwmj10e9s03miedxn6r1:latest/confusion_matrix_table.table.json","path":"media/table/confusion_matrix_table_5_e057170823602e16cc6d.table.json","ncols":3,"nrows":100,"_type":"table-file","sha256":"e057170823602e16cc6d65e01f04cd68537bdc19067d65140986d32eda76ff73","size":2912}}