{"_wandb":{"runtime":27},"val_mse_loss":0.18816146873384176,"confusion_matrix_table":{"_latest_artifact_path":"wandb-client-artifact://9ng8fx33c9h3ro9s3zvpp7vcvww5cbotednffbpr3jug8nobj6dfc7ao7jzpx9y3a8utbiov5dm14pck69794d5ilijv48zcpxqwuhaejiok5x3i06l7twar32oze2z7:latest/confusion_matrix_table.table.json","path":"media/table/confusion_matrix_table_5_dada1b9b28b582fa818c.table.json","ncols":3,"nrows":100,"_type":"table-file","sha256":"dada1b9b28b582fa818c946a298f67fd52502a1435436b752da7de298f0bdb2d","size":2930,"artifact_path":"wandb-client-artifact://iplqh3ld1ygqklff3jim2i2c4digt62e9lnzcrsmevnr8fnjgldv2wzx2v0lez9tcxf33opmf8gol51u025vhxlkon21hyxjjeopkoatmjgpsjen57c6jg48pzv0c2sb/confusion_matrix_table.table.json"},"_runtime":27.8689402,"val_cross_entropy_loss":0.3671760689395286,"val_loss":0.3671760689395286,"mse_loss":0.163014838587331,"_timestamp":1.7415891778103926e+09,"cross_entropy_loss":0.30947814803127904,"_step":5,"val_accuracy":0.8679,"loss":0.30947814803127904,"accuracy":0.8865,"epoch":5}