{"accuracy":0.10101851851851852,"val_accuracy":0.1,"epoch":10,"loss":2.3035272080494438,"_runtime":12.0182976,"_step":9,"_timestamp":1.7413477058761284e+09,"_wandb":{"runtime":12},"val_loss":2.3034187207658308}