{"epoch":10,"_wandb":{"runtime":107},"_runtime":107.1154298,"val_loss":2.302634751200533,"val_accuracy":0.1,"_step":9,"loss":2.3026406457181303,"_timestamp":1.7413651339785564e+09,"accuracy":0.09888888888888889}