{"_timestamp":1.7421982186527035e+09,"val_mse_loss":0.19429885893636842,"_wandb":{"runtime":45},"_runtime":45.806778,"mse_loss":0.17026652486571295,"_step":10,"accuracy":0.8804814814814815,"epoch":10,"val_loss":0.5160262371097172,"val_accuracy":0.8666,"cross_entropy_loss":0.3305325729979571,"loss":0.4668158412588025,"confusion_matrix_table":{"size":2935,"artifact_path":"wandb-client-artifact://kdpzg5y4le7si63ndtitc0fq98rpnhrp8kkeqv9stcxx5yzo3sgh7osjqn0cfq6cpnqxhuo6tl9jbwzuh17rx7hpozlsfemlvd0o8f1fifs1l2kpuaxez71bu8p6vly3/confusion_matrix_table.table.json","_latest_artifact_path":"wandb-client-artifact://p6exudmkq9q68ked1jnd6cjvh4gebnubkvlf2zbs8r702jpdi7yqegd9rzt4bw8daplkpnmaa2ozamfpwmmoxvbpkmchlknh7udcjvymemzkmuzmq9b97p0uk0fj3p95:latest/confusion_matrix_table.table.json","path":"media/table/confusion_matrix_table_10_c2749de678732f8abd62.table.json","ncols":3,"nrows":100,"_type":"table-file","sha256":"c2749de678732f8abd62daf93d5dad9f438cc52f2597118167a1bca38a11b790"},"val_cross_entropy_loss":0.3805404483057923}