{"_runtime":27.6107476,"accuracy":0.8722592592592593,"_wandb":{"runtime":27},"_step":9,"val_loss":0.41414224480254336,"loss":0.3676481758821344,"_timestamp":1.7413468805062234e+09,"epoch":10,"val_accuracy":0.8567}