{"mse_loss":0.2144605526547176,"val_mse_loss":0.23179382346229632,"_timestamp":1.7421947544003146e+09,"confusion_matrix_table":{"sha256":"ae72a76eb84ed1dfd18a0e35cb7cf0b0fe2e36931b7033acb6b5c96f8b71bc75","size":2931,"artifact_path":"wandb-client-artifact://cxwbthgd27egd9phufcih5vjcks27vte6hgdeauclw89ev985lz5eu5fnuuc8nw3dy543fg9simvw09r33kuqzjgjrq2lmuayhsvaql7x6qf3tlp2gdvwvif1599dql3/confusion_matrix_table.table.json","_latest_artifact_path":"wandb-client-artifact://en99zt9cmnxefchoi8yyjdexhv0rdg1xvsx1ioewqjg26r1ugtxmanrrepjyhb5fibhqfx5xdoqm25cieau3p9kfttsjdl5wbow94w0qosta9zlck0epdkqjtuq7w09g:latest/confusion_matrix_table.table.json","path":"media/table/confusion_matrix_table_5_ae72a76eb84ed1dfd18a.table.json","ncols":3,"nrows":100,"_type":"table-file"},"val_loss":0.46989368835471007,"accuracy":0.8528518518518519,"_step":5,"_wandb":{"runtime":29},"cross_entropy_loss":0.4291443015496007,"loss":0.4291443015496007,"epoch":5,"_runtime":29.5676914,"val_accuracy":0.8368,"val_cross_entropy_loss":0.46989368835471007}