{"val_loss":2.303453393588467,"val_accuracy":0.10033333333333333,"_timestamp":1.7411535576139307e+09,"epoch":5,"loss":2.3044989079432185,"accuracy":0.0999074074074074,"_wandb":{"runtime":4},"_runtime":4.3722293,"_step":4}