{"epoch":5,"_runtime":3.275925,"loss":2.3160151633385735,"_wandb":{"runtime":3},"_timestamp":1.7411578509142396e+09,"accuracy":0.11603703703703704,"val_loss":2.3195145351482145,"_step":4,"val_accuracy":0.119}