{"loss":2.310856813463324,"accuracy":0.1002962962962963,"val_accuracy":0.09733333333333333,"_timestamp":1.741152323990397e+09,"_runtime":5.8869479,"_step":9,"epoch":10,"val_loss":2.302263943951969,"_wandb":{"runtime":5}}