{"cross_entropy_loss":0.48767563704739686,"_timestamp":1.742193714298909e+09,"val_loss":0.7441183753081044,"val_mse_loss":0.2506837419595852,"loss":0.7086432955949873,"_runtime":38.4428136,"accuracy":0.8391666666666666,"_step":10,"epoch":10,"_wandb":{"runtime":38},"confusion_matrix_table":{"artifact_path":"wandb-client-artifact://88gxvphsrg9kxmnnnrmtb6jyd6nuv0cd1vk7sx5w8lvxrzap4cqolycoxxiyxvwkcpo7i9ebk0on26xa7t5bzrvrhb1roybfzwobfk45kq49xhkk4kb8ozw623p5aplq/confusion_matrix_table.table.json","_latest_artifact_path":"wandb-client-artifact://halek161dfxk2jox9at4hhiunsf2feaah897s26qixmbjywoc5vrmfrmio0abbw7ne6yz1rx1lorfjccctgud8kgyyijehd0aqvglgf43b9le7837974y5r4tqov9655:latest/confusion_matrix_table.table.json","path":"media/table/confusion_matrix_table_10_a52c4092eef5984230e1.table.json","ncols":3,"nrows":100,"_type":"table-file","sha256":"a52c4092eef5984230e1c9706dfbe75110d7485ec79b5f7ae8a62ceb4e9078da","size":2934},"val_accuracy":0.8284,"mse_loss":0.2358060183982262,"val_cross_entropy_loss":0.522755388498466}