{"mse_loss":0.16479150034457132,"_runtime":27.0251345,"val_cross_entropy_loss":0.3736761692657131,"val_mse_loss":0.19352325182165395,"accuracy":0.8842037037037037,"val_loss":0.3736761692657131,"_step":5,"_timestamp":1.7421937759267948e+09,"epoch":5,"val_accuracy":0.8661,"confusion_matrix_table":{"_latest_artifact_path":"wandb-client-artifact://sk5iuko9ij98o9ne7tbwfcgddiwbaer4uh6q3g2xyzkdq8tqr3zw9z623rbm8j84tmxvcoguae9bptv3cgi0zc5s31unara0wb12amcvzjanb7wdvz19kz0s43xtzwbq:latest/confusion_matrix_table.table.json","path":"media/table/confusion_matrix_table_5_9903f3fecc9a243e9a16.table.json","ncols":3,"nrows":100,"_type":"table-file","sha256":"9903f3fecc9a243e9a16fde61de9fa2352087a09a9866faa49514aed90a672e4","size":2930,"artifact_path":"wandb-client-artifact://jv7djh8uvlf0yb6alny5je74d551hah7bd463fvtah223l4js28at4y6dc5tfz1i9x4vmpfsc9m7dloqccdafoowxqasp1jhj974z2r82mf20zxnsqnm0m3onys2fyyp/confusion_matrix_table.table.json"},"cross_entropy_loss":0.31557510643731607,"loss":0.31557510643731607,"_wandb":{"runtime":27}}