{"_runtime":11.300597,"_step":4,"val_accuracy":0.1,"_timestamp":1.741347456002229e+09,"loss":2.3029195493752086,"epoch":5,"accuracy":0.10014814814814815,"_wandb":{"runtime":11},"val_loss":2.302768501623894}