{"epoch":10,"_wandb":{"runtime":13},"val_loss":2.2314531751661453,"accuracy":0.21887974495848161,"_timestamp":1.7412414565513215e+09,"_runtime":13.2999351,"_step":9,"loss":2.248057611540733,"val_accuracy":0.2109}