{"_runtime":10.0223979,"epoch":10,"accuracy":0.10031481481481481,"val_loss":2.2161014665960956,"_timestamp":1.741153712915559e+09,"_step":9,"_wandb":{"runtime":10},"loss":2.2395053606372386,"val_accuracy":0.2658333333333333}