{"cross_entropy_loss":0.31551658676970185,"confusion_matrix_table":{"_type":"table-file","sha256":"8b5555a2f1eb62a9d9f76427d1968d3dcd532ff19233bc6c94f9239b23f7da12","size":2928,"artifact_path":"wandb-client-artifact://1tmxcpk1h6r5c1n8aq2mcnxnpjn6u67gsfk65yajq87tnhci03kg5pufc07cnyil7bvi94qvu45gojjte6hg983oik22ud0waape4tuq9meu7mkrh9xx8mqvbyrqd8ds/confusion_matrix_table.table.json","_latest_artifact_path":"wandb-client-artifact://jw3zgf8t4bacxyl9nyc31gkelt12sw2gg4wl3pebukxznfvgh13pjhk3zqbhfg2m5q75v2na6n3q9y6b355wuqciv28wqgfr5itrjclbvy29c76jz8pr8y5qfw4l6k4l:latest/confusion_matrix_table.table.json","path":"media/table/confusion_matrix_table_10_8b5555a2f1eb62a9d9f7.table.json","ncols":3,"nrows":100},"epoch":10,"val_mse_loss":0.19727583654538086,"val_accuracy":0.8654,"val_loss":0.39174681394603256,"_step":10,"accuracy":0.8879074074074074,"mse_loss":0.16152698635005783,"val_cross_entropy_loss":0.39174681394603256,"_runtime":10.9809144,"_timestamp":1.7421096783797004e+09,"_wandb":{"runtime":11},"loss":0.31551658676970185}