{"epoch":5,"accuracy":0.09896296296296296,"val_accuracy":0.1,"_runtime":18.7891321,"_timestamp":1.741250659550441e+09,"loss":2.302676583836508,"_wandb":{"runtime":18},"_step":4,"val_loss":2.3026300810026172}