{"accuracy":0.0997037037037037,"loss":2.311536629075323,"_step":4,"epoch":5,"_wandb":{"runtime":22},"_runtime":22.0556145,"_timestamp":1.7413625750871525e+09,"val_accuracy":0.1,"val_loss":2.3133281968834196}