{"accuracy":0.8427592592592592,"_step":5,"val_mse_loss":0.23638025485764796,"val_loss":0.6431601325233453,"mse_loss":0.22546355682490998,"_wandb":{"runtime":7},"confusion_matrix_table":{"ncols":3,"nrows":100,"_type":"table-file","sha256":"1cb90348bccede00ab700472ce81f71754ecc03f17146a4922294ef0c0c9c475","size":2939,"artifact_path":"wandb-client-artifact://ol7y1yr46ghycrsh490usn78zwibt4ck244ztbx9tzbfiv6amehvhffrbi4hi4xyh7mpk0frrpqu7jeodjnokrl08dd28ntkzzuu6reaq4wjqr57av6o1u215vuedu78/confusion_matrix_table.table.json","_latest_artifact_path":"wandb-client-artifact://jfla8e5w5q0d1xoga0g6kq1p7058kk4q4al32m75qk355pcmzv73qiv6pn11b41x5t1mx6pyhf5idyk7d64jx2exvtut3sfyzoqss0hp4spdn06fyeq05l8l2w3lk0co:latest/confusion_matrix_table.table.json","path":"media/table/confusion_matrix_table_5_1cb90348bccede00ab70.table.json"},"epoch":5,"val_accuracy":0.833,"loss":0.6167697722609091,"val_cross_entropy_loss":0.47832419715200797,"_timestamp":1.741587469318545e+09,"cross_entropy_loss":0.4543543660738207,"_runtime":7.3778387}