{"accuracy":0.8686851851851852,"val_cross_entropy_loss":0.41607441913649434,"_runtime":35.0570874,"cross_entropy_loss":0.3782605097430892,"_timestamp":1.7421065449620674e+09,"mse_loss":0.1892900090731924,"val_mse_loss":0.20836698850071006,"loss":0.4339845564935259,"confusion_matrix_table":{"sha256":"9d9129cad0d01329f4171c3d38844031aa1bab9c5c2c6d0da528f6f1b29931db","size":2936,"artifact_path":"wandb-client-artifact://z5dyv2p4gzjdwwu9n29kgyirbag2zqnzu78cg97ydz4e1ptf0ck3tuxkw385o4vyr04pg7c1xa90kwbtcetzvlesbo8hn8vyqclqnncy6j3e40imvdbkb7e858uinzgo/confusion_matrix_table.table.json","_latest_artifact_path":"wandb-client-artifact://1phpkj2maivffswfxf8siwd69i3iemng0om2c1wr9j79lm23j99ewg02vef9c8sfnys6jr18dyjw6zrkvmmp350xgqtj6mp2u26dmz6pdo6vselxtdcuw54efth0tbqa:latest/confusion_matrix_table.table.json","path":"media/table/confusion_matrix_table_10_9d9129cad0d01329f417.table.json","ncols":3,"nrows":100,"_type":"table-file"},"val_accuracy":0.8534,"val_loss":0.4721175845809166,"_step":10,"_wandb":{"runtime":35},"epoch":10}