{"_wandb":{"runtime":15},"val_accuracy":0.6991,"loss":0.9248313105522128,"accuracy":0.6961666666666667,"_runtime":15.8445029,"_step":4,"epoch":5,"val_loss":0.9019426131433846,"_timestamp":1.741347178349407e+09}