{"_step":10,"accuracy":0.811962962962963,"cross_entropy_loss":0.5414571196274696,"val_loss":0.7208926267516826,"confusion_matrix_table":{"size":2937,"artifact_path":"wandb-client-artifact://7jb0z3ho9gsnfixxhlja7torfyg22l1wkxncc6mw8w4w98syosh9tfyri92q19tu5e2g2zafdvj3kblqj1tsxqrrn42u72s9qhdtgl843ha9keu729uw9yrwdytkzala/confusion_matrix_table.table.json","_latest_artifact_path":"wandb-client-artifact://qoixiul9c4d8egyhljr8pv87er1wxi26bgkvbi612rscqm7bwpobm9uu8enr8bci2q5a7oo53db0jsppbb2e4xypfk9bvev0va0y78ktrrwc3iocnynjxzuhngo394ln:latest/confusion_matrix_table.table.json","path":"media/table/confusion_matrix_table_10_9262353fc36403a23f09.table.json","ncols":3,"nrows":100,"_type":"table-file","sha256":"9262353fc36403a23f091638fb2bdc893b234d0cf249dbb08ccafdb7f6535cc0"},"loss":0.73257727464004,"val_accuracy":0.8241,"_wandb":{"runtime":56},"val_cross_entropy_loss":0.5282618193508353,"val_mse_loss":0.2538566565444721,"epoch":10,"mse_loss":0.2668725582622451,"_runtime":56.0095762,"_timestamp":1.7421903309863153e+09}