{"cross_entropy_loss":0.2682500377142742,"confusion_matrix_table":{"size":2932,"artifact_path":"wandb-client-artifact://wn4bwm6jjiiwl81m68w2y24tn7668rkoei1olqxdrrs64pnp4ee1ny461itl5m3f0z55olnk4tc6puc33n3bg5zl7uode16jom9ych3fj5u576uuwa8d20x0wmzzgnsy/confusion_matrix_table.table.json","_latest_artifact_path":"wandb-client-artifact://0ek32ilu70pmirkvbwhiu7lnk00gly2boq6lmy148casp7r9iqhmep7j1yglesdq4t9ury9utopztwoupkn74686xbblv52y5rjlwjaywlyfvqr8m3g3slky4ndcjsna:latest/confusion_matrix_table.table.json","path":"media/table/confusion_matrix_table_10_bf9dd5ad514276b7c42a.table.json","ncols":3,"nrows":100,"_type":"table-file","sha256":"bf9dd5ad514276b7c42ac21636879aba9cac3c6cf2ec659462f42d04486eda2b"},"_timestamp":1.742197065387741e+09,"epoch":10,"_step":10,"accuracy":0.9017222222222222,"_runtime":18.8535393,"val_loss":0.3515142035794126,"val_mse_loss":0.17889018854370614,"loss":0.2682500377142742,"val_accuracy":0.8767,"_wandb":{"runtime":18},"val_cross_entropy_loss":0.3515142035794126,"mse_loss":0.1416798208839269}