{"epoch":5,"loss":2.307229010085424,"val_loss":2.305972657753067,"accuracy":0.0997037037037037,"_runtime":4.200409,"_wandb":{"runtime":4},"val_accuracy":0.10266666666666667,"_step":4,"_timestamp":1.7411519175184243e+09}