{"_step":9,"val_loss":2.305224124612622,"_timestamp":1.7413626585980334e+09,"loss":2.3050771866266895,"accuracy":0.0971111111111111,"_wandb":{"runtime":14},"val_accuracy":0.1,"_runtime":14.588635,"epoch":10}