{"_step":4,"_wandb":{"runtime":20},"val_loss":2.303022367753777,"epoch":5,"accuracy":0.10068518518518518,"_timestamp":1.741532314599054e+09,"_runtime":20.517683,"val_accuracy":0.1,"loss":2.304579667445647}