{"val_cross_entropy_loss":0.3748480832765966,"epoch":10,"mse_loss":0.17814763210300885,"val_loss":0.4594830569758814,"_timestamp":1.7421069125203664e+09,"_wandb":{"runtime":65},"cross_entropy_loss":0.34530659464813207,"loss":0.42967102765002846,"val_accuracy":0.8638,"confusion_matrix_table":{"sha256":"7bc7bf08eddb8634fc78a2b008822cee24cbc0b017e231a8e1a3c090d9de226e","size":2931,"artifact_path":"wandb-client-artifact://eybjrznm7o3qcl10zdnz0b3qaf4gv51bkyyja3r08sysdvlcj1l0pojne2twatjoq1d8eeu9qqdiy0dyitb0p68k5llrge450vosjiqmh7khmbv65ok5814jfd9f1xyw/confusion_matrix_table.table.json","_latest_artifact_path":"wandb-client-artifact://krhl2dt0mnkdw3urpc2aw2ehs8p9s02jjmbe1hx2ibcfdzoeqlqlknrxpq14k7wwv54yoiye47gii044c875sdivjsn6kzj7rbaj4sxt8u3ohcjlj90u21wauolhtnkd:latest/confusion_matrix_table.table.json","path":"media/table/confusion_matrix_table_10_7bc7bf08eddb8634fc78.table.json","ncols":3,"nrows":100,"_type":"table-file"},"accuracy":0.8762592592592593,"val_mse_loss":0.19309814622661103,"_step":10,"_runtime":65.2515242}