{"_runtime":7.3179026,"_timestamp":1.7411550484921517e+09,"loss":2.2526785807972622,"epoch":10,"accuracy":0.17007407407407407,"_wandb":{"runtime":7},"val_loss":2.247749709531934,"_step":9,"val_accuracy":0.18133333333333335}