{"_wandb":{"runtime":13},"loss":79.01892625676014,"_runtime":13.057677,"val_loss":75.73457163618279,"epoch":5,"accuracy":0.09954527481217873,"val_accuracy":0.1,"_timestamp":1.7412355938764253e+09,"_step":4}