{"_timestamp":1.7411559210164683e+09,"epoch":10,"val_loss":2.3002783523585664,"_runtime":5.1459252,"val_accuracy":0.10266666666666667,"_step":9,"loss":2.3009260747383484,"_wandb":{"runtime":5},"accuracy":0.0997037037037037}