{"_step":9,"val_loss":2.3032319289378624,"epoch":10,"val_accuracy":0.1,"_timestamp":1.7412401190316982e+09,"accuracy":0.0995,"_wandb":{"runtime":13},"loss":2.3036667714575274,"_runtime":13.216484}