{"val_loss":2.2319068345316966,"_step":9,"_wandb":{"runtime":6},"_timestamp":1.741155182022172e+09,"loss":2.2377627148476,"epoch":10,"val_accuracy":0.12316666666666666,"accuracy":0.12077777777777778,"_runtime":6.8057489}