{"_wandb":{"runtime":9},"epoch":5,"accuracy":0.09998148148148148,"_timestamp":1.741346183676412e+09,"val_loss":2.302813942787669,"val_accuracy":0.1,"_runtime":9.7111066,"loss":2.3028522128672777,"_step":4}