{"_runtime":55.820997,"accuracy":0.9012407407407408,"epoch":10,"test_accuracy":0.8751,"val_accuracy":0.8826666666666667,"_step":11,"loss":0.3158435974212287,"test_confusion_matrix_table":{"sha256":"5a2738ca591fec06606e6e4a1c289b1534ccb1ca2617c7d0c78535cacfc9c227","size":2928,"artifact_path":"wandb-client-artifact://f81zmmftx9v9wadigw9dnr50v7ve5jy3cai69ht5llaylk56l0g6yswjzxxz5g469gsq0x1ge3i5hbrwq3untoodio4axr4p23wbgimfiahrp3gkwsabk1dfia2lca1g/test_confusion_matrix_table.table.json","_latest_artifact_path":"wandb-client-artifact://on94syhqd48vnvmilq2ndrvoewfejuj6ximrsozgaceohtpv9aj1yp9gp5104zchn64qchbgljdbny70w1zok5eeez0gem4ke9b18rsaz1kglwh60p6zldnj5yi7f9d4:latest/test_confusion_matrix_table.table.json","path":"media/table/test_confusion_matrix_table_10_5a2738ca591fec06606e.table.json","ncols":3,"nrows":100,"_type":"table-file"},"val_loss":0.3631371524382882,"_timestamp":1.7422104129493678e+09,"_wandb":{"runtime":55}}