{"_step":9,"val_loss":2.303994152303918,"epoch":10,"val_accuracy":0.07816666666666666,"_timestamp":1.7411528713616061e+09,"_wandb":{"runtime":5},"accuracy":0.07962962962962963,"_runtime":5.4231838,"loss":2.30416421071708}