{"_timestamp":1.7413407488094099e+09,"_step":4,"_runtime":67.8713527,"loss":2.3073789259010984,"val_loss":2.307419463932001,"accuracy":0.10096296296296296,"val_accuracy":0.1,"epoch":5,"_wandb":{"runtime":67}}