{"confusion_matrix_table":{"nrows":100,"_type":"table-file","sha256":"231df162b1f558275824ecf04ad078d6db3ca0ccdd25905887c992de447d209c","size":2934,"artifact_path":"wandb-client-artifact://1cqh8hqby2u1eqhfhqakcoco4ednqt9233koymronjxzv76jeoffhcrowttihm2d8ezrbo3ghkotdfzf1ak1dl4nq7vd1lqsma5azeql0ovki4r8ef19jfyyyotee14h/confusion_matrix_table.table.json","_latest_artifact_path":"wandb-client-artifact://eoa7wyucrzfnbbjq2mdo2fk2dlpyzgve4c6rm4zced4sz1x5ew2sycloim3xmdjw4rqbz8bvz8eqmjbvaru7jt71reazq5yeuehxff3l79vr8hlwq28pyt7iuka4uu1w:latest/confusion_matrix_table.table.json","path":"media/table/confusion_matrix_table_5_231df162b1f558275824.table.json","ncols":3},"mse_loss":0.17695274152820922,"_wandb":{"runtime":11},"_runtime":11.0588467,"epoch":5,"val_mse_loss":0.2086616975584896,"_step":5,"val_loss":0.4911952076110727,"_timestamp":1.7415891995526333e+09,"val_cross_entropy_loss":0.41025043079338336,"val_accuracy":0.856,"accuracy":0.8769259259259259,"loss":0.4233069341262781,"cross_entropy_loss":0.3419153333811871}