{"val_accuracy":0.122,"_step":9,"_runtime":6.9772809,"_wandb":{"runtime":6},"loss":2.290635854175107,"val_loss":2.2856495331246465,"epoch":10,"_timestamp":1.7411573738018243e+09,"accuracy":0.1154074074074074}