{"_timestamp":1.7421086225667698e+09,"epoch":5,"confusion_matrix_table":{"path":"media/table/confusion_matrix_table_5_ed57868fdc5eb522785a.table.json","ncols":3,"nrows":100,"_type":"table-file","sha256":"ed57868fdc5eb522785a3570c4019a908fe214979d60021a285d8a80f814a806","size":2935,"artifact_path":"wandb-client-artifact://69nbf3l78cja4h89bqm9csmk3uz0g26z73ydk3gnj8rmw28sf7200frydl9flezfwhvi9s8e3xuabgafy5lswovie475iv548imd2qurz7rat2jk92nb2ylhbb751npz/confusion_matrix_table.table.json","_latest_artifact_path":"wandb-client-artifact://jpliqjs5uivenbu4nz04lo7qr26cafk59c8wubpy2n882ekptu8worl3fxv9owlvfhvvek064uze4knlnv3bm8ynuvto933gro48m5o1uqcg23vodwun31nag8kljo6o:latest/confusion_matrix_table.table.json"},"loss":0.4037546551019713,"val_loss":0.47723687462341075,"mse_loss":0.19855731108303504,"_runtime":9.9156743,"_wandb":{"runtime":9},"val_accuracy":0.8427,"_step":5,"cross_entropy_loss":0.4037546551019713,"val_mse_loss":0.23081776512512064,"accuracy":0.863574074074074,"val_cross_entropy_loss":0.47723687462341075}