{"accuracy":0.8646481481481482,"cross_entropy_loss":0.3775029564969265,"loss":0.49482732150080977,"confusion_matrix_table":{"nrows":100,"_type":"table-file","sha256":"e2d74a9ba72927650bbc5e6550f426262b9b8be2ac3b0fb42d5fcdd5f033b1e9","size":2934,"artifact_path":"wandb-client-artifact://cskn2cczxur3jcetcgmt6aggl560sxsvygjmfieumyedejea5np1z5wnj9dsyrx3eoitrrovp2eb8l33gw7glizmlui3rq2fzs87032e1lnv810ga973ymxi6f16r7ji/confusion_matrix_table.table.json","_latest_artifact_path":"wandb-client-artifact://oz539r4o0jsu96n0xghq1m70ldpwb93lez8gtk9led52kv4ybrqqp1d9zx3nolc95xp8h8m7ubdxlqy97o9wad6bu7e4ayv3693g2a0du24xhd1h4rgtwexx5t2g763d:latest/confusion_matrix_table.table.json","path":"media/table/confusion_matrix_table_5_e2d74a9ba72927650bbc.table.json","ncols":3},"mse_loss":0.19270408518785812,"val_accuracy":0.852,"epoch":5,"val_loss":0.5294234381110408,"_wandb":{"runtime":24},"val_cross_entropy_loss":0.41286882807310676,"_step":5,"_timestamp":1.7415905471942022e+09,"val_mse_loss":0.21055901857211265,"_runtime":24.5225156}