{"val_loss":2.274165964306647,"epoch":10,"_runtime":4.9099015999999995,"accuracy":0.19507407407407407,"val_accuracy":0.19083333333333333,"_timestamp":1.7411538683881874e+09,"loss":2.2780375717590435,"_step":9,"_wandb":{"runtime":4}}