{"val_cross_entropy_loss":0.4122744264566275,"val_loss":0.4122744264566275,"_wandb":{"runtime":10},"loss":0.3760725339891732,"_step":5,"accuracy":0.8664259259259259,"val_mse_loss":0.2083979921024965,"mse_loss":0.19111700606885107,"cross_entropy_loss":0.3760725339891732,"val_accuracy":0.8551,"_runtime":10.9317741,"epoch":5,"_timestamp":1.741587726652734e+09,"confusion_matrix_table":{"sha256":"296a38f61fe8d44c48aa87f9efee68d76bb13c1bf2f3c8c716d0ff613c81121f","size":2933,"artifact_path":"wandb-client-artifact://6iafpghwbpyn1zqjflx019ydmmdpgl18r38ukmr9lvquir2fnk53dobt84jij884lulezwv381im1m8iu6krx1cqim72q4mydvzbw3825pewc7yjl1jmxjdwp5fjg6xv/confusion_matrix_table.table.json","_latest_artifact_path":"wandb-client-artifact://od5pcpua0z7i9g4kt93o7u7i0y57eluut7r06eegve6jctvdmf5pevvlfzvlsexrwkbcxwewdfnxm42tk9b61csm40tkilebzb3ndkgyshw8gxw1b99htqulivggoq08:latest/confusion_matrix_table.table.json","path":"media/table/confusion_matrix_table_5_296a38f61fe8d44c48aa.table.json","ncols":3,"nrows":100,"_type":"table-file"}}