{"accuracy":0.8840555555555556,"val_accuracy":0.8651,"loss":0.3999454214373393,"val_mse_loss":0.1911173062104721,"val_cross_entropy_loss":0.3701618828483787,"_runtime":38.735346,"_step":10,"cross_entropy_loss":0.3185142388393396,"val_loss":0.451259110434901,"epoch":10,"mse_loss":0.16659574339982672,"_timestamp":1.7421946096348214e+09,"_wandb":{"runtime":38},"confusion_matrix_table":{"size":2928,"artifact_path":"wandb-client-artifact://nuw457wyzl3i35anks8ug9ly684iok33zvcabngy56s1bjab9kxo9myjzp9y1617cbh5rf1d1cl6iwq1ikrhin9737fgfxr1uxcokt1q59uvkvfed8kebxi2l2xmkpdc/confusion_matrix_table.table.json","_latest_artifact_path":"wandb-client-artifact://2oio2h9li6zoz2hga2t0pe6kmsoanzjdq3yotjmrmm8wp5hlmxwvj06ytkelgcpsosi9bzotbs5zcwr3gsapvumi0oye07os1efjjlu91u0ltstiqgb9t879euzmomkj:latest/confusion_matrix_table.table.json","path":"media/table/confusion_matrix_table_10_4ef540b95de0898535fc.table.json","ncols":3,"nrows":100,"_type":"table-file","sha256":"4ef540b95de0898535fcff1a3d979579e775a24178426024aa25ee5e60499405"}}