{"epoch":5,"_step":4,"accuracy":0.11657407407407408,"loss":2.3024536377524987,"_wandb":{"runtime":4},"val_loss":2.3023703881986823,"_timestamp":1.7411557314632952e+09,"val_accuracy":0.11283333333333333,"_runtime":4.0425895}