{"val_accuracy":0.7908,"_wandb":{"runtime":50},"accuracy":0.7959395376407824,"_runtime":50.0973777,"epoch":10,"val_loss":0.5588799222034629,"_timestamp":1.7412410422981772e+09,"loss":0.5403981241301722,"_step":9}