{"_step":4,"loss":2.3013545070747696,"val_accuracy":0.07833333333333334,"_timestamp":1.7411557412422428e+09,"_runtime":4.0780846,"accuracy":0.07707407407407407,"_wandb":{"runtime":4},"epoch":5,"val_loss":2.301210289560236}