{"accuracy":0.9018510280743376,"_step":9,"_wandb":{"runtime":16},"epoch":10,"_runtime":16.6599986,"_timestamp":1.7412433139519167e+09,"val_loss":0.36503348056634927,"loss":0.26574278159846965,"val_accuracy":0.8723}