{"_wandb":{"runtime":13},"epoch":5,"_runtime":13.4291124,"mse_loss":0.9000147560541668,"val_accuracy":0.1051,"_timestamp":1.7421345261084843e+09,"loss":2.3994522241772827,"_step":5,"val_mse_loss":0.8999960992827171,"cross_entropy_loss":2.302656932442724,"val_loss":2.399279769428352,"confusion_matrix_table":{"nrows":100,"_type":"table-file","sha256":"3969ab67d4d72365f898832df05c6e903cb665dea67dfb4ec41b54d062126076","size":2911,"artifact_path":"wandb-client-artifact://u165o5achgqkv9d41oxdrc8mhhlzi5j99h4ox7czirhm36bnv2u4mv092bpzeujev8ozdxt9ar1sefuhsk86z7873sbrifwfrclod8cxp80pgodfwlwkq51ersbwqdrf/confusion_matrix_table.table.json","_latest_artifact_path":"wandb-client-artifact://hpfa77y66gn26oarttp21dzy9td9gd2a6b63sj1o3x1sgeuplw5mxg75wdglmm249w05j6crhoibwfz87dkg9mzn467dtog7pq3u8f2ww3f0vr6yj8y6wnn559js9997:latest/confusion_matrix_table.table.json","path":"media/table/confusion_matrix_table_5_3969ab67d4d72365f898.table.json","ncols":3},"val_cross_entropy_loss":2.302566381634203,"accuracy":0.09938888888888889}