{"epoch":10,"accuracy":0.10529629629629629,"val_loss":2.295387971186478,"_wandb":{"runtime":5},"val_accuracy":0.11,"_step":9,"_runtime":5.8509025999999995,"loss":2.296485394026134,"_timestamp":1.7411575327735906e+09}