{"val_loss":0.6979230987648847,"epoch":10,"mse_loss":0.282956180380534,"confusion_matrix_table":{"_latest_artifact_path":"wandb-client-artifact://7nftixs1p176jdaxiou49vbbl56rc58axaqhfcphrpsey1yp4u7h7dfx0ocxbzsccy0ik9jdqqbovq79z13yj360kjnidjmbl3652guuaa6gk4hmvrhfi14vmt1ajjzv:latest/confusion_matrix_table.table.json","path":"media/table/confusion_matrix_table_10_934c66546eb49fff2314.table.json","ncols":3,"nrows":100,"_type":"table-file","sha256":"934c66546eb49fff2314349e53e5ffd446997168889270342067c2a1d214b250","size":2934,"artifact_path":"wandb-client-artifact://q4sw4w74m57cgfrufknfmge39kiw07js2j3o1kyda1zyig1b6e6ey0ay1w15lik9nhdkp46rfn9w3tjcqbcwmugqbhfrdrc35t3dage6jzc4ckfr6l8n6q3cun69bmqg/confusion_matrix_table.table.json"},"val_mse_loss":0.3304333262273563,"accuracy":0.7991851851851852,"_timestamp":1.741584933310344e+09,"val_cross_entropy_loss":0.6979230987648847,"loss":0.5832914715828293,"cross_entropy_loss":0.5832914715828293,"_runtime":50.6381106,"_step":10,"val_accuracy":0.7655,"_wandb":{"runtime":50}}