{"cross_entropy_loss":2.302587202826793,"val_cross_entropy_loss":2.3025865636552996,"_runtime":44.8580891,"val_loss":3.181897377072623,"confusion_matrix_table":{"size":2912,"artifact_path":"wandb-client-artifact://kssg5i33gb37i7gzwxt1ntihfb0bu86pkvmvvai4u4i9fpjisd5bfoytk67b9evvktjilpr3xmwpsnwavt5z9vrwuc9ot7zsa25tuzxh5bgi29cm9hjby95m1eu09w2m/confusion_matrix_table.table.json","_latest_artifact_path":"wandb-client-artifact://wol4j9uw457e3a96dm6lfw03t3iarupk6v2wtm6ymithquig1bqiu1vbcv037opnptl3egoerm3j3qdfq4cisq3qj3bo60nsxfpocsercgzh0epshh8q27miop39lajs:latest/confusion_matrix_table.table.json","path":"media/table/confusion_matrix_table_5_e057170823602e16cc6d.table.json","ncols":3,"nrows":100,"_type":"table-file","sha256":"e057170823602e16cc6d65e01f04cd68537bdc19067d65140986d32eda76ff73"},"loss":3.8250075250027886,"_step":5,"accuracy":0.1007962962962963,"val_mse_loss":0.9000003143099949,"epoch":5,"mse_loss":0.9000004415680605,"_wandb":{"runtime":44},"val_accuracy":0.1,"_timestamp":1.7421350107758849e+09}