{"confusion_matrix_table":{"path":"media/table/confusion_matrix_table_5_06332fa4da21465a6ba2.table.json","ncols":3,"nrows":100,"_type":"table-file","sha256":"06332fa4da21465a6ba215ebb3548e583bd2f5bee2ce279b15e3ebc9955fa851","size":2933,"artifact_path":"wandb-client-artifact://tjamfcmdrfh45do30mtitvuwx7zi4c8bnnrnatjks298sc2by7riz7j7i7z5h0cz11yj8nf0fx5fih37d0jsr1jvt148g5yfaf3wfp7hdmabnqcv9107vtcwr5joaeqg/confusion_matrix_table.table.json","_latest_artifact_path":"wandb-client-artifact://fjbsnb856491ciwjbwde4m4y7ry51c8kswnzsqns1k987ufatx93cskhcau0rtipqgtsz30fjt42dprcz6we62o14m3s2t8r73ex862fvrs9xw7yykttxhni2ypa9tjj:latest/confusion_matrix_table.table.json"},"cross_entropy_loss":0.34924135027420233,"mse_loss":0.17839059814903158,"_step":5,"_timestamp":1.7421103688034728e+09,"val_loss":0.38716895826713016,"val_cross_entropy_loss":0.38716895826713016,"_runtime":7.1285367,"accuracy":0.8762592592592593,"loss":0.34924135027420233,"_wandb":{"runtime":7},"epoch":5,"val_mse_loss":0.19552495405583087,"val_accuracy":0.865}