{"loss":2.3026023402307434,"val_accuracy":0.1,"val_loss":2.3025912987087627,"_runtime":36.9971328,"_timestamp":1.741238791895214e+09,"epoch":5,"accuracy":0.10048148148148148,"_step":4,"_wandb":{"runtime":37}}