{"val_mse_loss":0.1765573915775038,"epoch":10,"val_accuracy":0.8803,"loss":0.26469574589929146,"confusion_matrix_table":{"path":"media/table/confusion_matrix_table_10_ffb2fea46d98c5792b41.table.json","ncols":3,"nrows":100,"_type":"table-file","sha256":"ffb2fea46d98c5792b419bbef9edfe25d0bd576375a57f77dd5bfe49009f9fd5","size":2933,"artifact_path":"wandb-client-artifact://g78lddnnipt6uv1d0d2zmss80zz9callm5cijdetj3bacbbykqng70oa1xj7n8f1d8w8btbjfuwjsenasnh12z9c0mjqplkyxmoba4tif4jbh52c0k4ba16aqhn0bk2h/confusion_matrix_table.table.json","_latest_artifact_path":"wandb-client-artifact://fc2q86jtejp5napkcv6fqnwuitvck3p7ighybqs9hhrc1xk8f1yd1fgvc06kc2po42wxky0b116y1na716do21zq926sadjp51xhl691rium02kzp5x3wlzxvjrug106:latest/confusion_matrix_table.table.json"},"_wandb":{"runtime":53},"val_cross_entropy_loss":0.35151113507001336,"cross_entropy_loss":0.26469574589929146,"_timestamp":1.7421109897887793e+09,"accuracy":0.9038888888888889,"_runtime":53.7583612,"_step":10,"mse_loss":0.13915685201188316,"val_loss":0.35151113507001336}