{"mse_loss":0.8999984923132313,"_wandb":{"runtime":32},"_step":10,"loss":27.33380216345768,"val_cross_entropy_loss":2.3025585577428975,"_timestamp":1.7415847935915627e+09,"accuracy":0.09251851851851851,"cross_entropy_loss":2.3025772448540014,"confusion_matrix_table":{"artifact_path":"wandb-client-artifact://5bn617bxe2dqxbsy8fd7vcu3smc4a0ycov65ure1b7ao4azitymcjd1fxw2nbdnrldmrrm6wkj8wzw5n1t62p8slhjqlzeeb2giyb7ll8k21h3kn57rv60qeuetvxmuj/confusion_matrix_table.table.json","_latest_artifact_path":"wandb-client-artifact://sbbetbp90eosjla1mlbu55cfutoqt4z358u7l3r06cmr0xhs8a0diw8jkx7y9jtbufs1g7zp7l60udwknr7iuyngwidmjke5nn22yn3f89tioqqwgqdjzokomr08sy3a:latest/confusion_matrix_table.table.json","path":"media/table/confusion_matrix_table_10_432d896da10cd3605541.table.json","ncols":3,"nrows":100,"_type":"table-file","sha256":"432d896da10cd3605541b4728cb3898790a4607163af19d112a706dfa0f46ee2","size":2912},"val_loss":25.27741069050127,"val_mse_loss":0.8999947371380634,"_runtime":32.7629934,"epoch":10,"val_accuracy":0.1}