{"accuracy":0.8803148148148148,"val_mse_loss":0.19577414118501613,"val_accuracy":0.8627,"epoch":10,"_step":10,"_wandb":{"runtime":32},"_timestamp":1.7421054116095133e+09,"val_cross_entropy_loss":0.3853602953718497,"confusion_matrix_table":{"artifact_path":"wandb-client-artifact://nnlf6gpja8cvd4v12x4qg8832q6g282yoz5vo89ae4k4jh6d3r4mi7u9zqslgl9q9ei6fhoe50psdwst0pe8vwc375lasxtg134wlv4elmtzpo1jfjmw6w4r95ld14ap/confusion_matrix_table.table.json","_latest_artifact_path":"wandb-client-artifact://gvu41tfq8pc898sclri9l2ngafkdmxf0yxufdb60bfzfsyygyitpa1181m8bevgbyul1ezmacxkh7snia5yaja7ynl30gc0udrxolu6432nfpm656n54uoob3z5vv15b:latest/confusion_matrix_table.table.json","path":"media/table/confusion_matrix_table_10_6d8b64882efc4842673b.table.json","ncols":3,"nrows":100,"_type":"table-file","sha256":"6d8b64882efc4842673b23d29ae843e1943f96a3be78980170226122d30661fe","size":2933},"cross_entropy_loss":0.33304973554571526,"mse_loss":0.1721533393891335,"loss":0.41130540682496824,"val_loss":0.46404957443285033,"_runtime":32.0102879}