{"epoch":5,"val_accuracy":0.3196,"_wandb":{"runtime":9},"_step":5,"_timestamp":1.7421349274931219e+09,"confusion_matrix_table":{"artifact_path":"wandb-client-artifact://pyze0hqtiu2c5wft39p1qxk37cjwy58w03hmi4isgrsdct2ljo1vrw8ej3ztl2ty6mg0886u27czq272ftps7jjgui3qdq8mqc8yllvcnqmjyfi4dczajvlgsbi6i90t/confusion_matrix_table.table.json","_latest_artifact_path":"wandb-client-artifact://yjm222hxj37u9w9nzzw1l1g6nd720o67ba3sj0jgklyhso0o8nmp5rhr9aoq64lr5u62lx3c8u6ptg9l5sk5a1mmgvvjt4c7lb9bc81elv0e1mhrywegw66orsm8iqql:latest/confusion_matrix_table.table.json","path":"media/table/confusion_matrix_table_5_31725056677269eb51df.table.json","ncols":3,"nrows":100,"_type":"table-file","sha256":"31725056677269eb51df6f32b80b38ad64b92592db6f36e38908184372c52404","size":2979},"loss":28.750551490405424,"mse_loss":0.8986736884270459,"cross_entropy_loss":2.2959733802658033,"val_loss":25.54056137221756,"_runtime":9.2674121,"val_mse_loss":0.8989673553981076,"val_cross_entropy_loss":2.297435716833342,"accuracy":0.3125}