{"confusion_matrix_table":{"nrows":100,"_type":"table-file","sha256":"e057170823602e16cc6d65e01f04cd68537bdc19067d65140986d32eda76ff73","size":2912,"artifact_path":"wandb-client-artifact://28jdrpx31mtvym1mhsqdrsd85p9wvzky2pwwcqkn3kglxxbtmfem3qwo43n41pfdsly1y7l2sx4vesvqy00kls14dctdiafu96e4t5si4sqdsi667ox6yq5bm2guha3v/confusion_matrix_table.table.json","_latest_artifact_path":"wandb-client-artifact://trgeuf601zc4wihzjcs83hv5d0ezlny06mxtmqyg870c9t1aayjhzs6azesjqzx7m3q8x39ie046rehybrwo6graxeyr3i5bb0x09vumbk5atcpdc3431j9dgpn1g9zk:latest/confusion_matrix_table.table.json","path":"media/table/confusion_matrix_table_10_e057170823602e16cc6d.table.json","ncols":3},"cross_entropy_loss":2.3027091620462694,"val_cross_entropy_loss":2.302624346738781,"epoch":10,"_runtime":14.0018822,"accuracy":0.0982962962962963,"loss":2.304591319683383,"val_accuracy":0.1,"_timestamp":1.741584954673281e+09,"val_loss":2.3045819750566245,"_step":10,"mse_loss":0.9000248344546106,"_wandb":{"runtime":14},"val_mse_loss":0.9000078940915366}