{"_wandb":{"runtime":19},"val_loss":0.485149724619988,"_step":5,"val_accuracy":0.859,"_runtime":19.4691341,"cross_entropy_loss":0.3620807044573302,"val_mse_loss":0.20397266992530694,"epoch":5,"accuracy":0.8700185185185185,"_timestamp":1.74158960803303e+09,"loss":0.4444344606646815,"confusion_matrix_table":{"_type":"table-file","sha256":"25d539bcdcc7d0a48eb1c2e162ea157153b8b021b07d2dc0796f0ecfdd91c438","size":2936,"artifact_path":"wandb-client-artifact://4earkfgf8qbk1an6dqeu14gwvyf6lshg4a4swbvijcw7ddm1vg3el8zele5ztipw680yw2m422dvvvtcwikwj66fdxfm7t3e0ya2yuo34u50kte4zxwxqu6njxzgbytx/confusion_matrix_table.table.json","_latest_artifact_path":"wandb-client-artifact://gkom91e1lf7z1q56vs3x9yvfjekkjnahv6to12ndxvnxr62vdlxhb6zu442jp3nh8hli57nsj2itk44qkq6xglsyge2uiyo2vbhs8zq4k1uctqmw5zdfh9f41fztm0c3:latest/confusion_matrix_table.table.json","path":"media/table/confusion_matrix_table_5_25d539bcdcc7d0a48eb1.table.json","ncols":3,"nrows":100},"val_cross_entropy_loss":0.4030408711992182,"mse_loss":0.18639984807197582}