{"cross_entropy_loss":1.066527398576448,"mse_loss":0.5369796386464404,"_runtime":8.9914485,"accuracy":0.5900740740740741,"val_loss":1.0102757748248814,"val_cross_entropy_loss":1.0102757748248814,"val_mse_loss":0.5083863852121533,"_wandb":{"runtime":9},"confusion_matrix_table":{"size":2943,"artifact_path":"wandb-client-artifact://1dcurdby8gfwyxbhnnu3bn2z7c1pgqr9h7hug185rah1t1gbl96k03mwbul9ho47mhr6goosji5ul210lt7z0hg04mak3tev1ryzkp3csml912ptfzll6jwek8l61o28/confusion_matrix_table.table.json","_latest_artifact_path":"wandb-client-artifact://bqixvyzmvlrgos2jzwbs79gcg83i5ami196r7ndemnep0nm2z3rt9pyn8xikmwg3ne69kma9f4s7os0i99zv59ixrjd3aotfydigf5fgccmhoek9chj48utltn5phnf9:latest/confusion_matrix_table.table.json","path":"media/table/confusion_matrix_table_5_bee4096e5136c4e3f928.table.json","ncols":3,"nrows":100,"_type":"table-file","sha256":"bee4096e5136c4e3f928df7fdd4b7a65d469b60108fd9b457edce0a63549200b"},"epoch":5,"_step":5,"_timestamp":1.7421347499839203e+09,"val_accuracy":0.5959,"loss":1.066527398576448}