{"_timestamp":1.7413627248266156e+09,"accuracy":0.10064814814814815,"_wandb":{"runtime":6},"loss":2.326829542742405,"_runtime":6.4457018,"val_accuracy":0.1,"val_loss":2.326643831695439,"_step":4,"epoch":5}