{"mse_loss":0.2893337237683243,"cross_entropy_loss":0.5877638457922598,"_step":10,"epoch":10,"val_mse_loss":0.2982662150079685,"confusion_matrix_table":{"_type":"table-file","sha256":"47ec9a8f36762633602f8f391885b904001bf18f77b76c1f8d1b7f4a67520b97","size":2942,"artifact_path":"wandb-client-artifact://oc3yzuptwg0427a2bahbmq6ms99e9yntfka2lwo0m8t03as9s1quy7ckzogtyvvz22870x3sem4j12wk0c91xt7be2sucjf10byif6k4b9id9v0nocfe69sphra78rji/confusion_matrix_table.table.json","_latest_artifact_path":"wandb-client-artifact://8j5bwx25m73kgwga66h2f3240xgqx91x0wxenm0gi14s3yakl1jzdx9gawxad35ps1db33m98cnxrbigb17qawc0c8bm3dlo7a37wlq1xhbtzgd5c580gxbf37m9o2f8:latest/confusion_matrix_table.table.json","path":"media/table/confusion_matrix_table_10_47ec9a8f36762633602f.table.json","ncols":3,"nrows":100},"loss":0.674390876098085,"_timestamp":1.7415846979032216e+09,"val_loss":0.691090913728711,"val_cross_entropy_loss":0.604344750593603,"val_accuracy":0.7918,"accuracy":0.8041666666666667,"_wandb":{"runtime":21},"_runtime":21.7046514}