{"_runtime":15.001709,"val_accuracy":0.8493,"accuracy":0.8613518518518518,"cross_entropy_loss":0.38933833269152396,"loss":0.47496817376229383,"val_cross_entropy_loss":0.4325291745129808,"val_mse_loss":0.2168653473829111,"_wandb":{"runtime":15},"_timestamp":1.7415869360068536e+09,"_step":5,"mse_loss":0.1976455671181051,"confusion_matrix_table":{"nrows":100,"_type":"table-file","sha256":"ee42923b512c1c1ff49a29cd7d13451f53ecb8409e0ebdc6866ebeb8666dd7e7","size":2936,"artifact_path":"wandb-client-artifact://4dmr4wxoomd9oybj3omcilwwxkoceky83yvcmy76lfz2uakjwk4wgu5cfjfgafy5o4qmyx9gyyc959fkrarfldpheugo6v8hd7ky01awzj1vm9hvg38bjeyeiytvk830/confusion_matrix_table.table.json","_latest_artifact_path":"wandb-client-artifact://8s67a86gw2alltcb8slsmk0szktdpt2et5dee8h560b4ulvfrkn58pq0bbbdniivcochtljubwz13p3exi323gfj35yg7s1g8g6cgymr0qwbexfuceu79t7jaq59dotb:latest/confusion_matrix_table.table.json","path":"media/table/confusion_matrix_table_5_ee42923b512c1c1ff49a.table.json","ncols":3},"val_loss":0.5180568960339813,"epoch":5}