{"_step":9,"epoch":10,"val_loss":2.302674273860059,"_wandb":{"runtime":6},"_runtime":6.8489495,"loss":2.3025702635330427,"accuracy":0.11105555555555556,"val_accuracy":0.10416666666666667,"_timestamp":1.7411566461344504e+09}