{"_step":9,"epoch":10,"val_accuracy":0.1668,"_timestamp":1.741358860267551e+09,"accuracy":0.16257407407407407,"loss":2.3020009105780885,"_wandb":{"runtime":14},"val_loss":2.3019826486880715,"_runtime":14.6797531}