{"_wandb":{"runtime":8},"accuracy":0.8800185185185185,"loss":0.3341405187585979,"val_mse_loss":0.19604145866456793,"confusion_matrix_table":{"size":2932,"artifact_path":"wandb-client-artifact://p50pjaf9dl4gk36hv23t6ctpp4w48w8iliacpttx9vclp55t35swdjatl4cjtfitlxt0g036d6k3jg22mmx7k1bn8nmq5rq6672epz2u6i3sn3w9c00433k92jhmemjh/confusion_matrix_table.table.json","_latest_artifact_path":"wandb-client-artifact://zo50ok6530vq8ez8lyomk6wjpvua3y15jl9k1fdvm850f56jld97gj15kp50614htotlkl0ekon1ozrkooss60kus8gu9nlge2jdmvcfbgsy60rxpoyscj7411mwkhdv:latest/confusion_matrix_table.table.json","path":"media/table/confusion_matrix_table_5_760a9d4422c53dd1bfaf.table.json","ncols":3,"nrows":100,"_type":"table-file","sha256":"760a9d4422c53dd1bfaff011a533c4c5dded73daff82b62d9f40241363190a32"},"mse_loss":0.17154822341450546,"_step":5,"val_accuracy":0.8649,"epoch":5,"val_loss":0.384493744752248,"cross_entropy_loss":0.3341405187585979,"val_cross_entropy_loss":0.384493744752248,"_runtime":8.7520355,"_timestamp":1.7415883555420856e+09}