{"_wandb":{"runtime":3},"_runtime":3.4882647,"loss":1.9844202033637333,"_timestamp":1.7411560049672642e+09,"epoch":5,"val_loss":1.903957374308678,"val_accuracy":0.3551666666666667,"_step":4,"accuracy":0.30133333333333334}