{"accuracy":0.14964814814814814,"val_loss":2.2931688455062673,"epoch":10,"loss":2.294376396674956,"_timestamp":1.7411531202804954e+09,"_wandb":{"runtime":6},"_step":9,"val_accuracy":0.15716666666666668,"_runtime":6.9663984}