{"loss":0.45393912923250584,"confusion_matrix_table":{"artifact_path":"wandb-client-artifact://37di0rnpmevu5j7lxa1s40iau9qrheiumzpfxc7l9yiip7lqucvuisnr5ye5jt84vceezisakwh8mng3l63veha2poem06uo8kqfk887e16xe2k9ry0gym1nok7acc1a/confusion_matrix_table.table.json","_latest_artifact_path":"wandb-client-artifact://tcpii9rcvx8yuzachcxm9wpvebsspc8tfxnbxyzletxafuhunzrpghostypgs9ac5jiv003g6yr0kgsjrzvdxuji37o6gxxnr60bq71hmed27cjl2q4br0t32z52obne:latest/confusion_matrix_table.table.json","path":"media/table/confusion_matrix_table_5_f964b2e3d54b7e56bdd9.table.json","ncols":3,"nrows":100,"_type":"table-file","sha256":"f964b2e3d54b7e56bdd9d2c5b58d195fdc2877dd75f7e0b357cb720c81801782","size":2936},"val_cross_entropy_loss":0.41737201455504847,"_wandb":{"runtime":16},"epoch":5,"_timestamp":1.742109864458841e+09,"val_mse_loss":0.20945941672527324,"val_accuracy":0.8543,"mse_loss":0.19369211932020733,"_step":5,"cross_entropy_loss":0.3830828347199187,"val_loss":0.4882751581001347,"_runtime":16.0933483,"accuracy":0.8647407407407407}