{"accuracy":0.0966111111111111,"loss":2.3078167814250596,"_step":4,"_runtime":12.0118739,"epoch":5,"val_accuracy":0.1,"val_loss":2.3077267283419585,"_timestamp":1.7412494433722436e+09,"_wandb":{"runtime":12}}