{"_timestamp":1.7412524876696868e+09,"val_accuracy":0.431,"_wandb":{"runtime":10},"val_loss":1.416822458765019,"_runtime":10.9668688,"epoch":10,"loss":1.4147000558139529,"accuracy":0.4300925925925926,"_step":9}