{"confusion_matrix_table":{"sha256":"ab11797f83383bd43944a2419a91d9a46565e423e07ac97be8280839beedbd90","size":2932,"artifact_path":"wandb-client-artifact://hdgj1m17b6i1ii1vp0qhokvbht7jfdrglv9j9l61b184e0d7z8k4k0jgavy7vohcuvxs8b9o70drd4zhoq041my2iasczx5kgsso5gif4rznibl1niddpx8nckg97ixx/confusion_matrix_table.table.json","_latest_artifact_path":"wandb-client-artifact://299iopn9mjbzyml8ye5nw2ugbilwydmga7hud53gh2qn0mbhgzapik6gqcw26j6ttg1mk5v6tme4at39s8nc3mezw9cpj26e6s21gy3t2rahkqty4ruy9hnz612vypqn:latest/confusion_matrix_table.table.json","path":"media/table/confusion_matrix_table_5_ab11797f83383bd43944.table.json","ncols":3,"nrows":100,"_type":"table-file"},"_timestamp":1.7415876562350636e+09,"val_cross_entropy_loss":0.40595786498499664,"epoch":5,"cross_entropy_loss":0.3576280114316732,"mse_loss":0.1858696521368115,"loss":0.435923566936927,"accuracy":0.8699444444444444,"val_mse_loss":0.20742482381526192,"_step":5,"val_loss":0.48306856244525603,"_wandb":{"runtime":23},"val_accuracy":0.8546,"_runtime":23.2575216}