{"val_cross_entropy_loss":0.374174315574656,"mse_loss":0.17848838171622716,"_step":5,"epoch":5,"loss":0.42707115440767485,"val_loss":0.45561885472064323,"confusion_matrix_table":{"sha256":"b01c607c9d04e6c86a8ac499d25ff4209069c875e194a1e7140d3a1ee96aeaed","size":2937,"artifact_path":"wandb-client-artifact://ryd8rwxmmr2m0mwj15ycui7u3oob10w3wq4xi0meurebc4hd76ml9p57semudu9tbpvrwyfist1oxvdr54m2r37qi2zc5rxvf820txl8sdqhvbp90yv0ov4m1722r1uz/confusion_matrix_table.table.json","_latest_artifact_path":"wandb-client-artifact://na409qveqwobzpw5l7c98tgasyo8rw1f1c1hvw7ftlu68i6u9gh58bvquiqgoomw5iexnh2tc7j4mpzbclkt17yh06xranafqt2r698j4n83iejwl1qxi4d26dob8aey:latest/confusion_matrix_table.table.json","path":"media/table/confusion_matrix_table_5_b01c607c9d04e6c86a8a.table.json","ncols":3,"nrows":100,"_type":"table-file"},"val_accuracy":0.8635,"_runtime":11.3130837,"accuracy":0.8755185185185185,"_timestamp":1.7415889513574429e+09,"val_mse_loss":0.19370929780445145,"_wandb":{"runtime":11},"cross_entropy_loss":0.34522285726374996}