{"_timestamp":1.7412419664623973e+09,"_runtime":12.7645738,"val_accuracy":0.1,"_step":4,"_wandb":{"runtime":12},"val_loss":2.317280854503677,"epoch":5,"accuracy":0.10031481481481481,"loss":2.3130411035296405}