{"accuracy":0.1017962962962963,"val_loss":3.54582115269348,"_timestamp":1.7412527105373077e+09,"loss":3.7806651195849486,"_wandb":{"runtime":14},"val_accuracy":0.1,"_step":9,"epoch":10,"_runtime":14.6961127}