{"_wandb":{"runtime":4},"accuracy":0.11092592592592593,"_runtime":4.7406351,"val_loss":2.2748416279601296,"_step":4,"_timestamp":1.741250869594183e+09,"loss":2.2851069111124804,"val_accuracy":0.1238,"epoch":5}