{"val_loss":2.3026894225191143,"_wandb":{"runtime":31},"_step":4,"_runtime":31.0209414,"epoch":5,"loss":2.3040542685260705,"accuracy":0.10080764671013634,"val_accuracy":0.1,"_timestamp":1.7412357229866126e+09}