{"val_loss":0.36534824041614883,"cross_entropy_loss":0.2980768164536609,"confusion_matrix_table":{"ncols":3,"nrows":100,"_type":"table-file","sha256":"707c823e14fcc2425ed341c78ec3ae8e2da18bb1fc5bc9d74a5e004231f3b6d8","size":2934,"artifact_path":"wandb-client-artifact://ek150xr6sl5u1u7a5pg8lb3at33abyv9kfikxpslla2z84x0bqk7ia3dkky6ngtn54kbidoai4r7pn9sbdt7nu6hp1jl3mko1xseu6gs2u85xts9c0nla4i9lt3p5gml/confusion_matrix_table.table.json","_latest_artifact_path":"wandb-client-artifact://unjmtiy8l0x9q1n7m5z4x81aeeiunbkt18qh193miyd42e53y83o5vqz3efz63nymqfossjdhw9sszlkveii941hor6cvxrz9woufz4rpj2ll93mqf5zlubi5lfu5748:latest/confusion_matrix_table.table.json","path":"media/table/confusion_matrix_table_10_707c823e14fcc2425ed3.table.json"},"accuracy":0.8922962962962963,"val_mse_loss":0.18415694072862399,"_runtime":16.3767123,"loss":0.2980768164536609,"_wandb":{"runtime":16},"val_accuracy":0.8718,"mse_loss":0.15448764002285456,"_step":10,"_timestamp":1.742108068005823e+09,"epoch":10,"val_cross_entropy_loss":0.36534824041614883}