{"accuracy":0.09937037037037037,"_wandb":{"runtime":6},"_timestamp":1.7411540888884718e+09,"_runtime":6.2546777,"val_accuracy":0.10633333333333334,"epoch":10,"loss":2.3536053076131513,"val_loss":2.340699600473776,"_step":9}