{"loss":2.3551520655635914,"val_accuracy":0.1,"_step":9,"_timestamp":1.741345024222116e+09,"_runtime":24.4520139,"accuracy":0.10083333333333333,"_wandb":{"runtime":24},"val_loss":2.355144286685539,"epoch":10}