{"_runtime":3.1865048,"_wandb":{"runtime":3},"_timestamp":1.741156802280825e+09,"val_loss":2.3164539509338358,"val_accuracy":0.1095,"loss":2.3159149034789657,"epoch":5,"accuracy":0.11296296296296296,"_step":4}