{"val_loss":2.3292084131263144,"_wandb":{"runtime":6},"loss":2.333881897964025,"epoch":10,"accuracy":0.0999074074074074,"_timestamp":1.7411571477915206e+09,"_runtime":6.0047329,"_step":9,"val_accuracy":0.10083333333333333}