{"val_accuracy":0.8699,"_timestamp":1.7421926844040554e+09,"confusion_matrix_table":{"sha256":"2f23ef2c27452329191aefb172270b22dc25101af16a8eb4d3e211c0d5e8d9fa","size":2932,"artifact_path":"wandb-client-artifact://l00x9f4g530q5joc70qglyrzyr2eypctpqz2p5pmju1svrsm0l6tmj43b5136mt9dvw10bm10x2cjkcbte0f87jg48ibwa5de0841c55q6w6p777r1vgnfdliifl34bu/confusion_matrix_table.table.json","_latest_artifact_path":"wandb-client-artifact://7kx9z9w1udrd2xxaz4tb9fk151nokcncdxmpv4xwv74axsqgtrk1622unpomrz61nii0gadcctsavdpjyyqobgeh2myl4glmzp71w3j4r9ufbvfkxrpga4gac74fj3wq:latest/confusion_matrix_table.table.json","path":"media/table/confusion_matrix_table_10_2f23ef2c27452329191a.table.json","ncols":3,"nrows":100,"_type":"table-file"},"cross_entropy_loss":0.2624406003131927,"accuracy":0.9043888888888889,"val_mse_loss":0.1904159247721882,"_runtime":53.6912463,"_step":10,"_wandb":{"runtime":53},"epoch":10,"mse_loss":0.13857296688050866,"val_loss":0.3842242404474873,"loss":0.2624406003131927,"val_cross_entropy_loss":0.3842242404474873}