{"_timestamp":1.7412509654350557e+09,"val_accuracy":0.865,"_step":9,"epoch":10,"accuracy":0.8921666666666667,"val_loss":0.48298169909858235,"_wandb":{"runtime":57},"loss":0.4124886734100414,"_runtime":57.6223413}