{"loss":8.558077473721141,"accuracy":0.1995925925925926,"val_loss":9.187784012569846,"epoch":10,"val_accuracy":0.2001,"_runtime":30.8468237,"_wandb":{"runtime":30},"_step":9,"_timestamp":1.7412529234720364e+09}