{"val_mse_loss":0.18786343742583234,"epoch":10,"_runtime":28.9764389,"cross_entropy_loss":0.31068570846222326,"loss":0.31068570846222326,"mse_loss":0.15828321908673812,"val_cross_entropy_loss":0.38367100203507154,"_timestamp":1.7421942748147922e+09,"_step":10,"val_loss":0.38367100203507154,"_wandb":{"runtime":28},"accuracy":0.8919074074074074,"confusion_matrix_table":{"sha256":"3273f35bd6aadf2fb730f8a258e2b99514e39a495e142d368533abf16ef27589","size":2929,"artifact_path":"wandb-client-artifact://z1iklwum1pnxqxus9a79qsdrl44f7c8pbgfyvubf7lx4y807ivnpcchq2k8obkmiwqfw745qtn4qdxp3u312h0suou1mcsgfmiu3iyytgxk212jqo8p3s8j7047cmlc7/confusion_matrix_table.table.json","_latest_artifact_path":"wandb-client-artifact://ur5ged3ecr708l6nnyhqvt1zc0zd6p84k3evkfqy9ksjeaj47k68flqq5kkw62mte8wyrrdnti79yjlbyyw9pqrd5ytv0ftqarl0zeeq2i277dnq60v7em3t39vg5fa4:latest/confusion_matrix_table.table.json","path":"media/table/confusion_matrix_table_10_3273f35bd6aadf2fb730.table.json","ncols":3,"nrows":100,"_type":"table-file"},"val_accuracy":0.8716}