{"accuracy":0.09938888888888889,"val_accuracy":0.10683333333333334,"epoch":5,"loss":2.3330285554521035,"_step":4,"_timestamp":1.7411579854762719e+09,"_wandb":{"runtime":4},"val_loss":2.31205272747478,"_runtime":4.6178938}