{"val_loss":2.3044567589715106,"epoch":10,"val_accuracy":0.1,"loss":2.3064270683335537,"_wandb":{"runtime":39},"_timestamp":1.741236117916626e+09,"_runtime":39.310177,"_step":9,"accuracy":0.09743228548833531}