{"accuracy":0.1007037037037037,"loss":2.302601649000809,"val_loss":2.302593159935586,"epoch":5,"val_accuracy":0.1,"_step":4,"_wandb":{"runtime":42},"_runtime":42.5255271,"_timestamp":1.7412296974319804e+09}