{"accuracy":0.09996296296296296,"_step":4,"_runtime":3.7509737,"loss":2.309294325323337,"_timestamp":1.741152713878254e+09,"_wandb":{"runtime":3},"val_loss":2.307002169327948,"val_accuracy":0.10033333333333333,"epoch":5}