{"_runtime":50.357556,"val_mse_loss":0.19853638447513164,"val_accuracy":0.8632,"_wandb":{"runtime":50},"val_loss":0.3924209983985663,"confusion_matrix_table":{"nrows":100,"_type":"table-file","sha256":"4c4a773817532632cb89376c40f831fe4e99c2f369636ce7d47704762c7656a7","size":2929,"artifact_path":"wandb-client-artifact://1xh85vawsoso3xbhgxfcikt2ytge4poo7ikmcfli5c6xfaxufr6d503d2o5ie6e83p4srfsfah08jz24gxel4np1y8bww6fcjmz3zzpibo7buc4cz0q22aih92gb0ygb/confusion_matrix_table.table.json","_latest_artifact_path":"wandb-client-artifact://ji53c9ovf75u3natxpxq5pak91bducmi4zy5ccws69c07d903i5azbnf20os9xw2nfk8kjcuoor9ttocmgoy7tcqct9hmgd3xyaotkchl4u6cmkuvb3stzjlffwbw1if:latest/confusion_matrix_table.table.json","path":"media/table/confusion_matrix_table_10_4c4a773817532632cb89.table.json","ncols":3},"_timestamp":1.7421115514354296e+09,"accuracy":0.9010185185185186,"epoch":10,"mse_loss":0.14241651558111398,"loss":0.2707834776087877,"val_cross_entropy_loss":0.3924209983985663,"cross_entropy_loss":0.2707834776087877,"_step":10}