{"val_mse_loss":0.25756987678973947,"cross_entropy_loss":0.49559355260713434,"confusion_matrix_table":{"_type":"table-file","sha256":"b2350308aed9e54575e6499b94889a51198e1cb1a06d8aaa9ad31fede6c9fb94","size":2937,"artifact_path":"wandb-client-artifact://0dqikh4reog3tdd0g1wj4kdwtbw61snsdw4ulpcim15fckgqcsgibahe7dmzb8m0v40ed6wowq91wbqneekbrf7ig5rft6aoctofbco05q64pi9drx5of54nrznslzaj/confusion_matrix_table.table.json","_latest_artifact_path":"wandb-client-artifact://lbufkaziu283wh28ajdtc266lepii9gb2iofchrqrc8xirlun2chyypkbagzua58guqbyrm29zczb837fc6melcxq1fneh8jqofo7kuqua4nrazsx5lbueo9ljostkre:latest/confusion_matrix_table.table.json","path":"media/table/confusion_matrix_table_5_b2350308aed9e54575e6.table.json","ncols":3,"nrows":100},"val_loss":0.5333206449563759,"mse_loss":0.2423914810009789,"val_cross_entropy_loss":0.5333206449563759,"_wandb":{"runtime":12},"loss":0.49559355260713434,"_step":5,"_runtime":12.2121774,"_timestamp":1.7421939117850986e+09,"accuracy":0.8321481481481482,"epoch":5,"val_accuracy":0.823}