{"val_loss":0.5179814183271149,"_runtime":5.2176287,"_step":4,"accuracy":0.8503260225251926,"val_accuracy":0.8388,"loss":0.48970799351793454,"_wandb":{"runtime":5},"epoch":5,"_timestamp":1.741240599332612e+09}