{"epoch":10,"loss":1.0414650656552842e+17,"_runtime":56.5457829,"accuracy":0.287860814551206,"val_loss":1.5535302104729354e+17,"val_accuracy":0.2892,"_wandb":{"runtime":56},"_step":9,"_timestamp":1.7412311233975976e+09}