{"_step":9,"epoch":10,"accuracy":0.10083333333333333,"_timestamp":1.7411525133958101e+09,"_wandb":{"runtime":10},"val_loss":2.4572094372035007,"_runtime":10.6464993,"val_accuracy":0.0925,"loss":2.4609326903867976}