{"epoch":10,"cross_entropy_loss":0.2838387913187383,"val_accuracy":0.874,"mse_loss":0.14921634033521214,"_step":10,"val_cross_entropy_loss":0.35091900246890306,"_timestamp":1.7421097784901478e+09,"_runtime":15.0243198,"val_loss":0.35091900246890306,"confusion_matrix_table":{"path":"media/table/confusion_matrix_table_10_d39bc5d8b2ad71d9ad00.table.json","ncols":3,"nrows":100,"_type":"table-file","sha256":"d39bc5d8b2ad71d9ad00491f6856557084ba5060f59c3e595521f05ed03c0e90","size":2933,"artifact_path":"wandb-client-artifact://am61ujvyogpwg1sbj813f8ox9stjs5pspn5opvk5gytulosg8s4lwce93v9r03dya0gf4q0s6mny3sepnr3y6sf29lok3orjryy6202zrwlv68aq0ixq8mf487bjyb44/confusion_matrix_table.table.json","_latest_artifact_path":"wandb-client-artifact://6q5gczspoiisnt6ety8xmcvgfzeukll8yvhizessyfyem1880y9t8du6otq1ealhfy4v78u5sx5y9jluq86rng52fe86n8dvfiicczv163wbcp5qbzv2nbjdlr1tjoho:latest/confusion_matrix_table.table.json"},"val_mse_loss":0.18058164118558437,"accuracy":0.8958888888888888,"loss":0.2838387913187383,"_wandb":{"runtime":15}}