{"_wandb":{"runtime":45},"val_mse_loss":0.19012326183290917,"_step":10,"accuracy":0.9059074074074074,"val_accuracy":0.8681,"loss":0.25622695130109574,"val_loss":0.3753442768699638,"_timestamp":1.7421974221216822e+09,"epoch":10,"_runtime":45.1245239,"val_cross_entropy_loss":0.3753442768699638,"confusion_matrix_table":{"artifact_path":"wandb-client-artifact://8cpzqdz2s5t21wurtth7m45secwsee4ts9hcpozrqp9q8i41y0y24ezo9j1ctkuj3qebpnjtk61iw6ty17rhqnh6uohgd8dvicoy9rhy9nn9kgidj2w63hbkz3gfppv9/confusion_matrix_table.table.json","_latest_artifact_path":"wandb-client-artifact://fx1fqp693g1s5xzkbdp5udeqm2fyxv36ocqug46m5gbsz6yoywq9465etu2pcdu6j24lum1xhm4nc1c3rb89er1442olao0g0h48xlmjwya646pzh25hqfwcuhhcwpiy:latest/confusion_matrix_table.table.json","path":"media/table/confusion_matrix_table_10_f08ec3f82a8703295cc2.table.json","ncols":3,"nrows":100,"_type":"table-file","sha256":"f08ec3f82a8703295cc2a7f17a03f26984a151c1bc26f0184007430b7406e54c","size":2930},"cross_entropy_loss":0.25622695130109574,"mse_loss":0.1362806977085023}