{"val_mse_loss":0.9000060733267282,"val_accuracy":0.1,"epoch":10,"_runtime":42.0176172,"_timestamp":1.7421920606971676e+09,"cross_entropy_loss":2.3027228092341945,"loss":2.3130891721988562,"_wandb":{"runtime":42},"accuracy":0.09933333333333333,"val_loss":2.312979799354414,"_step":10,"val_cross_entropy_loss":2.302615216186414,"confusion_matrix_table":{"_latest_artifact_path":"wandb-client-artifact://4lolcwm2l0vx1trz2lb67tnppgkj81tbxgxgxmwhhn80k3ht8rgmr1yaqhneybht1z3ndzdreyhxu4gysjb90qol30mavtq7ws8dawfcuyogqu7v8em8o9wsl76a1m2m:latest/confusion_matrix_table.table.json","path":"media/table/confusion_matrix_table_10_fde76a3ad560a8d9e3d8.table.json","ncols":3,"nrows":100,"_type":"table-file","sha256":"fde76a3ad560a8d9e3d8af65329ead9e0fc5eb7c4f2377967c2e27d07ba92fba","size":2912,"artifact_path":"wandb-client-artifact://ubxubksupzbqt31rj4xkse41ztrcc6wso3mfbcv37cl3had6dbswlyktgtcvi51rmne5dwbbkuc6nba7w2k2on9i2qevd4ix4pj265plmmhayq45jnlpqrfst2hjvws6/confusion_matrix_table.table.json"},"mse_loss":0.9000275885545385}