{"_wandb":{"runtime":6},"_timestamp":1.7412538762582455e+09,"_runtime":6.5084581,"_step":4,"val_loss":2.3036851390304744,"epoch":5,"val_accuracy":0.1,"loss":2.3039210171596016,"accuracy":0.09805555555555556}