{"accuracy":0.1572962962962963,"val_loss":2.344501411327879,"_wandb":{"runtime":3},"val_accuracy":0.1745,"loss":2.3842078617373854,"_timestamp":1.7411539584162097e+09,"_step":4,"_runtime":3.8213559999999998,"epoch":5}