{"loss":2.3912224649231466,"accuracy":0.09964814814814815,"_step":9,"val_loss":2.3873584338659004,"val_accuracy":0.10316666666666667,"_wandb":{"runtime":5},"_timestamp":1.7411544845935287e+09,"epoch":10,"_runtime":5.2711696}