{"_wandb":{"runtime":5},"val_loss":2.3020261421180868,"val_accuracy":0.10583333333333333,"loss":2.3019646253635075,"_step":9,"_runtime":5.2913682,"accuracy":0.11361111111111111,"_timestamp":1.741152758884935e+09,"epoch":10}