{"_step":5,"epoch":5,"_runtime":14.9156528,"confusion_matrix_table":{"size":2942,"artifact_path":"wandb-client-artifact://rwkixhhyddj0jx4j94u0tv5z7ecrhaxu701wldl4skw8zh8c247wd9r9jv0pxh7u24ggscclg9e9iuwk2qf6s150zvritf44b8bl06tbg8rhlrphrp44z24eur3uavt8/confusion_matrix_table.table.json","_latest_artifact_path":"wandb-client-artifact://mn3du2ey9gyh2t5u6m1yjkpxt2rf0uiq7edr9ez4gwuv6lyss8xw8x23gbqjy6lopauks9ad25ka1wbnb8m77ntcpiwjrtcfol89nq5e2kpsg66f0mgd7676e4kdy3hb:latest/confusion_matrix_table.table.json","path":"media/table/confusion_matrix_table_5_5739450e2156502534b8.table.json","ncols":3,"nrows":100,"_type":"table-file","sha256":"5739450e2156502534b875db2cc68ec2e7fe4df94985f8d6c875b4dab37bb4e3"},"accuracy":0.3527592592592593,"val_loss":17.562788721966697,"_timestamp":1.741576956527772e+09,"_wandb":{"runtime":14},"loss":20.45583730597977,"val_accuracy":0.3209}