{"val_accuracy":0.8006,"val_loss":0.578769557962133,"_wandb":{"runtime":36},"_step":4,"accuracy":0.7963518518518519,"loss":0.5870240311969381,"_timestamp":1.741369440429832e+09,"_runtime":36.4776597,"epoch":5}