{"_timestamp":1.7412306551288862e+09,"epoch":5,"loss":2.3056519595748792,"_step":4,"accuracy":0.10233170225385528,"val_accuracy":0.1,"_wandb":{"runtime":19},"val_loss":2.3028047959208693,"_runtime":19.0143274}