{"_step":9,"val_loss":0.5945237808721329,"_wandb":{"runtime":76},"loss":0.5689553615131439,"val_accuracy":0.8365,"epoch":10,"accuracy":0.8477777777777777,"_timestamp":1.741235408474941e+09,"_runtime":76.0514752}