{"_wandb":{"runtime":9},"val_loss":0.7860066809823576,"mse_loss":0.39271830690448534,"epoch":5,"accuracy":0.7115,"confusion_matrix_table":{"ncols":3,"nrows":100,"_type":"table-file","sha256":"57832e0f1ecfe3ea9d0a03d5731b89f1784e07d3e8801c99c817cdaa49a3e775","size":2939,"artifact_path":"wandb-client-artifact://zgdjy4awvvdm7f8oov875obhyiilzb19p1on1qa8ua1et0u0fqhaiumfe004mh0omuo8mzljgvj02q5hbbp3vt9hg8h19uch4pw38b9dndjfdl74lgf8e4o4rho0adve/confusion_matrix_table.table.json","_latest_artifact_path":"wandb-client-artifact://sz3b58o38ftac7aq8iujc1s22h4w03l577uje4o8hhf9v98i19ydr8ymcbw04n38nc3q5s5dpmvq8x9hpccrc4l8h38ohx9mos5h9b56jt7zwozcz3lakpmvv7h7mipb:latest/confusion_matrix_table.table.json","path":"media/table/confusion_matrix_table_5_57832e0f1ecfe3ea9d0a.table.json"},"cross_entropy_loss":0.7628458441468989,"val_mse_loss":0.3820542374044359,"loss":0.7896980649519972,"_step":5,"_runtime":9.6003681,"val_cross_entropy_loss":0.7585331711837556,"val_accuracy":0.72,"_timestamp":1.7415853624574728e+09}