{"val_mse_loss":0.1709252020206798,"_wandb":{"runtime":38},"val_loss":0.3439280280760096,"epoch":10,"_timestamp":1.7421981148719506e+09,"confusion_matrix_table":{"sha256":"1a6183890e4906437520760074f3531f747c53b1712a174500d2bbee55b2cb6c","size":2927,"artifact_path":"wandb-client-artifact://hq21aqr30f28pwcwf2t75emyono3rn50kcubv2857w11l9pegtybrafq57kqa090ebr8yx2ijrc2yugpfm8f0g2xetmr7otamyrni328qrc6fb5xeq849d5daancgb51/confusion_matrix_table.table.json","_latest_artifact_path":"wandb-client-artifact://69ulcr37774ai08v7sfzn4qz6oi03zptltol9n806rojzp6co9txy5iu4xv9ykwrc9afv5fcbr3lhxbjogde3nc0pd9n0n7oquov56efch9m3w6b2ea7nvax98q6o8rb:latest/confusion_matrix_table.table.json","path":"media/table/confusion_matrix_table_10_1a6183890e4906437520.table.json","ncols":3,"nrows":100,"_type":"table-file"},"val_cross_entropy_loss":0.3439280280760096,"cross_entropy_loss":0.2517494039976627,"loss":0.2517494039976627,"val_accuracy":0.8835,"_runtime":38.3348508,"_step":10,"accuracy":0.9077777777777778,"mse_loss":0.13397521676729152}