{"_wandb":{"runtime":41},"val_loss":2.305018643083212,"_timestamp":1.7412567521237092e+09,"_runtime":41.3309651,"loss":2.3047360005269577,"_step":4,"accuracy":0.10074074074074074,"val_accuracy":0.1,"epoch":5}