{"epoch":5,"val_accuracy":0.0925,"_runtime":2.7076853,"_step":4,"val_loss":2.3150855929112493,"_timestamp":1.7411572196003458e+09,"_wandb":{"runtime":2},"accuracy":0.10083333333333333,"loss":2.315960733227633}