{"epoch":10,"val_accuracy":0.5015,"loss":1.4904963080357272,"confusion_matrix_table":{"nrows":100,"_type":"table-file","sha256":"a800fd73078d86e93a91ab4a29cabed8212e12f58bf6fc16dd8645025336231d","size":2943,"artifact_path":"wandb-client-artifact://sarup1t5ipsvbzbq7dax0zs3gzlm8n01wxsf442mua6bbl97qlb9wfvztwbzf8ekd4tm9w7zqenjc3khnqq5oy95ik4ucefigpj7zi83ev2hwsm6s6lkfnxk4usqjscy/confusion_matrix_table.table.json","_latest_artifact_path":"wandb-client-artifact://lbtp51d7fftu0cpodkb4cr83bj58ou18dxxr6hafi8c0adduh102lkfd1li3w0780jt1lmy39p9ropaeeowwusoqbbxxxnh9kkon04ynabvohcii2lyi4g3uff7tbxx5:latest/confusion_matrix_table.table.json","path":"media/table/confusion_matrix_table_10_a800fd73078d86e93a91.table.json","ncols":3},"val_loss":1.3851765377374405,"val_cross_entropy_loss":1.3851765377374405,"mse_loss":0.6962885773881236,"val_mse_loss":0.6625278639173571,"cross_entropy_loss":1.4904963080357272,"_runtime":13.560254,"_step":10,"_timestamp":1.741586632288209e+09,"accuracy":0.4598333333333333,"_wandb":{"runtime":13}}