{"val_accuracy":0.2056,"_wandb":{"runtime":5},"loss":3.5431251166346236,"_runtime":5.2101638,"epoch":5,"_step":4,"val_loss":3.8239504074597894,"accuracy":0.2058943390634262,"_timestamp":1.7412352790714378e+09}