{"loss":2.3026190216297002,"val_accuracy":0.1,"epoch":10,"accuracy":0.10042592592592593,"_timestamp":1.741347126779268e+09,"_runtime":12.0175757,"_step":9,"val_loss":2.302591461883769,"_wandb":{"runtime":12}}