{"accuracy":0.3303333333333333,"val_loss":1.9234410648637859,"_timestamp":1.7411574031333108e+09,"_runtime":4.3804951,"_step":4,"epoch":5,"_wandb":{"runtime":4},"val_accuracy":0.37183333333333335,"loss":2.060174228606823}