{"_runtime":9.904997999999999,"_wandb":{"runtime":9},"val_loss":0.8974698911379902,"_step":5,"loss":0.9779620947627052,"confusion_matrix_table":{"nrows":100,"_type":"table-file","sha256":"4026b810cf70c5a0ff13a28d13d65dc15825165ebd6c00076f5e35fe6f7b100a","size":2947,"artifact_path":"wandb-client-artifact://q0fl30v96x5sm44zloxi1bvsw4n395ta2nfr6c2nzem3oba5dmsh4hjb8g4nfoss2v0u3megq6zv6910elaaxzhnbs2y7jay2tvfmzi3rren3b69szjrpkd4kk1nzpg3/confusion_matrix_table.table.json","_latest_artifact_path":"wandb-client-artifact://svnrilkazczpttjw6lqx0w5u94iz9go6o3nez3m64k7nsyfl081pfnh2u8e1i14zp0fqsaec2kmnybkhljnpodarav9iyx6maxjg3ayfqctqqdai6q76r4j0v3gte2mc:latest/confusion_matrix_table.table.json","path":"media/table/confusion_matrix_table_5_4026b810cf70c5a0ff13.table.json","ncols":3},"val_accuracy":0.6869,"accuracy":0.6760555555555555,"_timestamp":1.741575255202304e+09,"epoch":5}