{"val_cross_entropy_loss":0.38576638073045993,"val_loss":0.38576638073045993,"_wandb":{"runtime":22},"mse_loss":0.14229032805104083,"epoch":10,"_runtime":22.2503905,"val_accuracy":0.8632,"_step":10,"_timestamp":1.7415913506110513e+09,"val_mse_loss":0.19600748508115218,"cross_entropy_loss":0.2714285191636912,"confusion_matrix_table":{"sha256":"88bb9c75efbcd1ab36233197dfe03178bc6c229a0169fb7cb25b710cf4030058","size":2929,"artifact_path":"wandb-client-artifact://t2nq5dg9wgblyph6plzvkqvmlu0ixw61fyhal79g1cvi3zxnn5v66cqthtecdrc0pzjvvmd7b6y05m4rzp7ak42ia183orjq4e3ovj2e2gfucdmis4zxlk4n43sjk5d7/confusion_matrix_table.table.json","_latest_artifact_path":"wandb-client-artifact://qg3ckhr3y6zrl1wl2vipcnt9ou0jf0jcq2bcbd1vedtkluk6atbx7i6m3vw5zgnq99odn71nkzcp1ygtxgyrseczh6wekjpp1cwm8q8bwzjh2dl5bkwe2atjswdbikto:latest/confusion_matrix_table.table.json","path":"media/table/confusion_matrix_table_10_88bb9c75efbcd1ab3623.table.json","ncols":3,"nrows":100,"_type":"table-file"},"loss":0.2714285191636912,"accuracy":0.9019074074074074}