{"val_accuracy":0.16883333333333334,"accuracy":0.0997037037037037,"_runtime":4.3710264,"loss":2.2942359697342827,"_wandb":{"runtime":4},"val_loss":2.2835068629728674,"epoch":5,"_timestamp":1.7411560165496068e+09,"_step":4}