{"val_loss":2.3029947765670293,"val_accuracy":0.07516666666666667,"_wandb":{"runtime":6},"_step":9,"epoch":10,"accuracy":0.08362962962962962,"_timestamp":1.7411518441811683e+09,"_runtime":6.929575,"loss":2.30292777274619}