{"val_loss":0.36288422093760514,"_wandb":{"runtime":19},"val_cross_entropy_loss":0.36288422093760514,"accuracy":0.9012592592592592,"_step":10,"loss":0.2719559494317391,"_timestamp":1.7421919512459917e+09,"cross_entropy_loss":0.2719559494317391,"mse_loss":0.14314975027515903,"val_mse_loss":0.1855576943792805,"val_accuracy":0.871,"epoch":10,"_runtime":19.3469215,"confusion_matrix_table":{"nrows":100,"_type":"table-file","sha256":"96bba505e1129b200834937e5f20ee4a2cb939dc547981c8a054b6b8ca626867","size":2931,"artifact_path":"wandb-client-artifact://ibaitv9cebqbldgxnxj4hlq0lnnhxkc3jly1u45ngoroo7ovv11fma4c95vrudecdw2o8m74bzpq0nejhfucm3xqq2iplbf1zevm2mzb21pjgv0rnfm7qu3i28kkm74r/confusion_matrix_table.table.json","_latest_artifact_path":"wandb-client-artifact://zhjtk76rv28dtd8nom71q366jm3nkn61npcrv84ku1b6vcme5fko582kn1njfkb5dexhg698wxjxcl46cblmewinea6rv0zpivy9m63r7ynne5bvieqql9pda26whqxg:latest/confusion_matrix_table.table.json","path":"media/table/confusion_matrix_table_10_96bba505e1129b200834.table.json","ncols":3}}