{"_step":9,"loss":2.304447671962192,"val_loss":2.304414424850981,"epoch":10,"accuracy":0.10011111111111111,"_runtime":12.878157,"val_accuracy":0.1,"_wandb":{"runtime":12},"_timestamp":1.7412563316416693e+09}