{"epoch":10,"val_accuracy":0.3556666666666667,"_timestamp":1.741153281422754e+09,"_runtime":6.6340202,"accuracy":0.3229444444444444,"_step":9,"_wandb":{"runtime":6},"val_loss":2.2370570772684726,"loss":2.256445229788417}