{"cross_entropy_loss":0.3494463240520566,"val_loss":0.39387949700094765,"val_cross_entropy_loss":0.39387949700094765,"confusion_matrix_table":{"path":"media/table/confusion_matrix_table_10_975aaec210b769d4f0e4.table.json","ncols":3,"nrows":100,"_type":"table-file","sha256":"975aaec210b769d4f0e4e0b802c5349cd68a8619f63d3c60fdb9b16a021c94ea","size":2933,"artifact_path":"wandb-client-artifact://wf9spnxibu1ubh0ihw0km8z53i3xxks1sjofmwuturvflkaouoc02tj2xkuvz2gi73r8e6pxpuep5p2rb079s20kvbta7nleki8qyv91816ob1p1ioydjjvq2b6g1elq/confusion_matrix_table.table.json","_latest_artifact_path":"wandb-client-artifact://u796fnmfj31q5z3bjdyxpvm7je33lcjj5qfaz0djntoikk6uvv5ra6fh6m4jrw44heu04qkxlq4uhpi6xjoh91lmvu9599aon2w0byfpk7u06cg484q17tjb5pvm5i8a:latest/confusion_matrix_table.table.json"},"loss":0.3494463240520566,"_timestamp":1.7421100110735083e+09,"epoch":10,"_step":10,"val_mse_loss":0.19957050387965192,"accuracy":0.8762592592592593,"mse_loss":0.17840851344132672,"_runtime":17.6319774,"_wandb":{"runtime":17},"val_accuracy":0.8607}