{"loss":2.3283484702828185,"_timestamp":1.7411520807444274e+09,"_step":4,"_runtime":5.6251572,"epoch":5,"val_loss":2.323363427401954,"_wandb":{"runtime":5},"val_accuracy":0.10266666666666667,"accuracy":0.0997037037037037}