{"_runtime":3.7994094,"_step":4,"loss":2.3013422601892644,"val_accuracy":0.10333333333333333,"val_loss":2.3011630114828345,"_timestamp":1.7411533533726652e+09,"epoch":5,"_wandb":{"runtime":3},"accuracy":0.0982962962962963}