{"_wandb":{"runtime":4},"_step":9,"val_loss":2.301717473344448,"accuracy":0.09061111111111111,"_timestamp":1.7411574144399703e+09,"loss":2.301468493819349,"val_accuracy":0.08866666666666667,"epoch":10,"_runtime":4.8432972}