{"val_accuracy":0.8752,"mse_loss":0.14331118782147154,"val_cross_entropy_loss":0.35189235831744353,"val_loss":0.35189235831744353,"_wandb":{"runtime":19},"confusion_matrix_table":{"path":"media/table/confusion_matrix_table_10_dd8bc6e55a6255577f9d.table.json","ncols":3,"nrows":100,"_type":"table-file","sha256":"dd8bc6e55a6255577f9d675a4e18508da75bd1ae043bf5337003ed48ba241234","size":2930,"artifact_path":"wandb-client-artifact://0rrznzk953xkay7wijf5k8dq5pd7yd9xyz7dxlkh20qowxi1q43gg9xd7wg7h42arxog4s9gom8t9vbu7bonqv200n5c7n4wq2i4a8r6xvnzdta1xddll89abnz36iup/confusion_matrix_table.table.json","_latest_artifact_path":"wandb-client-artifact://re5012ist5m2jdjouiyzcpv2f7i84rz51i64q3hkw260ao7f5hnqlvz9e3ycgrv91n8b7g39w2ad9uhj9loyzalxa8r7nyxol2ci1m44ta6owht5tlwp8fctkv67gf6b:latest/confusion_matrix_table.table.json"},"val_mse_loss":0.17948868092773512,"loss":0.2729273806460801,"accuracy":0.9005555555555556,"_step":10,"_timestamp":1.7421058240197685e+09,"epoch":10,"_runtime":19.2312372,"cross_entropy_loss":0.2729273806460801}