{"val_mse_loss":0.19778508707489806,"_runtime":58.6215079,"val_loss":0.40022615061198913,"epoch":10,"val_cross_entropy_loss":0.40022615061198913,"cross_entropy_loss":0.3558822849107336,"confusion_matrix_table":{"path":"media/table/confusion_matrix_table_10_4d08e98d4485b216d5c7.table.json","ncols":3,"nrows":100,"_type":"table-file","sha256":"4d08e98d4485b216d5c7b7d3766497d7c6419fec47ed227aa3fe000c7485be39","size":2931,"artifact_path":"wandb-client-artifact://qfgm9xbg0fx69zymhcayh3yqs5epbjfi5zc7kdpoytpm8qm6k0aghtckcitznjk7n3l263s514a3b2yybex79uva0r4279vywglwpv30sai4hdzwqgtzh2ldi1kngldp/confusion_matrix_table.table.json","_latest_artifact_path":"wandb-client-artifact://006c6l7ed2wl8rtxq59rmp4dzjlw8y8vctb6lgmybt8ecboc05sush4dzqodpo8595mcgnwigbz6azi2my9db4ov0nf9b5mj37iy1p2s25vwch2kgalb6hxs7rnugkqw:latest/confusion_matrix_table.table.json"},"mse_loss":0.17813029335042294,"val_accuracy":0.8632,"_timestamp":1.742191843306845e+09,"_step":10,"loss":0.3558822849107336,"accuracy":0.876462962962963,"_wandb":{"runtime":58}}