{"val_accuracy":0.1,"_step":4,"val_loss":2.3027235904105914,"epoch":5,"_runtime":11.315976299999999,"_wandb":{"runtime":11},"_timestamp":1.7412414969985545e+09,"loss":2.302912589420148,"accuracy":0.09825925925925925}