{"_wandb":{"runtime":32},"val_accuracy":0.8513,"val_mse_loss":0.21474083894429535,"_timestamp":1.7415894884265177e+09,"_runtime":32.1943,"val_cross_entropy_loss":0.4233723267296278,"confusion_matrix_table":{"path":"media/table/confusion_matrix_table_5_cd49091fab02a48ef70f.table.json","ncols":3,"nrows":100,"_type":"table-file","sha256":"cd49091fab02a48ef70ffaf4d5331fba884b72da0f781c737c19056854276aef","size":2933,"artifact_path":"wandb-client-artifact://1eh9g5047vkazx5cijq2gdvi5xx9fprl6hd21qdp74bdh9wtxeexcsl06g4wpwm7t90ixckr2l5yy08os8vj9kgfx171a8i3agt9hcm49tqxz4r9f77a3dvvb7rcplww/confusion_matrix_table.table.json","_latest_artifact_path":"wandb-client-artifact://9qyrks8pmipug5isyzb8kqdyfuw7tx8k6ofu9tlqdus35p5f4glgu5xts6s6lcmaxfg02vidnq6bsd11g7vtxncrgzd1hrterzvglxt85ovxbm9mo4labkd6f7h9ql1g:latest/confusion_matrix_table.table.json"},"mse_loss":0.19319165007267927,"cross_entropy_loss":0.38325204704213184,"loss":0.38325204704213184,"epoch":5,"val_loss":0.4233723267296278,"_step":5,"accuracy":0.8650740740740741}