{"epoch":10,"accuracy":0.21553703703703703,"val_loss":2.259908103722471,"_step":9,"loss":2.266168707898563,"_timestamp":1.741158042803362e+09,"_wandb":{"runtime":8},"_runtime":8.5113521,"val_accuracy":0.2956666666666667}