{"_runtime":5.1557396,"epoch":5,"val_loss":1.3458049343648857,"_wandb":{"runtime":5},"accuracy":0.4812592592592593,"_timestamp":1.741257366622689e+09,"loss":1.3618287269595863,"val_accuracy":0.4664,"_step":4}