{"accuracy":0.8941296296296296,"_wandb":{"runtime":33},"mse_loss":0.1557451775620526,"_runtime":33.6077634,"val_cross_entropy_loss":0.41006664865811043,"_step":10,"loss":0.3054977510317408,"_timestamp":1.7421965593216133e+09,"val_mse_loss":0.19907830772518267,"val_loss":0.41006664865811043,"val_accuracy":0.8625,"cross_entropy_loss":0.3054977510317408,"epoch":10,"confusion_matrix_table":{"_latest_artifact_path":"wandb-client-artifact://j3jfj7plc4ycjq03cvttl4to4a5dhhumyj2z5nqafquydn8fcv6iz8v19xdobaioeugtzicohnha6b4cn7quujx5u3dnstkkr6i7ddwuecm1zo163oz7hl1tgebvruvz:latest/confusion_matrix_table.table.json","path":"media/table/confusion_matrix_table_10_c35a8cc44bcc0a31c414.table.json","ncols":3,"nrows":100,"_type":"table-file","sha256":"c35a8cc44bcc0a31c4149d231219592504c00c8bf63220659d24545b08422df3","size":2932,"artifact_path":"wandb-client-artifact://eftnaiayywn7silrn3lozgjzuj7dvxn8qekarp82jomvks7yp42tlqukdwwfc3kwdmlxo5zx95blynpbtnfewkrhb9lphd7mq2y753ku86ukg9d71cpdrhnh615a9o7i/confusion_matrix_table.table.json"}}