{"val_accuracy":0.0925,"_timestamp":1.7411580280501175e+09,"accuracy":0.10083333333333333,"_step":4,"loss":2.3507492893910116,"_wandb":{"runtime":4},"_runtime":4.5021959,"epoch":5,"val_loss":2.3580577671099965}