{"_timestamp":1.7413444086111887e+09,"_wandb":{"runtime":13},"accuracy":0.09944444444444445,"val_accuracy":0.1,"_runtime":13.6466106,"val_loss":NaN,"epoch":5,"_step":4,"loss":NaN}