{"val_accuracy":0.08216666666666667,"epoch":5,"_step":4,"accuracy":0.08101851851851852,"_wandb":{"runtime":3},"loss":2.4141664298974805,"_timestamp":1.7411575083706481e+09,"val_loss":2.410987201449014,"_runtime":3.8157022}