{"_step":4,"epoch":5,"val_loss":2.3026332721149485,"_wandb":{"runtime":58},"loss":2.3026452106406183,"accuracy":0.10077777777777777,"val_accuracy":0.1,"_runtime":58.3463386,"_timestamp":1.7413463865284092e+09}