{"val_accuracy":0.1,"epoch":10,"_wandb":{"runtime":48},"accuracy":0.10083333333333333,"_timestamp":1.7413576446103256e+09,"_step":9,"_runtime":48.2087906,"loss":2.3026037426718142,"val_loss":2.3026059155510037}