{"epoch":10,"_wandb":{"runtime":14},"val_accuracy":0.5575,"_runtime":14.1305693,"_step":9,"val_loss":1.33796097017037,"accuracy":0.5677454033214709,"_timestamp":1.741236331181194e+09,"loss":1.3399411291226502}