{"accuracy":0.8556666666666667,"_step":4,"val_accuracy":0.8492,"loss":0.5110470023646398,"_wandb":{"runtime":36},"val_loss":0.5329269241290621,"_timestamp":1.7413486572918272e+09,"_runtime":36.4836905,"epoch":5}