{"val_accuracy":0.8468,"cross_entropy_loss":0.3887417698260123,"_runtime":16.5915169,"confusion_matrix_table":{"ncols":3,"nrows":100,"_type":"table-file","sha256":"33a7f9596fcbcaea5943c5c3bc1051a9f32fc4ab8057551f5519bfdc14e85168","size":2933,"artifact_path":"wandb-client-artifact://7hngmw1wlrkqs4i2rj027b61kp7pd9ij0kvoa69mqiegrbrul6xocq53voeyw2jqi2ug3kh5heter9wkgjnh3j5ypbtawzkbtwe1yzle3uxlyvuph7rtgzruyfq6co9m/confusion_matrix_table.table.json","_latest_artifact_path":"wandb-client-artifact://4s75hx7c67z6bnei15si0ebeft2ynjic0r1v55l9v8s7pb4meeyz5fpnarvurgj3bv0vpu6jahsq6a1x8zbgz120fg5zsko66ywj9ytvuv8u36zce7dt8ol6kodc2fe5:latest/confusion_matrix_table.table.json","path":"media/table/confusion_matrix_table_5_33a7f9596fcbcaea5943.table.json"},"val_loss":0.503229179939849,"_timestamp":1.7421077216098802e+09,"epoch":5,"accuracy":0.8622407407407408,"_step":5,"loss":0.4596048206160516,"val_mse_loss":0.21661905356910457,"_wandb":{"runtime":16},"val_cross_entropy_loss":0.4322788692047179,"mse_loss":0.19672368959682898}