{"loss":1.8410447272466113,"_timestamp":1.7412482322728267e+09,"accuracy":0.6058333333333333,"epoch":5,"_wandb":{"runtime":30},"_step":4,"val_accuracy":0.6187,"_runtime":30.2366347,"val_loss":2.0320258036776653}