{"_timestamp":1.7412590426820323e+09,"accuracy":0.8698333333333333,"_step":4,"_runtime":14.5433422,"_wandb":{"runtime":14},"val_accuracy":0.8509,"epoch":5,"loss":0.4198855775452808,"val_loss":0.4863092453410493}