{"_wandb":{"runtime":41},"accuracy":0.09712962962962964,"epoch":10,"_runtime":41.0156014,"val_loss":2.3045220632009653,"_step":9,"loss":2.30476887056482,"_timestamp":1.7415344659097342e+09,"val_accuracy":0.1}