{"val_loss":2.3019340380655025,"_wandb":{"runtime":10},"_timestamp":1.7411534302193651e+09,"_step":9,"epoch":10,"accuracy":0.09938888888888889,"_runtime":10.577293300000001,"val_accuracy":0.1055,"loss":2.3022199010257114}