{"loss":0.46620052218127866,"_timestamp":1.7412558048520195e+09,"_step":9,"_wandb":{"runtime":36},"val_loss":0.5124175113696546,"epoch":10,"accuracy":0.8405555555555555,"val_accuracy":0.8309,"_runtime":36.3424229}