{"loss":0.278381017784325,"mse_loss":0.14431782981914829,"val_cross_entropy_loss":0.3915691403433085,"confusion_matrix_table":{"_type":"table-file","sha256":"3023d034941d873b11d2c856c0aa851464769ab6e93693f9d126d44d8ddda506","size":2928,"artifact_path":"wandb-client-artifact://hcw3q91nlnhzjxc1snfkm2mxmx4mpafihnxzjdha41z1dsx2c7cnnyd2ah2nnos8g2xz5k6d817fs8x4ne4dqsehnvk04uo3vmb6nm0x7pprbnecokmcqljqtwnfzfw4/confusion_matrix_table.table.json","_latest_artifact_path":"wandb-client-artifact://11r657gjlhcmyhasvvld9q1cflowentnkt6xxrhj6dtoabdneb58a5zv5e8rnzi0ndr0dlzigmop6w01nc0kzne81rp05jhsg7eqy0qbi0g32cjnwz80xhmov6o14o7i:latest/confusion_matrix_table.table.json","path":"media/table/confusion_matrix_table_10_3023d034941d873b11d2.table.json","ncols":3,"nrows":100},"val_loss":0.3915691403433085,"epoch":10,"val_mse_loss":0.18981447921400882,"cross_entropy_loss":0.278381017784325,"val_accuracy":0.8738,"accuracy":0.9012407407407408,"_wandb":{"runtime":63},"_step":10,"_runtime":63.2535102,"_timestamp":1.7415910884122891e+09}