{"val_accuracy":0.1,"_step":9,"loss":2.3053147357376633,"accuracy":0.10094775603005139,"_wandb":{"runtime":15},"val_loss":2.3025884238590133,"epoch":10,"_timestamp":1.7411921935169685e+09,"_runtime":15.6558043}