{"_wandb":{"runtime":61},"val_loss":2.3037346834457058,"_step":9,"epoch":10,"accuracy":0.09938129816241849,"_runtime":61.3695127,"loss":2.3063519154378516,"val_accuracy":0.1,"_timestamp":1.741238243315905e+09}