{"_timestamp":1.741236980460635e+09,"_wandb":{"runtime":11},"val_loss":2.3076380093838074,"accuracy":0.10096011269276393,"loss":2.3132820293400957,"val_accuracy":0.1,"_runtime":11.5539698,"_step":9,"epoch":10}