{"val_loss":12.507592856772147,"loss":12.951265524227761,"accuracy":0.1495,"val_accuracy":0.1491,"_timestamp":1.7413642289020066e+09,"_runtime":10.2738331,"epoch":10,"_step":9,"_wandb":{"runtime":10}}