{"epoch":10,"_step":9,"_timestamp":1.7412406149883397e+09,"val_accuracy":0.3328,"_runtime":10.2519478,"_wandb":{"runtime":10},"val_loss":2.266910075401424,"accuracy":0.3313995156188217,"loss":2.2772835741301654}