{"val_accuracy":0.103,"accuracy":0.1004074074074074,"val_loss":2.356103090534374,"_wandb":{"runtime":6},"_timestamp":1.7411566781481175e+09,"_runtime":6.9371329,"_step":9,"epoch":10,"loss":2.3579116414245576}