{"val_accuracy":0.8644,"val_cross_entropy_loss":0.39681154016526654,"_wandb":{"runtime":35},"_step":5,"mse_loss":0.19166391606864133,"_runtime":35.2845113,"epoch":5,"accuracy":0.866,"loss":0.4584781852103448,"_timestamp":1.7421066268569014e+09,"confusion_matrix_table":{"_type":"table-file","sha256":"9035f165ec48e11d784308be9bd8afa5a3cba400f1b690c06b8cc02f5bff12e4","size":2933,"artifact_path":"wandb-client-artifact://v7dmkzm1in0fdcy41n2t42mdujx23jdx9onf289gsp64qooa7s418r9sh8kcb20a8q6hfufnfwpp4zkqux3n9apna1t32bfgt2xwdgp2vtqs720ln28ivyb4fc3sxk60/confusion_matrix_table.table.json","_latest_artifact_path":"wandb-client-artifact://ph7u7hyaczvcht65ps0my7t2u3ja5bdutmynge1mrzyzd1s6wj3unqidqgvwz0kdtmsq1hwqou7bgyr47rboin1f4wzjrwyc3uyd7uwnvh749jcx2r5l79e2byd1ul0o:latest/confusion_matrix_table.table.json","path":"media/table/confusion_matrix_table_5_9035f165ec48e11d7843.table.json","ncols":3,"nrows":100},"cross_entropy_loss":0.3731388692511586,"val_mse_loss":0.19933349641566078,"val_loss":0.4814789495289532}