{"cross_entropy_loss":0.2560160632107947,"loss":0.2560160632107947,"confusion_matrix_table":{"size":2930,"artifact_path":"wandb-client-artifact://ksq979ndtlhlwm1nd005ohjmuib4k6zw1l0dfzg56u7harnkz56lk253ei5ja8xhukq9l2r60c9uh4oimj71d0rlfnczmyekmzb6han2ov5kf83ps5cf8plk7k5qid49/confusion_matrix_table.table.json","_latest_artifact_path":"wandb-client-artifact://dr3rx4hs4dp57sd4c4mqw3gcb9xzpy9m9u4po07sfivzcgjc8ygjfvoi9tv9izctw7g1i0lrbkk0hev8dwelo4d3qraddkiat4180m84sdd4qfd6puc6bet3ml51jgih:latest/confusion_matrix_table.table.json","path":"media/table/confusion_matrix_table_10_45fcf11d6a3a623e352e.table.json","ncols":3,"nrows":100,"_type":"table-file","sha256":"45fcf11d6a3a623e352e02159389fa2f58c6c64c7758340cfd1115fda70fae9c"},"mse_loss":0.13568199301941664,"_timestamp":1.7421986495672994e+09,"epoch":10,"_wandb":{"runtime":39},"val_mse_loss":0.17568715539495616,"_runtime":39.1788808,"val_loss":0.3515233376351482,"val_accuracy":0.8808,"val_cross_entropy_loss":0.3515233376351482,"_step":10,"accuracy":0.9061666666666667}