{"_step":10,"_wandb":{"runtime":17},"accuracy":0.9005740740740741,"cross_entropy_loss":0.27486160019580874,"val_cross_entropy_loss":0.36138280865807004,"val_accuracy":0.8747,"_timestamp":1.742108324807488e+09,"confusion_matrix_table":{"size":2927,"artifact_path":"wandb-client-artifact://ojb172znxsjdxbrnt496fh2ticp3qfwkp9s8fdvjpnkzzgmpz850u9yu8ueie6uy35ul31rq7ln5l0u2phukdhddft4i822smjhpzwz1z5gldhk9eu2wmt2de3tn4q8x/confusion_matrix_table.table.json","_latest_artifact_path":"wandb-client-artifact://v62tzxrum6eklbydsjy0m3kb2jnoiulvd772eyxppudvfy3lkv4issglglenf0ipg3a0zcfw8mvdetc59s0l8z5ll1hb4lzaibe2ekpa0gqggcfcdkrh5fqi5lqjqwyz:latest/confusion_matrix_table.table.json","path":"media/table/confusion_matrix_table_10_4ed8020bacb2fe5295d1.table.json","ncols":3,"nrows":100,"_type":"table-file","sha256":"4ed8020bacb2fe5295d1718b3baae37f727a3d5b9b5965712d4e11ad0e11ca66"},"val_mse_loss":0.18310230438693934,"_runtime":17.8187256,"epoch":10,"val_loss":0.36138280865807004,"loss":0.27486160019580874,"mse_loss":0.14434830522453682}