{"accuracy":0.11688888888888889,"_timestamp":1.7412407513953822e+09,"loss":2.2814533430343706,"val_accuracy":0.1364,"_runtime":14.2524459,"_wandb":{"runtime":14},"_step":9,"val_loss":2.2444481499431355,"epoch":10}