{"val_loss":6.293002821152173,"_wandb":{"runtime":40},"_step":9,"val_accuracy":0.2808,"loss":5.924027576874984,"_timestamp":1.741256651504736e+09,"_runtime":40.8300898,"epoch":10,"accuracy":0.28364814814814815}