{"accuracy":0.8812037037037037,"val_accuracy":0.8669,"_step":10,"val_loss":0.4392543007110254,"_timestamp":1.7421971409255807e+09,"loss":0.3957693445141756,"val_mse_loss":0.19143292522623587,"val_cross_entropy_loss":0.3757332242293464,"confusion_matrix_table":{"_latest_artifact_path":"wandb-client-artifact://f8aztozsoj9z42bny7mg5irsdyzvb6u20wy17wy21b58yvvjz35hzloyw0ig4rrglxorhxoodc4rhjwzw0np5wuppch7h5fw7djzqrvtwxclywwr67gk8nn7o3oyhufa:latest/confusion_matrix_table.table.json","path":"media/table/confusion_matrix_table_10_8f7d269c532c15586cc0.table.json","ncols":3,"nrows":100,"_type":"table-file","sha256":"8f7d269c532c15586cc02dab5ba6f13aed78d6a88eb27640fe08f5149df5c2d0","size":2929,"artifact_path":"wandb-client-artifact://j89evigo32jzses4j6qqatmo80ups5s82x5w6j8n8ybjnd5hu5f28yafx2yny6b7ei4bqjf6tavotf0be9wo3k91kmx5ideu03wkzsnblfrkdnjc7jxxscw7wvcwmksm/confusion_matrix_table.table.json"},"_wandb":{"runtime":19},"epoch":10,"mse_loss":0.17100288176905604,"_runtime":18.9973228,"cross_entropy_loss":0.33230136707838354}