{"val_mse_loss":0.20710437915192464,"_timestamp":1.7421952159451869e+09,"_runtime":17.4414135,"accuracy":0.8719814814814815,"val_accuracy":0.8544,"val_loss":0.4762992343596625,"_step":10,"cross_entropy_loss":0.35635635088147355,"val_cross_entropy_loss":0.40561210123445823,"_wandb":{"runtime":17},"loss":0.4270774764536787,"mse_loss":0.18187570910174183,"epoch":10,"confusion_matrix_table":{"size":2934,"artifact_path":"wandb-client-artifact://turye10omklsph7vihskx9e1cfmuwcczztblks3xg703492hyzgn1detdpg6vuii5llm1z1uoxyv3gmdzbemvzme5091fv1wzcujjsa1nsa3a8jm2mgmuepysh6fh7j0/confusion_matrix_table.table.json","_latest_artifact_path":"wandb-client-artifact://6wd7qgefuvcajirr0zuueorjo7dxjcd6467342uphan80ifhrkb3q1tx6pe55krwcdg72m04xzk3vrthn9dfgyqes60ya72tj3pgnzqceomult769ohxs2n067zgugfs:latest/confusion_matrix_table.table.json","path":"media/table/confusion_matrix_table_10_eb018409880d9817c228.table.json","ncols":3,"nrows":100,"_type":"table-file","sha256":"eb018409880d9817c228089a2f66060f13b9620729835af1aa25d5f57ef963b1"}}