{"_timestamp":1.7415912781329155e+09,"confusion_matrix_table":{"_latest_artifact_path":"wandb-client-artifact://2n8xmfkdp7ow8iafm0xbq6elavjngqvwaegm2c6xmr9yv3f5cxetecepjd9w683wivepptnohvn8f731kouj5u790e6llu9v1669rzu33wotmetpezgrlfao7tpeewqg:latest/confusion_matrix_table.table.json","path":"media/table/confusion_matrix_table_5_14e6adb97930a1291faf.table.json","ncols":3,"nrows":100,"_type":"table-file","sha256":"14e6adb97930a1291faf2893bc5d30b7cdab0dc5fd250fc35eedc33b0e5c7199","size":2931,"artifact_path":"wandb-client-artifact://s9he902edsofsbugz15mhk53gn683qglffxlx245piyb14yxo5lg2hu76zd33xe9jnmx1wd86g8wzg4cu83ncatmkoyxfza8js5zf6quem1m7jesi1sfm6krxfd1f650/confusion_matrix_table.table.json"},"epoch":5,"accuracy":0.8837777777777778,"loss":0.3181690368878372,"val_mse_loss":0.1885397645718721,"_step":5,"val_accuracy":0.8694,"_runtime":25.5138657,"val_cross_entropy_loss":0.36596373825357476,"mse_loss":0.16622039359188226,"_wandb":{"runtime":25},"cross_entropy_loss":0.3181690368878372,"val_loss":0.36596373825357476}