{"val_cross_entropy_loss":0.38021020704890346,"accuracy":0.8822962962962962,"cross_entropy_loss":0.32758504731763566,"_timestamp":1.7415878669046128e+09,"_runtime":31.467711,"_step":5,"val_loss":0.38021020704890346,"_wandb":{"runtime":31},"confusion_matrix_table":{"size":2932,"artifact_path":"wandb-client-artifact://zlxpl6griyg2g64s3s7ri1zv7s3lqjnb0qwinxtum60u04px1lraejtpi72ohwkl5qi2sfm1flbvtfnqvodkxa7fkdf3foptkr2m1404du1pciiln0c6j72by0rlkknq/confusion_matrix_table.table.json","_latest_artifact_path":"wandb-client-artifact://zhr5xk4ceabptx522950tkmdsmac0fa0sh21hcbjcuqfzo99gyg7x4vio6qge4mfwl7g1iwnku2r5exu48gfahct0i21hzek671iw3n2ycd7urwm6pkz6y6gjvmdg5dr:latest/confusion_matrix_table.table.json","path":"media/table/confusion_matrix_table_5_40c9d2b9a79c115ced83.table.json","ncols":3,"nrows":100,"_type":"table-file","sha256":"40c9d2b9a79c115ced83434310008d7b6a752484b68a2d5015f33d3210d990ba"},"loss":0.32758504731763566,"val_accuracy":0.8644,"val_mse_loss":0.19324239526605547,"epoch":5,"mse_loss":0.16936468520140718}