{"_wandb":{"runtime":4},"_timestamp":1.741154023079515e+09,"accuracy":0.11285185185185186,"val_accuracy":0.23966666666666667,"val_loss":2.280288607103984,"_runtime":4.096349,"_step":4,"epoch":5,"loss":2.2869309657901744}