{"accuracy":0.18407407407407408,"val_accuracy":0.17616666666666667,"_runtime":3.8254211,"_step":4,"epoch":5,"_wandb":{"runtime":3},"val_loss":2.304293867449302,"_timestamp":1.741155719623668e+09,"loss":2.3068849535047793}