{"_timestamp":1.7412515466906295e+09,"epoch":5,"_wandb":{"runtime":7},"_step":4,"val_accuracy":0.1,"val_loss":2.3602683779665186,"accuracy":0.09938888888888889,"_runtime":7.4610505,"loss":2.3616663753373923}