{"val_accuracy":0.1,"_timestamp":1.7415760395852666e+09,"epoch":10,"accuracy":0.09896296296296296,"val_loss":2.3027039586742886,"loss":2.302825489093345,"confusion_matrix_table":{"path":"media/table/confusion_matrix_table_10_3a5e256cb12d2d5189da.table.json","ncols":3,"nrows":100,"_type":"table-file","sha256":"3a5e256cb12d2d5189da1c363d9fd263bbd628492564bad9d615d9c78283fc84","size":2912,"artifact_path":"wandb-client-artifact://glw2lhviv9mwsklptx8kv3l8dqx4o30tfzowjj1rdpfyslkcmjk1im4h84l8yuspd34ha1kmrpspak53m1gcg5hzevottmnd8jnoa2oq1h4lep7lh3z8sfrf0creo2q6/confusion_matrix_table.table.json","_latest_artifact_path":"wandb-client-artifact://e95up52k390itwxkkl29wk8o6u50480s78nj91x3qwtji15w3o9y6w8xjpe1r1ctxsai2f4xfz1j2sn1xu3ydxr2khstqfsfk4o3jsxgi6q86tdd6pisnw79k1jf7q64:latest/confusion_matrix_table.table.json"},"_wandb":{"runtime":24},"_runtime":24.6284641,"_step":10}