{"val_accuracy":0.209,"_runtime":67.7932377,"loss":2.6882404610306407,"_timestamp":1.7412426432971165e+09,"val_loss":2.896874390444437,"epoch":10,"_wandb":{"runtime":67},"accuracy":0.22855555555555557,"_step":9}