{"_wandb":{"runtime":5},"_runtime":5.1738304,"epoch":10,"_step":9,"_timestamp":1.7411538900629435e+09,"accuracy":0.09944444444444445,"loss":2.5304591177104157,"val_loss":2.51898838862751,"val_accuracy":0.105}