{"val_loss":2.3033444592933163,"val_accuracy":0.1,"loss":2.3051362209674147,"_timestamp":1.7412390172490368e+09,"epoch":5,"accuracy":0.09978882631890931,"_wandb":{"runtime":12},"_step":4,"_runtime":12.5858536}