{"loss":9.637723070588391,"accuracy":0.49946280379371666,"val_loss":12.806049430685738,"_step":9,"val_accuracy":0.5,"_wandb":{"runtime":20},"_timestamp":1.7412344239005618e+09,"_runtime":20.4065291,"epoch":10}