{"_step":9,"_timestamp":1.741153237062149e+09,"accuracy":0.4008703703703704,"val_loss":1.8875634196564013,"_wandb":{"runtime":5},"loss":1.9317364496372038,"val_accuracy":0.39416666666666667,"_runtime":5.4160967,"epoch":10}