{"val_loss":0.589234355248544,"val_cross_entropy_loss":0.589234355248544,"cross_entropy_loss":0.4783305596107905,"_timestamp":1.742190876656099e+09,"_runtime":17.3466403,"_wandb":{"runtime":17},"val_accuracy":0.8499,"confusion_matrix_table":{"sha256":"e760a7a6294a3b0ece4f963e9b1e53a9c947d0ab7f88511277753ca17338b38c","size":2933,"artifact_path":"wandb-client-artifact://euqbn2dfcfewik92oewbmr2vv48cq2v8jdur4egqj9s8odzolh0y65h412f4bafc8ux13ob060x36w17v6hj8xv9e28pfnkdwynx94mi5z4kn26akobnjffcfto4w0vp/confusion_matrix_table.table.json","_latest_artifact_path":"wandb-client-artifact://opq8ck5d7nnmtvttl0w4rvjd7u1zj70mt0kfkbcekl0t04gasj9iukfdlfow1ypim7l1i2n8bncsbknjwsigumsm53zz8st6nkx0tyjq2hrsfb7544bxui60hwxrzkvk:latest/confusion_matrix_table.table.json","path":"media/table/confusion_matrix_table_10_e760a7a6294a3b0ece4f.table.json","ncols":3,"nrows":100,"_type":"table-file"},"_step":10,"loss":0.4783305596107905,"mse_loss":0.21266667192441388,"epoch":10,"val_mse_loss":0.226960416927203,"accuracy":0.8514074074074074}