{"confusion_matrix_table":{"artifact_path":"wandb-client-artifact://1uecgfgwxxcbto0v95d289rnudeliqywnyy507jzv1ali7biv4jy9rp0djq04k5mcp1rqc0i2j3rdimc3us0hoftjak9h5w1iqpeklvv7pbv4q183y0hw1lupfy2j7kw/confusion_matrix_table.table.json","_latest_artifact_path":"wandb-client-artifact://9hyu70grhip0rv2kkk14olpnqspbyi6s92b6fz2ak3rcc8valarx77cawgfmcfznwzawk5opf159fxqs79fgjsctiz9dlrm0v13lfuesdka10kw21pohbdl0tkb0wjzz:latest/confusion_matrix_table.table.json","path":"media/table/confusion_matrix_table_5_adc8ecb44c1e5d13d8b1.table.json","ncols":3,"nrows":100,"_type":"table-file","sha256":"adc8ecb44c1e5d13d8b1b3733e320b0207956b38a4d4b5ae03e94c92cc767b3c","size":2933},"_runtime":26.3412713,"_timestamp":1.741589573782811e+09,"_wandb":{"runtime":26},"_step":5,"epoch":5,"val_loss":0.5148872481042548,"val_cross_entropy_loss":0.4263373219553558,"loss":0.43736408945085264,"accuracy":0.8727222222222222,"val_mse_loss":0.21790685895584053,"mse_loss":0.18154698098815472,"cross_entropy_loss":0.3476366957914512,"val_accuracy":0.8495}