{"_wandb":{"runtime":22},"epoch":10,"accuracy":0.10083333333333333,"val_accuracy":0.1,"loss":2.306289204765355,"val_loss":2.306280042514467,"_timestamp":1.741235253516949e+09,"_step":9,"_runtime":22.076383}