{"accuracy":0.09994444444444445,"val_accuracy":0.1,"_wandb":{"runtime":13},"loss":2.3026010328159465,"_timestamp":1.74124058601942e+09,"_step":9,"val_loss":2.3025943078522735,"epoch":10,"_runtime":13.3721609}