{"_timestamp":1.7411565242330787e+09,"loss":2.1446206394877736,"_runtime":4.3022853,"val_loss":2.096424294361677,"_wandb":{"runtime":4},"_step":4,"epoch":5,"accuracy":0.2700740740740741,"val_accuracy":0.31383333333333335}