{"cross_entropy_loss":0.36937893372556685,"mse_loss":0.19060133578906766,"val_cross_entropy_loss":0.40540084649524033,"_step":5,"val_accuracy":0.8546,"loss":0.456394363219839,"val_mse_loss":0.20875912028766416,"_timestamp":1.7415904050393765e+09,"accuracy":0.8663333333333333,"_runtime":32.218256,"epoch":5,"_wandb":{"runtime":32},"confusion_matrix_table":{"_type":"table-file","sha256":"b34b2394f6374edc3951d9ec4147d9d682d31ee29296aef38f8f01c5813868fe","size":2930,"artifact_path":"wandb-client-artifact://dmrx7exobnywu93koqqfd4n1zytyqp3pyc54x87hs16utl8rgflyegd7t87bp8auut4ckb0ov47jfn3cktae6g2xppcu829o8fozrmj9eqgkaobqfirvjxgys66ttall/confusion_matrix_table.table.json","_latest_artifact_path":"wandb-client-artifact://uim12i640jo3p7vwgxxhnis752efh71fpj0ww43mn4qvd9gll6o00ts0yy4r8vb6fpiznmctnfj8z3jggx1culgyll34z6bf2n9kbvp3hsy3nhh2pb2wqc24ygddre3v:latest/confusion_matrix_table.table.json","path":"media/table/confusion_matrix_table_5_b34b2394f6374edc3951.table.json","ncols":3,"nrows":100},"val_loss":0.49127990212908346}