{"epoch":5,"_timestamp":1.741242203912683e+09,"_wandb":{"runtime":6},"val_accuracy":0.1,"_runtime":6.1957192,"loss":3.305954383388923,"_step":4,"accuracy":0.15674426650850137,"val_loss":2.9372817537798115}