{"val_accuracy":0.09416666666666666,"epoch":10,"accuracy":0.10064814814814815,"val_loss":2.307393680496112,"_timestamp":1.7411545547537253e+09,"_runtime":5.8228273,"loss":2.3044819963524135,"_step":9,"_wandb":{"runtime":5}}