{"mse_loss":0.9000748045726181,"confusion_matrix_table":{"artifact_path":"wandb-client-artifact://5rc2gzrjnrpwtg0aj65ybl3sr8ivtmt03h5aebw8wwducyodeqlv31wq67t34f9veuvi7rf98p6pb1qpz6tn1fdiv0zxsz75id9t9e8v3p0bbaj6zmxutiyvmn14qrre/confusion_matrix_table.table.json","_latest_artifact_path":"wandb-client-artifact://yhhggl5uznetkew294z24ke6nhexbvo6puyp8qgkllwvwea63p9r69y4sd94xs3r1a0htn80rhutquqk58ud4lxl2jnuuzdqocy0qkls8oktnywozv692dxt6agmwmut:latest/confusion_matrix_table.table.json","path":"media/table/confusion_matrix_table_5_7ca0a220d1ef94de9a38.table.json","ncols":3,"nrows":100,"_type":"table-file","sha256":"7ca0a220d1ef94de9a38298ee0d5208b0e8b5f68373ff228441b990b59e6e170","size":2912},"_runtime":14.4550293,"val_accuracy":0.1,"loss":2.3029590177021526,"cross_entropy_loss":2.3029590177021526,"val_mse_loss":0.9000293622752408,"accuracy":0.0976111111111111,"epoch":5,"_step":5,"val_cross_entropy_loss":2.302731692826585,"val_loss":2.302731692826585,"_timestamp":1.742104324835344e+09,"_wandb":{"runtime":14}}