{"_step":5,"val_mse_loss":0.3356563188901595,"cross_entropy_loss":0.7434709272133054,"val_accuracy":0.742,"_timestamp":1.7421349498563006e+09,"_runtime":15.4192148,"_wandb":{"runtime":15},"val_loss":0.8139343485181024,"accuracy":0.7987962962962963,"epoch":5,"mse_loss":0.28374675877358935,"confusion_matrix_table":{"path":"media/table/confusion_matrix_table_5_dffbdfe2fa44591de498.table.json","ncols":3,"nrows":100,"_type":"table-file","sha256":"dffbdfe2fa44591de49843531a85f4f57bbc2428dbf9c09ff012556f20a2c20e","size":2941,"artifact_path":"wandb-client-artifact://cqk48uylivqnzta6r2zm4onfmt3nf7tljl9s9nzc64cuwium92kws34qm3pr8wb0ycwm92xj3p2f1mg8xiw5isxocea7mxwgiyibkyuwdwm6kyvrgh4laz8n7wwqj8w6/confusion_matrix_table.table.json","_latest_artifact_path":"wandb-client-artifact://qwa7zu7frmptxqgb351md5s1dhnnd6kwaauk7nk0ouse6busyal6gwh0hx6spl7sllgb48ip4dc1dz708ectdgmdsfd67rws5fmyt653ie0tcuxnouwu6hral7xwn8qq:latest/confusion_matrix_table.table.json"},"val_cross_entropy_loss":0.8139343485181024,"loss":0.7434709272133054}