{"_runtime":3.4511134,"_wandb":{"runtime":3},"loss":2.339958759981844,"val_loss":2.334870206330329,"val_accuracy":0.09883333333333333,"_step":4,"accuracy":0.1014074074074074,"_timestamp":1.7411570491966753e+09,"epoch":5}