{"_runtime":32.5503123,"val_loss":2.3077107795810434,"epoch":5,"_step":4,"loss":2.3083873071715213,"accuracy":0.09888888888888889,"_timestamp":1.7413472916158643e+09,"_wandb":{"runtime":32},"val_accuracy":0.1}