{"_wandb":{"runtime":20},"val_accuracy":0.8637,"_runtime":20.0601594,"epoch":10,"loss":0.3899470079674984,"accuracy":0.8812962962962962,"_step":9,"val_loss":0.44515543788537926,"_timestamp":1.741368885754176e+09}