{"val_accuracy":0.8584,"accuracy":0.8814074074074074,"val_loss":0.4748686652078613,"loss":0.41012253516577757,"cross_entropy_loss":0.3249478986633597,"_timestamp":1.742197876581971e+09,"_runtime":30.5540528,"val_mse_loss":0.20136853064373259,"mse_loss":0.17030405290951772,"_step":10,"epoch":10,"_wandb":{"runtime":30},"val_cross_entropy_loss":0.3900647790153339,"confusion_matrix_table":{"_type":"table-file","sha256":"5d1a1bee8b1a89f5516b37dbf5c911d7fd21ffaf93cccd398bbc1e663e5d5750","size":2932,"artifact_path":"wandb-client-artifact://i5i9y0g9pr1od8dhcs551hnzkl34fxqfsc8qy62xurn5whqwkkqorxbouqlhtlf6c0i1k8nzlgi6qqbkuh827uob8xnnzijn1ejxc5tjtpsoozgslvx1wnq4m549kd26/confusion_matrix_table.table.json","_latest_artifact_path":"wandb-client-artifact://ol0u8j2n05ancnsz2v7rv5iu3kpgr5mzwwt3pboenz2ohapm7kn4ouho9pkp7l8prrilarqpr1sjkuk6wiuoohr6iqr76r1xkvc8ndlwqfznnpd2rh8f8bflyizv8av7:latest/confusion_matrix_table.table.json","path":"media/table/confusion_matrix_table_10_5d1a1bee8b1a89f5516b.table.json","ncols":3,"nrows":100}}