{"val_accuracy":0.3533,"epoch":10,"val_loss":2.357651639530094,"_timestamp":1.7413462691114528e+09,"loss":2.3582718142823564,"_step":9,"_wandb":{"runtime":15},"accuracy":0.20753703703703705,"_runtime":15.2566587}