{"val_accuracy":0.47483333333333333,"loss":1.7450491499535836,"_timestamp":1.7411548536324642e+09,"epoch":10,"accuracy":0.4261111111111111,"val_loss":1.6790887879240473,"_runtime":4.8582062,"_step":9,"_wandb":{"runtime":4}}