{"val_loss":0.40383776594031007,"mse_loss":0.16673411267128957,"_wandb":{"runtime":30},"val_mse_loss":0.19299782605922466,"loss":0.3352165268020711,"_timestamp":1.7421985381903448e+09,"epoch":10,"cross_entropy_loss":0.3352165268020711,"_step":10,"_runtime":30.107019,"val_cross_entropy_loss":0.40383776594031007,"confusion_matrix_table":{"path":"media/table/confusion_matrix_table_10_f573eb2f1de7b73d208c.table.json","ncols":3,"nrows":100,"_type":"table-file","sha256":"f573eb2f1de7b73d208c8a73ced0339b1d2ef275cd6478033f4733035a75da9c","size":2931,"artifact_path":"wandb-client-artifact://6002lms5uxjgtovo89kuyarmz0eo59k9hu57avw63uk89rf1p3gef6umpcuq9cxoi4y6ezngnd7of7z84swybfr6cyyy1i8bgc4bbgzmwe3dcdgsspfo0ehu8dzysr31/confusion_matrix_table.table.json","_latest_artifact_path":"wandb-client-artifact://f00w7a6n8n47wqhri2qabh59tqb6hq0r4ez7p3qos2vq4w1sfwjsrug1ncfik2x99w60mic63ouq8hyd0w0qnkrhm1nuzrl3d2qw036ned1vjkd97mcvugzql995b71f:latest/confusion_matrix_table.table.json"},"accuracy":0.8859814814814815,"val_accuracy":0.8711}