{"val_loss":0.3666067789731794,"loss":0.2629542958226183,"_step":10,"val_mse_loss":0.18650997236565586,"accuracy":0.9039814814814815,"cross_entropy_loss":0.2629542958226183,"_wandb":{"runtime":49},"epoch":10,"val_accuracy":0.8703,"_timestamp":1.7421976683161414e+09,"_runtime":49.9116196,"mse_loss":0.13933594207509278,"val_cross_entropy_loss":0.3666067789731794,"confusion_matrix_table":{"nrows":100,"_type":"table-file","sha256":"408ecfd131bd56cbec88a7507902595d183eafa6e4f1652ac65f51c8b9585c8b","size":2929,"artifact_path":"wandb-client-artifact://e3e9uv5lcj8ujfby37t9m5q1iu3uwuoolqd3bm66llk8kbci21j76oj4axacjo9a1vd0yi8psct7zur2vx182w3ckk6z8ly424xzf4g6drth72n86lryu3oymbefetbo/confusion_matrix_table.table.json","_latest_artifact_path":"wandb-client-artifact://vsgxy1tl3vbeh7etby196dndrocdf0imshsvqa7hmxvio6ofoh5purouyvbqfmqvw118gka4fhek4h1a2wtedldrv330j54oytkin6f6dn9rdsngl4rtt6mx2pdcujae:latest/confusion_matrix_table.table.json","path":"media/table/confusion_matrix_table_10_408ecfd131bd56cbec88.table.json","ncols":3}}