{"val_accuracy":0.10433333333333333,"_runtime":3.5262459,"val_loss":2.2936988513003604,"loss":2.2971512779260905,"_wandb":{"runtime":3},"epoch":5,"_step":4,"accuracy":0.10044444444444445,"_timestamp":1.7411558654928331e+09}