{"_step":9,"accuracy":0.08668518518518518,"_wandb":{"runtime":6},"epoch":10,"val_accuracy":0.08466666666666667,"val_loss":2.3404017839242726,"loss":2.3377689448788144,"_timestamp":1.7411553107702506e+09,"_runtime":6.9650213}