{"_runtime":32.5753922,"loss":0.3166528407359616,"epoch":5,"confusion_matrix_table":{"artifact_path":"wandb-client-artifact://8800abcmas96di5ujdkh8h9lp3hlngij2ivvqhn4naa0p802hupwq90anvk1citxhchmlas8tu7it2uimy3sxgmv9als19j72k5x1wwfziwewgghcit6022kddev4zfo/confusion_matrix_table.table.json","_latest_artifact_path":"wandb-client-artifact://sq9uyiu2eg35q19lnbqdibdra7p6n5ewsyuj8gka3nwzsusf9mzsde03j7ynjvk5li8wxstrmh83ype0nmeme4eqa4dhsoc89304td5d156grbx21oaeuctznmx349on:latest/confusion_matrix_table.table.json","path":"media/table/confusion_matrix_table_5_51d3abcb57790e66dd51.table.json","ncols":3,"nrows":100,"_type":"table-file","sha256":"51d3abcb57790e66dd51fe1408d7ce2eb4aa495e139eb76c34add4606c6bd395","size":2929},"val_accuracy":0.8478,"_step":5,"val_loss":0.40423081851666165,"val_mse_loss":0.2127870111917447,"_timestamp":1.7415901786873403e+09,"accuracy":0.8847592592592592,"val_cross_entropy_loss":0.40423081851666165,"cross_entropy_loss":0.3166528407359616,"_wandb":{"runtime":32},"mse_loss":0.16550197601538652}