{"_step":9,"epoch":10,"_wandb":{"runtime":5},"val_accuracy":0.09183333333333334,"_timestamp":1.7411521870810332e+09,"accuracy":0.08622222222222223,"_runtime":5.0285355,"loss":2.303842180294674,"val_loss":2.3038049600486463}