{"epoch":10,"val_accuracy":0.0925,"_runtime":7.2237665,"loss":2.6018331164982977,"_wandb":{"runtime":7},"accuracy":0.10083333333333333,"val_loss":2.6051860208529165,"_timestamp":1.7411533406439006e+09,"_step":9}