{"_runtime":43.1462826,"val_mse_loss":0.1979489194256167,"loss":0.4505429612529386,"_wandb":{"runtime":43},"mse_loss":0.17392315443086548,"cross_entropy_loss":0.33947079209778025,"epoch":10,"_timestamp":1.7415839004806495e+09,"val_accuracy":0.8609,"accuracy":0.8784814814814815,"_step":10,"val_cross_entropy_loss":0.38667510660655524,"val_loss":0.4972188883093725,"confusion_matrix_table":{"sha256":"bd045f24f092b0be13321c45443a3b53eae63401ab35a3d626566b81358a0231","size":2931,"artifact_path":"wandb-client-artifact://pseuwzxvgy9bmqlqreyukcbmxw2u0ru7pvr2h3080txx3jb4zaqwc0to9c6xq0rr0xtnoray5j8vf1cv0du34lnvy0qkpghmpcf8mblzd4zmkwpuwob51ekd9e8pzwbz/confusion_matrix_table.table.json","_latest_artifact_path":"wandb-client-artifact://uk4dal75u4mtqep9hojnf9m13otfdnk45955mzk0cjnglr2gxey1ozq53iqrooytu4s0mfnhoqfngori97607km7lnvknydtvnk96v9k18cok767qkwv96blx8i43xnh:latest/confusion_matrix_table.table.json","path":"media/table/confusion_matrix_table_10_bd045f24f092b0be1332.table.json","ncols":3,"nrows":100,"_type":"table-file"}}