{"_runtime":72.4097976,"loss":0.28722138375469697,"_wandb":{"runtime":72},"_step":10,"val_cross_entropy_loss":0.3692522074115085,"_timestamp":1.7421983250534925e+09,"val_mse_loss":0.18146257360691653,"cross_entropy_loss":0.28722138375469697,"mse_loss":0.14737400367147702,"val_accuracy":0.8764,"accuracy":0.899074074074074,"epoch":10,"val_loss":0.3692522074115085,"confusion_matrix_table":{"_type":"table-file","sha256":"9a415886e17e7e011c6220bde808322887aac1f0eb0a6eaccdacb244d319f9c4","size":2929,"artifact_path":"wandb-client-artifact://3ysdd4do01gas6yg1eyfpu2frtxnxe5bchf79yxghdcrhyaid7d25mhmzk76nwj1kpmdpearey9n9mzxqmjnc1g9v5vnoor8l72z6gw1uq7hs9sqxvvvgsfg4nwu9kfq/confusion_matrix_table.table.json","_latest_artifact_path":"wandb-client-artifact://2h9rnyi3ovdlbwymdb0smtta5j5d6sn109of0tj3m9k4ray9egvq0hnlm98vpwvoumzevj7w4t6vvxqqj9gzen637kgdqcjb2qzffm3al8rwnl9uikz833bxfbo5q6b7:latest/confusion_matrix_table.table.json","path":"media/table/confusion_matrix_table_10_9a415886e17e7e011c62.table.json","ncols":3,"nrows":100}}