{"loss":2.263840488413783,"val_loss":2.2567024208218647,"_runtime":4.9895396,"_wandb":{"runtime":4},"_timestamp":1.7411566967178957e+09,"_step":4,"val_accuracy":0.16766666666666666,"epoch":5,"accuracy":0.15981481481481483}