{"val_loss":0.3816790148211658,"confusion_matrix_table":{"ncols":3,"nrows":100,"_type":"table-file","sha256":"97264a4c011e96add17e57fcf01e97a59b2ce314c29b2409c0b337928a44a3ab","size":2929,"artifact_path":"wandb-client-artifact://g7fejz2q67cwhr1m9uzf8cez9g0fyz9kdo0wwxszogkyfm9rf6pqs1fovv4s0ya6a4madc0eb4be2klw2muidkf40mancloqgc44ahf90pupuxepq8x22erc3xywhawb/confusion_matrix_table.table.json","_latest_artifact_path":"wandb-client-artifact://4iqmeacv37ovq3beefkxncntfc1u80hhxwxgvqw5e4hiscnxkwannmpe4mslm5wvk5e0edddui3lu395tds1sordr5dd6c6lx9hbgu5t3h4yn5zkzbmdy3a0rrxq0rer:latest/confusion_matrix_table.table.json","path":"media/table/confusion_matrix_table_10_97264a4c011e96add17e.table.json"},"cross_entropy_loss":0.33453346126204947,"val_accuracy":0.8664,"epoch":10,"mse_loss":0.16994965805140674,"_step":10,"loss":0.33453346126204947,"accuracy":0.8821296296296296,"val_cross_entropy_loss":0.3816790148211658,"_timestamp":1.7415915008022492e+09,"_runtime":19.2691814,"_wandb":{"runtime":19},"val_mse_loss":0.1913844454853824}