{"loss":5.489765575133413e+11,"accuracy":0.11857407407407407,"val_loss":4.938174511353514e+11,"_timestamp":1.7412429166342483e+09,"val_accuracy":0.1198,"_wandb":{"runtime":23},"_runtime":23.7330176,"_step":9,"epoch":10}