{"_wandb":{"runtime":4},"val_accuracy":0.0925,"_runtime":4.8083666,"loss":2.3186725866479834,"_step":4,"epoch":5,"accuracy":0.10083333333333333,"val_loss":2.3207279618918575,"_timestamp":1.741153499086178e+09}