{"_step":9,"epoch":10,"_timestamp":1.7412416513663473e+09,"_wandb":{"runtime":11},"accuracy":0.8698410933175168,"_runtime":11.2803302,"val_loss":0.4916110861613828,"loss":0.41649067470262097,"val_accuracy":0.8464}