{"_wandb":{"runtime":3},"epoch":5,"loss":2.3018389825506813,"val_accuracy":0.15433333333333332,"_runtime":3.3620659,"accuracy":0.1386111111111111,"val_loss":2.3014055666056765,"_timestamp":1.7411547507996774e+09,"_step":4}