{"val_loss":0.3712226831230685,"_wandb":{"runtime":47},"_runtime":47.3726035,"epoch":10,"loss":0.32332286436713975,"_step":9,"accuracy":0.8846324836988737,"val_accuracy":0.8697,"_timestamp":1.7412401743169913e+09}