{"cross_entropy_loss":0.3969531651819313,"confusion_matrix_table":{"path":"media/table/confusion_matrix_table_5_7afdb5679497d7ae439b.table.json","ncols":3,"nrows":100,"_type":"table-file","sha256":"7afdb5679497d7ae439b104db602298240b98a70a188c0d9552ba0eaf4013eaf","size":2932,"artifact_path":"wandb-client-artifact://x7k6q6f1n40swxnz6ahiy08h3xn75uwrn4x4coznhob137gj7hr0frt8xrs4mxt4gcm6q69rasqbxejapzmrq9i37kywj5ugwd6r7zi2bbl68vdmxl7utgyu1vcmxkhk/confusion_matrix_table.table.json","_latest_artifact_path":"wandb-client-artifact://upztyzpngctygnfdh13iqruccidm0v2phz8ybf8ouezt2j7fcxbku4m4lnk3wymyfem2frzm63bl8t3cth2hajg2jfjksn9onzinrjzicxx0uk8lpln24ssiir0o6zhq:latest/confusion_matrix_table.table.json"},"mse_loss":0.1894708736487448,"accuracy":0.8691481481481481,"val_loss":0.4727043420249145,"_runtime":52.3543245,"_wandb":{"runtime":52},"val_mse_loss":0.21806123668084829,"_timestamp":1.7415885605696435e+09,"epoch":5,"val_cross_entropy_loss":0.4727043420249145,"_step":5,"val_accuracy":0.852,"loss":0.3969531651819313}