{"_timestamp":1.741149117146247e+09,"_runtime":6.6022157,"_step":9,"_wandb":{"runtime":6},"epoch":10}