{"_wandb":{"runtime":6},"_runtime":6.8550818,"_timestamp":1.7411549998851514e+09,"_step":9,"val_loss":2.3115837328692552,"val_accuracy":0.10083333333333333,"epoch":10,"loss":2.311097600942455,"accuracy":0.0999074074074074}