{"_timestamp":1.741368490850003e+09,"epoch":5,"_wandb":{"runtime":43},"val_accuracy":0.7472,"_step":4,"val_loss":0.863670851626703,"accuracy":0.7486666666666667,"loss":0.8642694193860986,"_runtime":43.5533301}