{"_wandb":{"runtime":30},"val_accuracy":0.8494,"_timestamp":1.7415903340047657e+09,"loss":0.336553666150569,"val_cross_entropy_loss":0.43927843759653806,"_runtime":30.7522813,"confusion_matrix_table":{"_type":"table-file","sha256":"0989013de38280d18725a8b5751f155c6aa3898ad35fcf0a186350cbbc3887ce","size":2927,"artifact_path":"wandb-client-artifact://2lzw1ajr12yd0b7l6w25aga5ltpm1wr189z5cr5ghwulib21m6in2a4yzv7529aocbbo2a8pcrq0dwrtflz6c5s109gpw0hqd7h4l1dojs445lzrg0ikbar64m7qv74a/confusion_matrix_table.table.json","_latest_artifact_path":"wandb-client-artifact://ynhf6vtop61t1il4qnmxrbudc8tch8mw5swqpjpmzowkn7e8qxb5qtj1qf664ihu0xkfe16osj3x3ve7hfbf44zjhoughxt31cehxqj5jgmeilv5sav2uvtxqndk07k9:latest/confusion_matrix_table.table.json","path":"media/table/confusion_matrix_table_5_0989013de38280d18725.table.json","ncols":3,"nrows":100},"epoch":5,"mse_loss":0.1746504285242636,"_step":5,"cross_entropy_loss":0.336553666150569,"val_mse_loss":0.22194415067963036,"accuracy":0.8780185185185185,"val_loss":0.43927843759653806}