{"_wandb":{"runtime":11},"epoch":10,"loss":1.4729381023441346,"val_loss":1.4864819753433138,"val_accuracy":0.3668,"_step":9,"accuracy":0.3751111111111111,"_runtime":11.1008831,"_timestamp":1.7412499527806132e+09}