{"val_loss":0.8109290269248538,"epoch":5,"mse_loss":0.32229344937260246,"accuracy":0.7675555555555555,"_runtime":35.5187843,"val_mse_loss":0.3050446818229736,"val_cross_entropy_loss":0.6332807964628164,"confusion_matrix_table":{"size":2937,"artifact_path":"wandb-client-artifact://t3hwzv51ympokfhyn0dn4u6v1vdx1rjf2x2ck4qdsmkgikj2vm6pcr2e91hktwgq08k4kxbgt53s23r5xj56e1jnl858c488ug5kknxjak7gweyur496an8h8kumoyqp/confusion_matrix_table.table.json","_latest_artifact_path":"wandb-client-artifact://ozrqv40tu5dm43qud5whaqpnu6l0bfv6l32dar4tva4moja6jil6yx90ac54aomustos2o4p2em884wpk1mw6rdxwaqbxyonmtgyfjl6lv8i6q0xwipc5hr6emx9o4ql:latest/confusion_matrix_table.table.json","path":"media/table/confusion_matrix_table_5_24be6f35afad90130f4e.table.json","ncols":3,"nrows":100,"_type":"table-file","sha256":"24be6f35afad90130f4e800722d3599049127da02253da1a7e11fb72054ce0a5"},"loss":0.8223438002419589,"cross_entropy_loss":0.6465212711676224,"_timestamp":1.7415897316573212e+09,"_wandb":{"runtime":35},"_step":5,"val_accuracy":0.7837}