{"_runtime":4.7492479,"_timestamp":1.7411520572926743e+09,"accuracy":0.3037592592592593,"val_loss":2.2150639425677943,"_step":4,"epoch":5,"loss":2.2332164534487857,"val_accuracy":0.22066666666666668,"_wandb":{"runtime":4}}