{"epoch":10,"_step":9,"val_loss":1.4835145074814011,"val_accuracy":0.3943,"loss":1.4782744859712675,"_timestamp":1.7412566975843544e+09,"_runtime":12.8316984,"accuracy":0.39805555555555555,"_wandb":{"runtime":12}}