{"val_loss":2.2483223005921826,"accuracy":0.1352962962962963,"epoch":10,"loss":2.2572692176749816,"_runtime":7.1781318,"_step":9,"val_accuracy":0.14966666666666667,"_wandb":{"runtime":7},"_timestamp":1.7411529104668765e+09}