{"_timestamp":1.7421106252512946e+09,"loss":0.40161365240374175,"val_loss":0.4843197731019269,"val_cross_entropy_loss":0.4027283637943987,"cross_entropy_loss":0.31947844403976944,"val_mse_loss":0.2063713320391059,"_wandb":{"runtime":38},"_step":10,"_runtime":38.2447334,"confusion_matrix_table":{"artifact_path":"wandb-client-artifact://0ks8hduea9xg03nlykv6xfg4xj96cj6pp1bnjz9oxfn1hq171nftvpewxwxnfxywpspagaecab28lq7j0bcuy74jbd55sb6frc4lsx48amjsn5905q8287qm6ah2fnbk/confusion_matrix_table.table.json","_latest_artifact_path":"wandb-client-artifact://pkupdhy8tusug1uj1bzxz0i2trg3ihdjsxkqg94w6dskeg3xa57gbpcezp385vmzjxikzeesvj868bh20y8l1vsidnztzj6idsjd6b0np1m9adwqywb6y0x0lh3o8b60:latest/confusion_matrix_table.table.json","path":"media/table/confusion_matrix_table_10_f57727a6a81de6729b76.table.json","ncols":3,"nrows":100,"_type":"table-file","sha256":"f57727a6a81de6729b767d0fc0906d7ac0fc2f80e1a62a93b25d494ecb3a4409","size":2930},"accuracy":0.8842962962962962,"val_accuracy":0.8535,"epoch":10,"mse_loss":0.16687162304384542}