{"_wandb":{"runtime":7},"val_mse_loss":0.20265254914663836,"_step":5,"val_loss":0.3998331688746099,"mse_loss":0.1786584202518772,"cross_entropy_loss":0.350183231437844,"_runtime":7.8477653,"epoch":5,"loss":0.350183231437844,"confusion_matrix_table":{"path":"media/table/confusion_matrix_table_5_a2a276387afa9646dda4.table.json","ncols":3,"nrows":100,"_type":"table-file","sha256":"a2a276387afa9646dda4b3af5b0aea954df3923da171aed8897a78af475857da","size":2935,"artifact_path":"wandb-client-artifact://qzznfedsndt135ftrmi0gd7nl21zsqsxxdjnhdywy5np5sapzmzx8aolks8j59puo3a4hzf8cwzz5ki62yppj3hajgdbmohyixtamv43s2srfrk9vsayb8d6oadpaold/confusion_matrix_table.table.json","_latest_artifact_path":"wandb-client-artifact://uygkq8syfxu22jng0f1z0ft290ex8u5xq377qube61t3mhkhkbc2uvyu6n2qqst2kd5uuo981rfiq717nj82y8q57b499b4v19m3qfxngsl6mhksnc1t4prxb2tpxiki:latest/confusion_matrix_table.table.json"},"val_cross_entropy_loss":0.3998331688746099,"val_accuracy":0.8608,"accuracy":0.8754074074074074,"_timestamp":1.7421121493804042e+09}