{"_timestamp":1.7411553526895795e+09,"loss":2.073417999062667,"epoch":10,"_wandb":{"runtime":6},"accuracy":0.3015185185185185,"val_loss":1.9890859682293285,"_runtime":6.1907565,"_step":9,"val_accuracy":0.337}