{"cross_entropy_loss":0.2941763688248652,"_step":10,"val_accuracy":0.8708,"val_mse_loss":0.1869990398573619,"_runtime":30.1759585,"_timestamp":1.7421104081041055e+09,"loss":0.2941763688248652,"val_loss":0.3751101058091282,"val_cross_entropy_loss":0.3751101058091282,"confusion_matrix_table":{"artifact_path":"wandb-client-artifact://gbzhh48wqjgxpcn1roq6rl5l158rym6i4bogruy48syijc6fs4vhqd2grqsmdzajscbpxs4e9upnqfa1diy8qqjqiuow0o5dtbgmvuyscy86rg7p0skrc6oalrlleqir/confusion_matrix_table.table.json","_latest_artifact_path":"wandb-client-artifact://1xe706b54hjile3te7y3q4gmneupeole5qlj1mzdt5tli067p89agcjx0onp6kv3ehs7or8lhucyvek4uum9kazj4ljf1j4447tm2pwadfaovbf15yam53m4tqsimgya:latest/confusion_matrix_table.table.json","path":"media/table/confusion_matrix_table_10_243de35757303c403580.table.json","ncols":3,"nrows":100,"_type":"table-file","sha256":"243de35757303c40358094346088637d527eb2746fb7c334acc0bb6f06678807","size":2932},"epoch":10,"mse_loss":0.1514875292503264,"_wandb":{"runtime":30},"accuracy":0.8954074074074074}