{"_timestamp":1.741155976103756e+09,"epoch":10,"loss":2.302488207060319,"_step":9,"accuracy":0.1092962962962963,"_runtime":6.5218269,"val_loss":2.3021194982886843,"val_accuracy":0.11583333333333333,"_wandb":{"runtime":6}}