{"epoch":5,"_wandb":{"runtime":4},"loss":2.300272790735065,"accuracy":0.07531481481481482,"_runtime":4.2850674,"_timestamp":1.7411532141796384e+09,"_step":4,"val_accuracy":0.07133333333333333,"val_loss":2.30058821910762}