{"_step":9,"_runtime":5.8617249000000005,"val_accuracy":0.10783333333333334,"val_loss":2.295143000049738,"_wandb":{"runtime":5},"_timestamp":1.7411569443617523e+09,"epoch":10,"loss":2.2961362661075553,"accuracy":0.10285185185185185}