{"_runtime":6.6119810999999995,"val_loss":2.301142835511663,"_step":9,"epoch":10,"accuracy":0.19540740740740742,"_wandb":{"runtime":6},"loss":2.3012767001812526,"val_accuracy":0.20266666666666666,"_timestamp":1.7411542239617348e+09}