{"loss":0.5648050641888992,"cross_entropy_loss":0.5648050641888992,"val_accuracy":0.8016,"_timestamp":1.741585462647022e+09,"accuracy":0.8082592592592592,"val_loss":0.57086422610752,"mse_loss":0.27951013605692077,"_wandb":{"runtime":8},"_step":5,"val_cross_entropy_loss":0.57086422610752,"_runtime":8.7546303,"confusion_matrix_table":{"_latest_artifact_path":"wandb-client-artifact://b10w2bhy0u50a0fqwh4oetvo54ar3y7oflomehqhoj0wg2pqqyq4xh7jatfayh7coa0yxvrlan75wyhmj5l6poax1uivbtja2763e2a907ysneqjp0d50lv3fgoh44n7:latest/confusion_matrix_table.table.json","path":"media/table/confusion_matrix_table_5_678987030c5ca6c68db9.table.json","ncols":3,"nrows":100,"_type":"table-file","sha256":"678987030c5ca6c68db9821e5cbc237afc3e2a87ddf2ae1f0997370b4beef54f","size":2939,"artifact_path":"wandb-client-artifact://8k4stbgxenbqh0901sfjjjkj3qii7jbdbppxt1wlhvn5jufcgyygzqvq9yzpugnmi6e0cvunnomsejg7qd0asadgvley2xxx8ta265kw597tu1gd5n0sy3nzihlufa88/confusion_matrix_table.table.json"},"epoch":5,"val_mse_loss":0.2843357747592464}