{"epoch":5,"val_accuracy":0.8031,"_step":4,"loss":0.7175017210146176,"val_loss":0.742281749368298,"_runtime":35.8534386,"accuracy":0.8156296296296296,"_wandb":{"runtime":35},"_timestamp":1.7412536445166388e+09}