{"_timestamp":1.7411550904674323e+09,"_step":9,"_runtime":7.2934299,"_wandb":{"runtime":7},"val_loss":2.3153326411863535,"epoch":10,"loss":2.3139696879051788,"accuracy":0.09938888888888889,"val_accuracy":0.1055}