{"_step":9,"val_loss":2.338465116089057,"accuracy":0.10164814814814815,"val_accuracy":0.1,"_runtime":83.1853575,"_wandb":{"runtime":83},"epoch":10,"_timestamp":1.7412391625250754e+09,"loss":2.325647484148325}