{"accuracy":0.3933017190278601,"_step":4,"val_accuracy":0.4195,"_wandb":{"runtime":11},"val_loss":1.7742577378889786,"epoch":5,"loss":1.847825571145524,"_runtime":11.4931587,"_timestamp":1.7412345369925265e+09}