{"val_loss":0.4719884441294637,"_timestamp":1.742192409582181e+09,"_wandb":{"runtime":13},"cross_entropy_loss":0.32815535612798474,"val_cross_entropy_loss":0.4005988534305336,"_step":10,"confusion_matrix_table":{"artifact_path":"wandb-client-artifact://o3usuvpvzeb4rxp2sbq7es4wih2htzv7x18mw71y5r1kpf8th4xxf9p5wwpjz5il6qxit43xj4ygijuuinse06e7108myi3xi9ez61b1ei11rzxgr3eiilgf2z4rrawv/confusion_matrix_table.table.json","_latest_artifact_path":"wandb-client-artifact://9sgd035x8e5qt1eowiayqkwj0cw9wd4mqzx7fwe2k82elqmwprngv6va4iq4otsnzlul1ye1cr4ok0nt923crt2tdky2ezmqt6fzjow77haygs91zi8h0jd8keiq3k70:latest/confusion_matrix_table.table.json","path":"media/table/confusion_matrix_table_10_ae3c51286ff84d89529f.table.json","ncols":3,"nrows":100,"_type":"table-file","sha256":"ae3c51286ff84d89529f75751cb767cc9602f57b7a2a542ed70d3a62db419431","size":2934},"accuracy":0.8812962962962962,"val_accuracy":0.8581,"val_mse_loss":0.20414104165719354,"loss":0.39916345684479554,"_runtime":13.5079237,"mse_loss":0.1702604325733255,"epoch":10}