{"_wandb":{"runtime":26},"epoch":5,"loss":2.302695546804611,"accuracy":0.09953703703703703,"_step":4,"val_loss":2.3026856949009713,"_runtime":26.9226542,"_timestamp":1.7412548987383783e+09,"val_accuracy":0.1}