{"loss":2.410401124712464,"_wandb":{"runtime":5},"_step":4,"_runtime":5.2870657,"val_loss":2.406525964988844,"val_accuracy":0.09733333333333333,"epoch":5,"accuracy":0.1002962962962963,"_timestamp":1.7411565785809026e+09}