{"_timestamp":1.7413687338855898e+09,"val_loss":2.3032046677379743,"_runtime":19.9648038,"accuracy":0.10024074074074074,"_wandb":{"runtime":19},"epoch":5,"loss":2.304804432155437,"_step":4,"val_accuracy":0.1}