{"epoch":5,"_timestamp":1.7411550992506227e+09,"_step":4,"_runtime":4.841222,"loss":2.3047361782690796,"accuracy":0.10083333333333333,"_wandb":{"runtime":4},"val_loss":2.31691264094518,"val_accuracy":0.10033333333333333}