{"_wandb":{"runtime":3},"val_accuracy":0.08233333333333333,"_runtime":3.8378721000000002,"_step":4,"loss":2.3292081131756817,"val_loss":2.3189276301383632,"_timestamp":1.7411533265639513e+09,"accuracy":0.07311111111111111,"epoch":5}