{"_runtime":44.4284811,"val_accuracy":0.1998,"_step":9,"loss":2.129960327545437e+06,"_wandb":{"runtime":44},"val_loss":3.449031999862771e+06,"accuracy":0.19994444444444445,"_timestamp":1.7412511274113848e+09,"epoch":10}