{"loss":0.36178217553773895,"accuracy":0.8783518518518518,"mse_loss":0.17805484961902723,"_wandb":{"runtime":22},"_timestamp":1.7421063403441336e+09,"confusion_matrix_table":{"_type":"table-file","sha256":"d80987661a8f894a3dea56793f1c5ac5f4920322fd94cf8840229b3bccc82b17","size":2933,"artifact_path":"wandb-client-artifact://p0pjc8rprny9z1taha0kvnh8d2j85rvvc0duwcv3lh9nuzz1q2k90iu639tvc00zzr7mz7eyymcnkyer62tc711de6d7bpod700ohoghevmld0db8rcfncv1jbd3cpmw/confusion_matrix_table.table.json","_latest_artifact_path":"wandb-client-artifact://483xenkdtiph1hhy6zly3m8nzg9ievzb89az7l60o2kz0i7ysb5de0cr5nxjpfgp6epibbrk26cuqevhhwbtw62fhtkq9tnrbjqo17ibphqz1nuta331c6ry7xo19bkb:latest/confusion_matrix_table.table.json","path":"media/table/confusion_matrix_table_10_d80987661a8f894a3dea.table.json","ncols":3,"nrows":100},"_runtime":22.1312624,"cross_entropy_loss":0.36178217553773895,"val_accuracy":0.8587,"val_cross_entropy_loss":0.43956528804260414,"val_loss":0.43956528804260414,"_step":10,"val_mse_loss":0.21089377903145606,"epoch":10}