{"_wandb":{"runtime":52},"mse_loss":0.1378199478752633,"val_loss":0.36487081488616,"_runtime":52.3444074,"confusion_matrix_table":{"_latest_artifact_path":"wandb-client-artifact://h2d6kewbw47r4uq9wpm3zl1534nyi21exsxqo107ixye51luijrlkwo5wib72yiv8jeqx7rj591zchqxsz4zpvvsnwr87u1d5xdl5vy2b7jjww1w8oiztkbkiqcae5sm:latest/confusion_matrix_table.table.json","path":"media/table/confusion_matrix_table_10_62c677d58b26cf825ae5.table.json","ncols":3,"nrows":100,"_type":"table-file","sha256":"62c677d58b26cf825ae55e64e8e238a3dbe4b3e43eba4dca9a6b7a0de288a0e0","size":2929,"artifact_path":"wandb-client-artifact://qnly38jw38kwr7ii8udajizpx0dv100w3xe35q4lg0tvp2lukieq9gvihkxv1hip2hy9mku5659qxypiq7206c66fcb5fkqsd5h1fd4h9c2poknx4x682qnl1ge9jngl/confusion_matrix_table.table.json"},"_step":10,"val_accuracy":0.8772,"loss":0.2603432188325036,"_timestamp":1.7421950537595544e+09,"epoch":10,"val_mse_loss":0.18305188000657205,"cross_entropy_loss":0.2603432188325036,"val_cross_entropy_loss":0.36487081488616,"accuracy":0.9042592592592592}