{"mse_loss":0.3401657571710769,"cross_entropy_loss":0.6865598593451484,"val_loss":0.6947583233028694,"epoch":10,"val_mse_loss":0.3421819633296626,"_step":10,"val_accuracy":0.7587,"_timestamp":1.742189854385062e+09,"confusion_matrix_table":{"_latest_artifact_path":"wandb-client-artifact://0utzwikp99oijukyho8w8iukhsfkhfi1mr0c77pf4cmxl76qigkscuvrjorcbjiuxdwejgnclq6pe3zp2qphpwev9nwbx6hzw2qn97qihgsb1d13h7pra7yb7zzft6uw:latest/confusion_matrix_table.table.json","path":"media/table/confusion_matrix_table_10_8dc6fde2981792cbfcd2.table.json","ncols":3,"nrows":100,"_type":"table-file","sha256":"8dc6fde2981792cbfcd2c18ceeb9bca956d85c1a664f3fcf5a3f40f0f81b74c3","size":2939,"artifact_path":"wandb-client-artifact://qmchry878ap7yoh7m7m8sjyw6tos6beggyreud056ipoe4i4vj2g1wwlw2rnva3j5j3x8qvhbxfxs5kdz5wsjvljimbybx4yln8luw4oc3t04sg3ttxa2g5zwawlzvnk/confusion_matrix_table.table.json"},"_wandb":{"runtime":56},"_runtime":56.4388618,"accuracy":0.7652962962962963,"val_cross_entropy_loss":0.6947583233028694,"loss":0.6865598593451484}