{"accuracy":0.8797592592592592,"val_loss":0.4741903250139595,"val_cross_entropy_loss":0.39654558073364043,"_step":10,"val_accuracy":0.8576,"loss":0.4094583677747745,"val_mse_loss":0.20386806610126315,"_runtime":46.0942849,"_timestamp":1.742198069216131e+09,"epoch":10,"cross_entropy_loss":0.3318268392624186,"confusion_matrix_table":{"nrows":100,"_type":"table-file","sha256":"a0e569b2dc14c78f4dc124572af684463552cfdd01552cadf6079bced778ee2c","size":2928,"artifact_path":"wandb-client-artifact://f2jq56g15g85zxjp472rhydn8o78rugfm999x1cl0pk4ewiguqtxn5i6pmb96ojzp7zsqur7rgdmik8iri16b9st2io0jpp6wh6kq2jrqg8oslprqpxjjd2dt1a85pgj/confusion_matrix_table.table.json","_latest_artifact_path":"wandb-client-artifact://hqhm929icghulsf2e60zmy1ro7k14owhjbl4ous2rzsypmnlfuds3iydrsxo608czwv1u8f8kh8nwiz96yzhu5ufxffdlwm03hwebtyqdrh83z11kqp9s8ckbur75y9r:latest/confusion_matrix_table.table.json","path":"media/table/confusion_matrix_table_10_a0e569b2dc14c78f4dc1.table.json","ncols":3},"_wandb":{"runtime":46},"mse_loss":0.17233641587902687}