{"_runtime":15.338943,"loss":2.304444398852712,"_timestamp":1.741238446638166e+09,"epoch":10,"val_loss":2.304437498897642,"val_accuracy":0.1,"_step":9,"_wandb":{"runtime":15},"accuracy":0.10083333333333333}