{"epoch":10,"_timestamp":1.7421109277317433e+09,"val_cross_entropy_loss":0.3467471098916705,"loss":0.2743192913272462,"cross_entropy_loss":0.2743192913272462,"_wandb":{"runtime":18},"_step":10,"val_accuracy":0.8764,"val_loss":0.3467471098916705,"mse_loss":0.14372315686118076,"accuracy":0.9001296296296296,"confusion_matrix_table":{"sha256":"193f066de86c867b800c5758e59b79678b8aa767217701ceaddb25c8f73e1a95","size":2928,"artifact_path":"wandb-client-artifact://uts138cb6ocifq635rpt82beu41xagnrwb2sz7mas6k8v5a7q9t8d0d5l70mtmmigl6lxurmq3d5wufilhjk37k8fewzw78ym6spphq9p4rz01dpq6mxph56kkomujay/confusion_matrix_table.table.json","_latest_artifact_path":"wandb-client-artifact://48d0ztvhiwf5qrqt0duee06csliiccoefwr176fg0rfja3iaaj5ffm04jjouif7uw29e5r9rz84m2xc1d89g628cw1novrib9bbgtllzzhxbt86afwuih86urumcz4ax:latest/confusion_matrix_table.table.json","path":"media/table/confusion_matrix_table_10_193f066de86c867b800c.table.json","ncols":3,"nrows":100,"_type":"table-file"},"val_mse_loss":0.17637936116615643,"_runtime":18.4256347}