{"accuracy":0.1002866745749308,"_step":4,"epoch":5,"val_loss":2.9342548476393953,"_runtime":5.8152378,"_timestamp":1.7412344357749846e+09,"_wandb":{"runtime":5},"loss":3.3011818911296906,"val_accuracy":0.1}