{"val_accuracy":0.2238,"_timestamp":1.7412565712356427e+09,"_runtime":34.6637068,"accuracy":0.21246296296296296,"_step":4,"_wandb":{"runtime":34},"loss":1.7847334486431905,"val_loss":1.78041390660662,"epoch":5}