{"val_loss":2.3090194901083367,"_step":9,"loss":2.3097620232109044,"accuracy":0.10101851851851852,"val_accuracy":0.1,"_wandb":{"runtime":91},"_runtime":91.576228,"_timestamp":1.741368051578059e+09,"epoch":10}