{"val_loss":0.805710109315708,"_timestamp":1.7413457960935411e+09,"_step":4,"loss":0.8351549084997195,"epoch":5,"accuracy":0.718037037037037,"_wandb":{"runtime":15},"val_accuracy":0.7152,"_runtime":15.7202188}