{"_runtime":16.2926831,"epoch":5,"val_loss":2.428731166924139,"_timestamp":1.7412525303907573e+09,"val_accuracy":0.1421,"_wandb":{"runtime":16},"accuracy":0.13916666666666666,"_step":4,"loss":2.430693163908781}