{"_wandb":{"runtime":3},"_step":4,"val_accuracy":0.0895,"val_loss":2.3035284709470356,"_timestamp":1.7411567387282841e+09,"loss":2.3034809209830542,"epoch":5,"accuracy":0.08872222222222222,"_runtime":3.5733876}