{"accuracy":0.5701111111111111,"_runtime":46.5242151,"epoch":10,"_wandb":{"runtime":46},"val_accuracy":0.5697,"val_loss":1.1029292607265602,"_timestamp":1.741249509968969e+09,"_step":9,"loss":1.1040411807648447}