{"_wandb":{"runtime":15},"val_accuracy":0.3197,"_runtime":15.409999,"val_loss":1.6963377380261948,"_step":9,"_timestamp":1.741193084544857e+09,"epoch":10,"loss":1.4903920899577696,"accuracy":0.3995}