{"_wandb":{"runtime":6},"val_loss":1.4548602986326844,"_timestamp":1.7412502723358204e+09,"_runtime":6.1706004,"val_accuracy":0.3148,"loss":1.4533070668610946,"accuracy":0.3335185185185185,"_step":4,"epoch":5}