{"epoch":10,"val_accuracy":0.10466666666666667,"_wandb":{"runtime":8},"val_loss":2.2954696899341496,"accuracy":0.10364814814814814,"_runtime":8.6673192,"_timestamp":1.7411549217913969e+09,"_step":9,"loss":2.2949327114077156}