{"_step":10,"confusion_matrix_table":{"sha256":"9e3d9eaeb0d2226543f1227ccc219bb8eb1b5ed58d6ef3e3df40eb5fc573b502","size":2930,"artifact_path":"wandb-client-artifact://5pk01mn3oggg2rtsd100uck2bw8syxyp23i86twmp18iq2dcnubiajagmgdehfn9kdtqah29v07mtn5lpr4qvc3p5nic5m0h259q6i3jmy4vpnwhi7v4t387d6woblmz/confusion_matrix_table.table.json","_latest_artifact_path":"wandb-client-artifact://qmxjcrtkvfsdk9tl1ce5kslnsvawyhhyit8yij4xbt82jfqqyz6ija2uzbp8m402mzjvcwdzdrtn6wqkx6xtv4255zet5erq2elclyvdwe78u6ae1rdvr81bqk5zrf8z:latest/confusion_matrix_table.table.json","path":"media/table/confusion_matrix_table_10_9e3d9eaeb0d2226543f1.table.json","ncols":3,"nrows":100,"_type":"table-file"},"val_mse_loss":0.21102232382752287,"_wandb":{"runtime":20},"mse_loss":0.18558650233911053,"epoch":10,"accuracy":0.8723333333333333,"cross_entropy_loss":0.3686090390291196,"_timestamp":1.742105585823645e+09,"_runtime":20.3369925,"val_accuracy":0.8551,"val_cross_entropy_loss":0.4242200346684373,"loss":0.3686090390291196,"val_loss":0.4242200346684373}