{"_wandb":{"runtime":273},"epoch":10,"loss":0.5467393131348354,"_step":10,"confusion_matrix_table":{"sha256":"9e935bae86f9a2bc22819b7e3852e571423e17adc9af4eb55336e99eca8d0b36","size":2937,"artifact_path":"wandb-client-artifact://29ry6n5760880abgrjnojjahvhq20b3upsk7e4ix9bs70rzeajkehiyxqva1uk64jyhrf0b4z950vzll2645hqvjmv5ggesgbfkpempf94k1439kp1oq25odnrhloeys/confusion_matrix_table.table.json","_latest_artifact_path":"wandb-client-artifact://74mjp4zt70mjj718nprv5ompfstt282dgzarw5cj36bihcsi118wofk3j7hcpa4vmue83rayhdy2nkm7mqfrb8kv1y8lha3lh4oha3plg4g9iv4qpsbk6ebjl1srz2mk:latest/confusion_matrix_table.table.json","path":"media/table/confusion_matrix_table_10_9e935bae86f9a2bc2281.table.json","ncols":3,"nrows":100,"_type":"table-file"},"val_accuracy":0.8389,"_timestamp":1.7415756408910205e+09,"val_loss":0.6008705735300897,"accuracy":0.8547222222222223,"_runtime":273.0753956}