{"accuracy":0.09996296296296296,"epoch":10,"_timestamp":1.7411571157520437e+09,"_runtime":5.9856688,"_wandb":{"runtime":5},"val_loss":2.3175012568013607,"val_accuracy":0.10033333333333333,"_step":9,"loss":2.3184215068064766}