{"_step":10,"val_loss":0.3708843357514779,"val_accuracy":0.8767,"val_cross_entropy_loss":0.3708843357514779,"cross_entropy_loss":0.30043279639002374,"_timestamp":1.7421353015246885e+09,"_wandb":{"runtime":94},"confusion_matrix_table":{"ncols":3,"nrows":100,"_type":"table-file","sha256":"0d44e8e8a699b0dd2b42181bfebf631b1ac42aec5b59acb7e8c8a980eb2b6f74","size":2931,"artifact_path":"wandb-client-artifact://qxnd960e19o7ge4dz9m1o9qbe8hti9ivcrx0x79ush46vhs7fi9k3j88myp5dm4gdaojglo5bmyoy9nfzr9h0uxzfwzsl6y8qpugsj5vkv939e2yugyfrja5c1p9oaah/confusion_matrix_table.table.json","_latest_artifact_path":"wandb-client-artifact://d2vfmi9rtb37zn8sjd0scwzzffs58n4b5fn51eqn7mkgv7cj5ofd8eycipe3iogcfv372rmro18vcjiurtw007ci0n90lxrfe8fxzfhn6t1nsfcj54fyo9tf2ahd4a00:latest/confusion_matrix_table.table.json","path":"media/table/confusion_matrix_table_10_0d44e8e8a699b0dd2b42.table.json"},"epoch":10,"loss":0.30043279639002374,"mse_loss":0.15306983228083276,"_runtime":94.5641405,"accuracy":0.8957222222222222,"val_mse_loss":0.18025376154990486}