{"_wandb":{"runtime":7},"_step":4,"epoch":5,"loss":2.3026109638126515,"_runtime":7.8380962,"val_loss":2.3026079639648107,"_timestamp":1.7412518123154528e+09,"val_accuracy":0.1,"accuracy":0.10083333333333333}