{"accuracy":0.14658046828689983,"loss":2.3037173173153107,"val_accuracy":0.1453,"_step":9,"_timestamp":1.7412421682034414e+09,"epoch":10,"val_loss":2.30234020772307,"_runtime":7.7925001,"_wandb":{"runtime":7}}