{"_wandb":{"runtime":20},"accuracy":0.9017962962962963,"epoch":10,"val_accuracy":0.8749,"cross_entropy_loss":0.2691416445310676,"_timestamp":1.7421087777335355e+09,"val_loss":0.35648333449894254,"mse_loss":0.14186590808413446,"val_mse_loss":0.17959741089974582,"confusion_matrix_table":{"path":"media/table/confusion_matrix_table_10_4c64ac48afe0f74342dd.table.json","ncols":3,"nrows":100,"_type":"table-file","sha256":"4c64ac48afe0f74342ddbbc906353c081ed1604c701c0c685a0e277b7d787bd7","size":2931,"artifact_path":"wandb-client-artifact://fmsw2sbplxevdozdbzlipw5euuhfjvg3dp1kvm8nhvurngg4ajcnhkh9aab6wcao3qvzlmincesajbtlqe6u3jn7461tga073xxvtv1tjne1vwn3y89t3jjbl0cpmmbx/confusion_matrix_table.table.json","_latest_artifact_path":"wandb-client-artifact://rs0kk22bqbve53x6fgda5foxpkskftzp27a4fh8v5h37ldlkwfj9n6kimpcq4m4lrczsrb1zbqxpv28gz62glrqxor1kc7xl9htcrrxdgvtqsbqhmmh5u8eoog4zmvz9:latest/confusion_matrix_table.table.json"},"_runtime":20.4407776,"_step":10,"loss":0.2691416445310676,"val_cross_entropy_loss":0.35648333449894254}