{"_timestamp":1.7412503611449802e+09,"accuracy":0.39225925925925925,"_runtime":19.1199529,"_step":9,"_wandb":{"runtime":19},"val_accuracy":0.327,"epoch":10,"loss":2.393292854879899,"val_loss":2.395795470691242}