{"val_accuracy":0.1,"_wandb":{"runtime":44},"loss":2.3053174948561117,"_step":4,"accuracy":0.10033610122578093,"val_loss":2.302586376764864,"epoch":5,"_runtime":44.0071532,"_timestamp":1.7412297470199852e+09}