{"_wandb":{"runtime":10},"val_loss":2.3307228880515654,"accuracy":0.09938888888888889,"val_accuracy":0.1055,"epoch":10,"_runtime":10.3255694,"_timestamp":1.7411552981115465e+09,"_step":9,"loss":2.3382974479012506}