{"val_loss":2.327852066013406,"accuracy":0.09938888888888889,"_step":9,"_wandb":{"runtime":11},"_runtime":11.310800799999999,"epoch":10,"val_accuracy":0.1055,"loss":2.3342081785952593,"_timestamp":1.7411560449683213e+09}