{"_timestamp":1.7411531403643916e+09,"val_loss":2.306461818522382,"_step":9,"epoch":10,"_runtime":6.7279571,"loss":2.3099669853955223,"_wandb":{"runtime":6},"val_accuracy":0.105,"accuracy":0.09944444444444445}