{"_wandb":{"runtime":4},"epoch":10,"_timestamp":1.7411526505067048e+09,"accuracy":0.2232962962962963,"val_accuracy":0.24616666666666667,"val_loss":2.0552874726091463,"_step":9,"_runtime":4.9226957,"loss":2.0933900403182566}