{"val_accuracy":0.8583,"val_cross_entropy_loss":0.3911160126434637,"mse_loss":0.17938737592995993,"epoch":10,"loss":0.4382935244912631,"_runtime":41.5089248,"_timestamp":1.7421945268807478e+09,"confusion_matrix_table":{"ncols":3,"nrows":100,"_type":"table-file","sha256":"5f8b093ef9544b69f6c8b7995211d12c84b906ec13bc8451a81d6d296d86098d","size":2930,"artifact_path":"wandb-client-artifact://r8obacfomrinvf3b0941ct1x2mjq3jiulsac0ooor7kkeaqextnug8ycmv1wtrpx6k4r0sbafjys55l073tntu5aqjps48yobzsx47yhrobothp3drp2fmbvdub8plvm/confusion_matrix_table.table.json","_latest_artifact_path":"wandb-client-artifact://upcmbona6fn0l0g4h4hih83z5rcfivlwgex7kkmeubz3frejywe25dsshbvgpbjgkn7ah650xd29f0dedlkv6b24iy8lbqyg152fz7mn7ak7q96rlxy091iy85qdvot7:latest/confusion_matrix_table.table.json","path":"media/table/confusion_matrix_table_10_5f8b093ef9544b69f6c8.table.json"},"val_loss":0.48498136558715693,"_wandb":{"runtime":41},"cross_entropy_loss":0.34336093978164284,"accuracy":0.8741666666666666,"val_mse_loss":0.2027051095808832,"_step":10}