{"val_accuracy":0.10266666666666667,"_timestamp":1.7411573933838043e+09,"accuracy":0.0997037037037037,"_wandb":{"runtime":5},"val_loss":2.3082619515062865,"loss":2.309888794411758,"_step":9,"epoch":10,"_runtime":5.7806381}