{"cross_entropy_loss":2.302847263600148,"_step":10,"val_loss":2.3131278790789125,"loss":2.3137443114183864,"_timestamp":1.7415868782786524e+09,"mse_loss":0.9000524121982849,"val_mse_loss":0.900020823262847,"confusion_matrix_table":{"path":"media/table/confusion_matrix_table_10_e057170823602e16cc6d.table.json","ncols":3,"nrows":100,"_type":"table-file","sha256":"e057170823602e16cc6d65e01f04cd68537bdc19067d65140986d32eda76ff73","size":2912,"artifact_path":"wandb-client-artifact://j0ud02p07imonr1srbocxt7z4qc87gzoos58pp2cxf1vh8wa9xlvsgdaxlqdqdvsdzlosqwm4ywjow9eyzxmppbk0qk0ixbeohbohlrli4gzrvg6s3bc9ufzr3436dey/confusion_matrix_table.table.json","_latest_artifact_path":"wandb-client-artifact://yq9n7lxunwtyc8dgj9xb16le3a3l6v8k5wva545q2giglhdtmifld32v0ny93vhm00kxi9vfuqaguo0jw86pgwx58ke740ula2y63n4ad5rv7dkye6u5chq769085cwq:latest/confusion_matrix_table.table.json"},"_runtime":85.2327664,"accuracy":0.09887037037037037,"val_accuracy":0.1,"_wandb":{"runtime":85},"epoch":10,"val_cross_entropy_loss":2.3026891127487183}