{"val_cross_entropy_loss":0.3929080621231175,"cross_entropy_loss":0.3279272174266095,"val_loss":0.45814247451653234,"_wandb":{"runtime":12},"_runtime":12.5276692,"confusion_matrix_table":{"_type":"table-file","sha256":"617b2e2feea1a4950602a815f9ec4d75e8f646da5faab43470b964b5adc23237","size":2930,"artifact_path":"wandb-client-artifact://mie9xj7nmr93vxz08zg6vmgqv6fyymrzwnx53ix5um47n1ati0asqlh5d7szay4a2ykeggancetdxze50nrxg0u9p250xwcupf3qw3be3wz8zshe8ysvr1t6sfv30k8j/confusion_matrix_table.table.json","_latest_artifact_path":"wandb-client-artifact://ntep3pjs2ps1b7130pk14pl9l7sepdhcyl5tdar0qwx56cc86ps3gdyk8mrxphjoptlzcpvf1kew1di7ly6bsm7o3zznzda3wzcot2pxt3eghds4qs5nra9logherivk:latest/confusion_matrix_table.table.json","path":"media/table/confusion_matrix_table_10_617b2e2feea1a4950602.table.json","ncols":3,"nrows":100},"_step":10,"_timestamp":1.742194992388755e+09,"mse_loss":0.1695015144224495,"val_mse_loss":0.20092545598191824,"epoch":10,"loss":0.3927672439268108,"val_accuracy":0.8582,"accuracy":0.8803888888888889}