{"epoch":10,"loss":0.7237874066024546,"val_mse_loss":0.3620163131277409,"val_accuracy":0.7415,"_runtime":58.9962268,"cross_entropy_loss":0.7237874066024546,"val_loss":0.7376975957570187,"_timestamp":1.7421899839804099e+09,"confusion_matrix_table":{"nrows":100,"_type":"table-file","sha256":"f1dfb13f991f251c256be0d20fd419708f9693f2af6fef03ef53a5acf3771776","size":2937,"artifact_path":"wandb-client-artifact://cqrvpuo2d2d5r6o8ihk844521uyzqj9mx97j4i7f8wpf1hus0je4gtiw4om86g80c69r3k2b99l9rvq16shk8okseuezbh2p8xygawh5jcvdgmp2jh5rbbmk6d5hmw5u/confusion_matrix_table.table.json","_latest_artifact_path":"wandb-client-artifact://0dtksol5wvfzmh0inj0a81iy3mf7qet0em6fbztjat38u1itdcltx1yvjoqqee16e6hiu7sthdeff7536dtyqqy9xc5h95da2l5sc02uq20xk75crlb2pouzslzt44kv:latest/confusion_matrix_table.table.json","path":"media/table/confusion_matrix_table_10_f1dfb13f991f251c256b.table.json","ncols":3},"_step":10,"accuracy":0.7356296296296296,"_wandb":{"runtime":59},"mse_loss":0.3613960045203798,"val_cross_entropy_loss":0.7376975957570187}