{"val_loss":0.5088889356384317,"_step":4,"accuracy":0.8655555555555555,"_wandb":{"runtime":60},"loss":0.4709444402975262,"_timestamp":1.741533087763024e+09,"val_accuracy":0.8534,"_runtime":60.7799366,"epoch":5}