{"_timestamp":1.7412343990400484e+09,"_step":4,"_wandb":{"runtime":11},"loss":0.6282585581767007,"val_loss":0.6362838128526249,"_runtime":11.2897718,"accuracy":0.8131296296296296,"epoch":5,"val_accuracy":0.8068}