{"_timestamp":1.7412542950175917e+09,"_runtime":15.5738122,"val_accuracy":0.2091,"loss":2.291935214887481,"_step":9,"val_loss":2.2860418440672157,"_wandb":{"runtime":15},"epoch":10,"accuracy":0.21303703703703702}