{"cross_entropy_loss":0.2900358716218503,"val_cross_entropy_loss":0.38487531365270133,"_wandb":{"runtime":18},"val_mse_loss":0.19161858947378757,"_runtime":18.7493847,"mse_loss":0.1508577574964216,"accuracy":0.8946111111111111,"val_accuracy":0.8681,"_timestamp":1.7415905141127484e+09,"loss":0.2900358716218503,"epoch":10,"val_loss":0.38487531365270133,"confusion_matrix_table":{"path":"media/table/confusion_matrix_table_10_ec812791d48e15385f36.table.json","ncols":3,"nrows":100,"_type":"table-file","sha256":"ec812791d48e15385f368bb89384af95e097b8202959f0ba47659373b7e6de33","size":2932,"artifact_path":"wandb-client-artifact://h0myteivc88ytxxzjs60wdzftdeyvvc7fzji7pmyqm7y12kayeix1gpmdvq2kypkgpg2rsf6ip0haig36aa65dl59t1ol2zpqf8hsbg5mi7y3wwgwc4y974ixfjperq9/confusion_matrix_table.table.json","_latest_artifact_path":"wandb-client-artifact://0regb5jje5xrrut37pc9ny6op8dpv7fm7k0mcllp9xggxvzky4efbz9himbvo5lvhy46gm4h4dwrvco58sg507aalsy11dhcc2nmat1zphw1ue3vlf1dojc0z4yl6az2:latest/confusion_matrix_table.table.json"},"_step":10}