{"_timestamp":1.7415886696526732e+09,"val_accuracy":0.8359,"val_cross_entropy_loss":0.4867247893610391,"epoch":5,"accuracy":0.832574074074074,"val_loss":0.6738440173183793,"cross_entropy_loss":0.49287423909134626,"val_mse_loss":0.23713483979307806,"_wandb":{"runtime":18},"mse_loss":0.24060339510904,"_step":5,"loss":0.6768330571042915,"confusion_matrix_table":{"_type":"table-file","sha256":"5ce77e9b050414d1b5cf8a52c864060453b0803f6d5a35a73fa17347e8edce87","size":2936,"artifact_path":"wandb-client-artifact://7i7jbqydbdo0ft0qwkcg95dvh2tjuqyyqtjvsqs1zssixug5i4kkfg5h3hlnz5tumftd4krhqym61i59oj41w0bornby83bc0bju2m3ihks65wvpkscztzucg0m9lo18/confusion_matrix_table.table.json","_latest_artifact_path":"wandb-client-artifact://p0jtfc8bhfuel816vq3hgva3sj42ilz1f7g9ap2puoypiynoz1fg6dewink49jc5qj9gt7ofygcyukiunchfauy8u1ttxnpa1xyqtozlmtbweowx7vm8c7f7t2rsj19c:latest/confusion_matrix_table.table.json","path":"media/table/confusion_matrix_table_5_5ce77e9b050414d1b5cf.table.json","ncols":3,"nrows":100},"_runtime":18.9708607}