{"loss":2.3467938820392953,"val_accuracy":0.1,"val_loss":2.328896040813454,"_runtime":31.9250417,"_step":9,"epoch":10,"accuracy":0.1009662910241202,"_timestamp":1.7412348858016515e+09,"_wandb":{"runtime":31}}