{"val_cross_entropy_loss":0.6190556441929378,"_wandb":{"runtime":12},"confusion_matrix_table":{"nrows":100,"_type":"table-file","sha256":"82fec8c486f168d53170e06d3c3372dac3b7201e0185a33b6c496fd2babc4d3d","size":2942,"artifact_path":"wandb-client-artifact://mr1s7qcjma3ye4gbmkr85y4fda81ynct83pmg9q5gblaxzfib3ut03nyt359as7iur8yl6lr9ntkfl3qpxbejy3hi1my1hs18e91mspijxdybo13spezceasbsxmsnt6/confusion_matrix_table.table.json","_latest_artifact_path":"wandb-client-artifact://bb35wh1zavixkdq8da0b0lw0hw0vyts7uyafu113dc94reg0kcmkvqizmngkqphx9lqfhwt2zzljloejpqj5xkyqj1gdsq1x37eod0hnlze69k2ia4uj8c5unxcnzsc7:latest/confusion_matrix_table.table.json","path":"media/table/confusion_matrix_table_5_82fec8c486f168d53170.table.json","ncols":3},"val_mse_loss":0.30008512302578866,"mse_loss":0.29744167269482374,"_step":5,"val_accuracy":0.7925,"_runtime":12.339385,"_timestamp":1.7415838481793563e+09,"epoch":5,"cross_entropy_loss":0.6030956714562028,"accuracy":0.7931296296296296,"val_loss":0.6588995048292345,"loss":0.642323087118446}