{"loss":0.4410398864191134,"epoch":10,"confusion_matrix_table":{"sha256":"eda37e716150a46b87e220c1472f123f3eb7be0ba4fc1c7e17b12db5a4f14173","size":2933,"artifact_path":"wandb-client-artifact://w5mxf0zgzg2ztotgxoashvlonb0k08sd6e6hlu3gxz0pzdtn3cnvq621cd3861gpcasw3n6774d7mac6lita1injw8a0sbuyw3sdaucp18bd5z2p3rnhm1o51b6thm9c/confusion_matrix_table.table.json","_latest_artifact_path":"wandb-client-artifact://zw2kbicbjabewd88wm4b3mzfwg7e9e6zl8jbuylvia2b7pvqlms42ae5sakil4mfg93kwbnjp26gm7mdtflbdojfgjxx8x1w9spl6iqkg8nm92f2yupa0ouozni8t8ym:latest/confusion_matrix_table.table.json","path":"media/table/confusion_matrix_table_10_eda37e716150a46b87e2.table.json","ncols":3,"nrows":100,"_type":"table-file"},"mse_loss":0.17727461744786902,"val_cross_entropy_loss":0.46361163416783674,"val_mse_loss":0.21806523191518432,"val_accuracy":0.854,"_wandb":{"runtime":100},"accuracy":0.8761296296296296,"_timestamp":1.742190986261177e+09,"cross_entropy_loss":0.3519519364046363,"_step":10,"val_loss":0.552442869782655,"_runtime":100.2067698}