{"_timestamp":1.7412414706166105e+09,"val_accuracy":0.1,"val_loss":10.346012596888322,"accuracy":0.10083333333333333,"_runtime":6.2965726,"epoch":5,"_step":4,"loss":11.864682860037764,"_wandb":{"runtime":6}}