{"cross_entropy_loss":0.31940225393800575,"epoch":10,"_runtime":16.9033254,"confusion_matrix_table":{"_latest_artifact_path":"wandb-client-artifact://o5eeuwp4yvi0hi2h7px7zrs88sqx5oflt04c677psfoyadkrddk29jhe8aehiecnj9nchwb1pn1dnsqa3wk6gcegqv6mpoh7yq6via6tm0ap8a516li2bz4lfs2h4fx4:latest/confusion_matrix_table.table.json","path":"media/table/confusion_matrix_table_10_3a6f6be9a864f9fa8a7d.table.json","ncols":3,"nrows":100,"_type":"table-file","sha256":"3a6f6be9a864f9fa8a7dd3664c5305d585b54e2a53980ae4e081fad2dd0d7b4e","size":2932,"artifact_path":"wandb-client-artifact://7r4tzbq0qdj8wh927z3q7k8c6v8q8ez2brt37gj4jrbjq8pz70fkr2k6stwxk0kxrx37omphy4kof70rqdh1j1mkr10sbttr8ksqxuj8mfua0gttf4ejaw4ho23hf0ir/confusion_matrix_table.table.json"},"val_loss":0.44901978856195446,"val_mse_loss":0.18869580535099303,"loss":0.40219490626592735,"_timestamp":1.7421924561223235e+09,"val_accuracy":0.8691,"_step":10,"val_cross_entropy_loss":0.36638002109013174,"_wandb":{"runtime":16},"accuracy":0.8825925925925926,"mse_loss":0.1675933143987728}