{"_wandb":{"runtime":20},"_step":10,"val_mse_loss":0.8999771036186419,"_runtime":20.265112,"_timestamp":1.7415853890963056e+09,"val_cross_entropy_loss":2.3024698779578983,"mse_loss":0.8999903829700675,"loss":2.3025364937453414,"confusion_matrix_table":{"sha256":"ef00577dda2ebc0f3cbd935e1e0750ed1fcd98464bd129564207a073362c2d7b","size":2909,"artifact_path":"wandb-client-artifact://1pe0depzl3ncstojpmaxnxyg77tuwdww5idkr8ia0nddz8plbqsnz5jtuc6kbbzcf96gsis28sg82ty80pxb34p9r0xc1uqvltug6qiq8zf80q4gmf8laj1q1furfuhk/confusion_matrix_table.table.json","_latest_artifact_path":"wandb-client-artifact://ybqgv6pt7lskigifq0pj71fg4f8a10pvcjkemuqyu1zyxgfaq92088gsvco65hvki4suhyfkp7z8cw6s1kjuu9n54r719k8vz9uidwhikmn5lacgiwldz06fx1i5dqm5:latest/confusion_matrix_table.table.json","path":"media/table/confusion_matrix_table_10_ef00577dda2ebc0f3cbd.table.json","ncols":3,"nrows":100,"_type":"table-file"},"epoch":10,"accuracy":0.10087037037037037,"cross_entropy_loss":2.3025364937453414,"val_accuracy":0.1002,"val_loss":2.3024698779578983}