{"epoch":10,"val_loss":0.41776945925896597,"_runtime":62.4159699,"_timestamp":1.7412496743787684e+09,"_wandb":{"runtime":62},"accuracy":0.8850370370370371,"loss":0.31455382859097497,"val_accuracy":0.8507,"_step":9}