{"val_loss":2.302493314226484,"_step":9,"val_accuracy":0.13783333333333334,"_wandb":{"runtime":6},"_timestamp":1.7411533665257838e+09,"epoch":10,"loss":2.303353312895114,"accuracy":0.13477777777777777,"_runtime":6.0936929}