{"cross_entropy_loss":0.3780225236907014,"val_mse_loss":0.21075654948714204,"_wandb":{"runtime":57},"_timestamp":1.742198448471248e+09,"val_cross_entropy_loss":0.43869392657590733,"_runtime":57.2812482,"val_loss":0.43869392657590733,"accuracy":0.8700925925925926,"mse_loss":0.187962209608259,"epoch":10,"val_accuracy":0.8554,"_step":10,"loss":0.3780225236907014,"confusion_matrix_table":{"nrows":100,"_type":"table-file","sha256":"c2cff14ea6ad24fc95ffd2786cd8555ae821c83e746f1dab174fec684f5c1ae7","size":2933,"artifact_path":"wandb-client-artifact://des3ughgjyzc9hu5h9pldr372h9pbbhun2slna55jivs9lcx939beme0ngrp4s8mukws5dl76kr49y3spfzxipcrzeq26valvcly3xhqxq5g7d5gn6v6z1hs0fwnqe24/confusion_matrix_table.table.json","_latest_artifact_path":"wandb-client-artifact://zz97vpjynjnhr1nrqeohcvpe3a6pmd0jfxyvsmqh72odkxreqkybja37b5viv2nzv2wge6t3ezjwzw77cv2xim7el83zsftidb62pcmvfphasr9cvvt3s8loz1vkh2uk:latest/confusion_matrix_table.table.json","path":"media/table/confusion_matrix_table_10_c2cff14ea6ad24fc95ff.table.json","ncols":3}}