{"_runtime":55.3388795,"confusion_matrix_table":{"ncols":3,"nrows":100,"_type":"table-file","sha256":"f32edd56dbe37b64ad3f4fd5a262cbd8b8ad2f20030aa6256ccfb4d8e9d0ba93","size":2934,"artifact_path":"wandb-client-artifact://e5e7w19ddbejqy41ha3tn3yg2ie5mv62024u05nr49vkyo0oxivmmvdn1tchsw9s5yoi0fckuutdzv4c0l4hsy4nuop3cxk0ga55q2msnmyl67kx9bcmed1jacx1sx8u/confusion_matrix_table.table.json","_latest_artifact_path":"wandb-client-artifact://cm3zzy9or5e2oex0jqdoos7ssc73drk191ol8jb7nqpr93frc131ctp9fomlk8y6e9b6890yjqlv6s6qb1l2tagmjfj6pkoewwxc51bky4erfyvl95z8wq4gf4t00g5r:latest/confusion_matrix_table.table.json","path":"media/table/confusion_matrix_table_5_f32edd56dbe37b64ad3f.table.json"},"_timestamp":1.7415855254155035e+09,"_step":5,"val_accuracy":0.8336,"val_loss":0.6403042198705907,"mse_loss":0.22251620537416902,"cross_entropy_loss":0.46908196781852074,"accuracy":0.845037037037037,"val_mse_loss":0.24666525229249106,"_wandb":{"runtime":55},"epoch":5,"val_cross_entropy_loss":0.5480592800760583,"loss":0.5585231806384763}