{"val_mse_loss":0.19916931719718853,"val_loss":0.40511323189267445,"confusion_matrix_table":{"artifact_path":"wandb-client-artifact://lev45tvzvcwnz7ng5eyd665hw03zh9kqoaic4iyyb36ah2231l6adlmij6e3t87k6ui7om46uax405lutksn3whowah6b5o2iv95065ormo6u0kmagm5dqdg0ibpjdec/confusion_matrix_table.table.json","_latest_artifact_path":"wandb-client-artifact://m8p7o98dyx2ccv2hf93x5wgk6q6k51qaddk55mxdyaceskj7svyxox8wjpiwuaht66fajdscxlt9v0z69xt231dnaxshoobz8kujcecaqgq1qnjqf1d0ngfclniqnmbm:latest/confusion_matrix_table.table.json","path":"media/table/confusion_matrix_table_10_124043e37782b685c938.table.json","ncols":3,"nrows":100,"_type":"table-file","sha256":"124043e37782b685c938acc7bb2e2a5876e6893a46dfc883457496cd965ab857","size":2931},"cross_entropy_loss":0.29766398882038925,"accuracy":0.8958148148148148,"mse_loss":0.15261222804307942,"_runtime":80.1062346,"val_accuracy":0.8649,"_wandb":{"runtime":80},"loss":0.29766398882038925,"_timestamp":1.7421936067389953e+09,"val_cross_entropy_loss":0.40511323189267445,"_step":10,"epoch":10}