{"cross_entropy_loss":0.3309669822173135,"accuracy":0.8825185185185185,"val_loss":0.3940576252869069,"_runtime":35.2337096,"mse_loss":0.1699455776426652,"val_mse_loss":0.1955243517610709,"_wandb":{"runtime":35},"loss":0.3309669822173135,"confusion_matrix_table":{"ncols":3,"nrows":100,"_type":"table-file","sha256":"87341271d1e9403a68c5eec3a0c152453a5ade60349a6ddd6d0dfbf84706dc20","size":2927,"artifact_path":"wandb-client-artifact://oqlxm0xgy47t1xzd00wzd7boe0k8vyam6yyv6z6jmc007zmic7l1gjiqrxuoa53mfoedt7wl8uhxrtnpvro43cvh7s69hsy08zkibdk5sd7nljjxjueiz9iik9g0rrte/confusion_matrix_table.table.json","_latest_artifact_path":"wandb-client-artifact://hmibf8rdslp3mkb8yn2v7kidojo2h9yejh9y5wh6sf9frpicvkmru0jtl0gfrb2unaq1eq1ei2fap45jkmblv9z2pdewktb5lo2hgol38efzr1b61kb57jhjoqdrnl8e:latest/confusion_matrix_table.table.json","path":"media/table/confusion_matrix_table_5_87341271d1e9403a68c5.table.json"},"_timestamp":1.742107666277582e+09,"val_accuracy":0.8671,"_step":5,"val_cross_entropy_loss":0.3940576252869069,"epoch":5}