{"cross_entropy_loss":1.5219095464360481,"_wandb":{"runtime":16},"val_loss":1.2581832347104693,"val_mse_loss":0.640072868234459,"_step":10,"accuracy":0.3955740740740741,"mse_loss":0.7255293172326053,"val_accuracy":0.4542,"_timestamp":1.7421342381423523e+09,"_runtime":16.7959027,"epoch":10,"val_cross_entropy_loss":1.2581832347104693,"loss":1.5219095464360481,"confusion_matrix_table":{"ncols":3,"nrows":100,"_type":"table-file","sha256":"a3c286ca54307d67259ea5113c3944814588963d365196f79f572ffca96fa7e5","size":2943,"artifact_path":"wandb-client-artifact://qm4s1umfr657kd2evwpaening2msfx4662sbm5d8s7tmn8vw65tc69s79uwtctnpzx6nfwjv899cgkwtxt6lvn9dapuhqotbe2yu2bsimlx28gact6i7d26l1goejey6/confusion_matrix_table.table.json","_latest_artifact_path":"wandb-client-artifact://vaebi5ue5tjjkw4p84oqigpb6ta9uab0lghf3ik36swx2tqovmssjuuwvelbm86dm72b6oksguyy874x1o63b2cduwuim2tphjohp9cjeqbo3heqc3n08rdofgogjbif:latest/confusion_matrix_table.table.json","path":"media/table/confusion_matrix_table_10_a3c286ca54307d67259e.table.json"}}