{"epoch":5,"_wandb":{"runtime":11},"val_cross_entropy_loss":2.3025929069907316,"confusion_matrix_table":{"path":"media/table/confusion_matrix_table_5_fde76a3ad560a8d9e3d8.table.json","ncols":3,"nrows":100,"_type":"table-file","sha256":"fde76a3ad560a8d9e3d8af65329ead9e0fc5eb7c4f2377967c2e27d07ba92fba","size":2912,"artifact_path":"wandb-client-artifact://mojsd0k2rf4db4komgxmg0lqvc123pbze0h61vlop9w10jjgbmwj595amqfoytxz2bjrr17zxd3xgxoujvwrx0h7u6kq6kc4ukuqoie6zkb6n9zmq8gbznwnqm03ovj6/confusion_matrix_table.table.json","_latest_artifact_path":"wandb-client-artifact://edxvik4ndaxd99kikcuh06xq7fbhffdlm9x3zuztl4s784ungz5i22x4z4fpcr7dc1hb48kbx897i21z0kiwch3u071uqx0inqigv8vopvhbyjxjdchim0e8du7e7bh4:latest/confusion_matrix_table.table.json"},"val_loss":2.3025951440031225,"_runtime":11.0892669,"accuracy":0.10066666666666667,"_step":5,"mse_loss":0.9000033987762665,"val_mse_loss":0.9000015848991781,"cross_entropy_loss":2.302601998154953,"_timestamp":1.742134135967256e+09,"loss":2.3026208106595165,"val_accuracy":0.1}