{"accuracy":0.7706666666666667,"val_accuracy":0.7673,"loss":0.7954403671834285,"val_loss":0.8200679334183675,"_runtime":73.1280943,"_timestamp":1.7413488530357625e+09,"_step":9,"epoch":10,"_wandb":{"runtime":73}}