{"val_loss":1.1004042588884864,"epoch":10,"_wandb":{"runtime":9},"accuracy":0.6213518518518518,"val_accuracy":0.6136666666666667,"_timestamp":1.7411552061187682e+09,"_step":9,"_runtime":9.4566958,"loss":1.090625386449758}