{"_step":9,"epoch":10,"loss":2.303019165749262,"val_accuracy":0.1,"_runtime":11.5227974,"accuracy":0.09855555555555555,"val_loss":2.302870443526706,"_timestamp":1.7413473344100792e+09,"_wandb":{"runtime":11}}