{"mse_loss":0.1867640364938517,"epoch":10,"val_loss":0.443267296230052,"val_cross_entropy_loss":0.443267296230052,"accuracy":0.873,"cross_entropy_loss":0.3851878264374327,"loss":0.3851878264374327,"_step":10,"_wandb":{"runtime":22},"val_accuracy":0.8611,"confusion_matrix_table":{"nrows":100,"_type":"table-file","sha256":"5136ec14715f8de07145fd5c1fa84b8a170c196e5a7adf7224f58b02bac8668b","size":2937,"artifact_path":"wandb-client-artifact://5m30kjnr1ckiltnvt9n2n3zq39tlgy9jf78y72wd4xemzy9nllbgzfq1fptqbuqy4sr9sc0hdwdxwk5xa96ikztez6s9ffpht90tc2191fsjvujw1cp6ubxtjsqzhwg0/confusion_matrix_table.table.json","_latest_artifact_path":"wandb-client-artifact://xzvowj9erm9o5qrs3xu6ls8y7rtwc1l6zubafo2to1a7oxhu63llv5xl3o1qqjrbn0ewjuiq7dniyk49urhbrktyevyzrmzjh4632pbgtgw09ushrpj8ihaih1n9zd0i:latest/confusion_matrix_table.table.json","path":"media/table/confusion_matrix_table_10_5136ec14715f8de07145.table.json","ncols":3},"_runtime":22.3039728,"_timestamp":1.7421060333372238e+09,"val_mse_loss":0.20823095344814216}