{"confusion_matrix_table":{"ncols":3,"nrows":100,"_type":"table-file","sha256":"421338f0fa6470292552c33f246d2e393d3f0d964249a891b2a5cab36bf3db3d","size":2942,"artifact_path":"wandb-client-artifact://zzi6yopu2o2e0ljaigon8qnayxc4gc8ckq5g1irznb7tc8il33obm3089uybxrdepg8sq716k36wm4svavei450k5dfif3zm5z28p408rdx4fplwz722n3em5kp67fr3/confusion_matrix_table.table.json","_latest_artifact_path":"wandb-client-artifact://7xb4b97vehwubb2rcfpwqszqe1zkasnyqullczldw6e1zfsc0pgcywefeoizewvl1htxrxsfu7v4thc2enw9btmpkvfdtclknmyj23spx1ltaq1y5y22rnjpayc510wj:latest/confusion_matrix_table.table.json","path":"media/table/confusion_matrix_table_10_421338f0fa6470292552.table.json"},"mse_loss":0.3366178726044084,"val_cross_entropy_loss":0.6881874713852106,"val_loss":0.8490135129687092,"_runtime":49.8825362,"val_mse_loss":0.3328036031301873,"_step":10,"_timestamp":1.7421901124645734e+09,"accuracy":0.7626666666666667,"epoch":10,"_wandb":{"runtime":49},"loss":0.8391044139781952,"val_accuracy":0.7653,"cross_entropy_loss":0.6788184955754698}