{"epoch":5,"val_accuracy":0.105,"_wandb":{"runtime":3},"val_loss":2.38191050031431,"_timestamp":1.7411541303788433e+09,"loss":2.3901195902937373,"_step":4,"accuracy":0.09944444444444445,"_runtime":3.8503773}