{"_runtime":69.6690671,"loss":2.302600963544576,"accuracy":0.10083333333333333,"val_accuracy":0.1,"_wandb":{"runtime":69},"_step":9,"_timestamp":1.741235852259242e+09,"epoch":10,"val_loss":2.302594631723434}