{"_runtime":50.7333417,"epoch":10,"val_loss":2.3026377484597673,"_wandb":{"runtime":50},"val_accuracy":0.1,"_timestamp":1.7413465910847516e+09,"_step":9,"loss":2.302633140858731,"accuracy":0.10083333333333333}