{"val_loss":0.3815435898832242,"accuracy":0.8796111111111111,"_step":5,"_wandb":{"runtime":26},"val_mse_loss":0.1950573706263304,"val_accuracy":0.8628,"loss":0.33332143440528245,"_timestamp":1.7421104414735196e+09,"confusion_matrix_table":{"_latest_artifact_path":"wandb-client-artifact://mhuth26icj4b2yzueq5ffqzzp4mo9cnvacoaph9nbn6uqx885lvlp280uk4pstc6749anito4gprmbvfl53a7wt40dvckd00v2ci1f42wshg6wcp33lbstb8m0nuebme:latest/confusion_matrix_table.table.json","path":"media/table/confusion_matrix_table_5_1d311b499e4a2a8c40a2.table.json","ncols":3,"nrows":100,"_type":"table-file","sha256":"1d311b499e4a2a8c40a296db18a214b31e8664f2411b5be2af13177f4961bed5","size":2930,"artifact_path":"wandb-client-artifact://p3jmw197hzr1kja675vn5oyycpi5fzvwia7hbq7nvcum6q14wlqmbly5wtz5nm2cy3s6gzqo9vvbipe95pho4lkip7xnjkbzxf3mfyf5saycrv2ndtjsa89iiwgsr8ov/confusion_matrix_table.table.json"},"mse_loss":0.1725535055747156,"val_cross_entropy_loss":0.3815435898832242,"epoch":5,"cross_entropy_loss":0.33332143440528245,"_runtime":26.1421317}