{"loss":464.2945939811579,"accuracy":0.22277777777777777,"val_accuracy":0.1925,"_runtime":88.6388298,"epoch":10,"_step":9,"val_loss":527.8989247528034,"_wandb":{"runtime":88},"_timestamp":1.7412541463823702e+09}