{"_step":9,"val_loss":2.302592354812565,"accuracy":0.10064093064611737,"epoch":10,"_timestamp":1.741236786759031e+09,"loss":2.303953307728198,"val_accuracy":0.1,"_runtime":9.1386991,"_wandb":{"runtime":9}}