{"confusion_matrix_table":{"path":"media/table/confusion_matrix_table_10_44439490d86f916613dd.table.json","ncols":3,"nrows":100,"_type":"table-file","sha256":"44439490d86f916613dd7a4915e714d0d14651dbf187c19ba5c2369cc16a59ed","size":2927,"artifact_path":"wandb-client-artifact://52lcnsk1gjqiqpoh52ppzo3nb63aua5j5fj2kf2tmdwxqc7rrha4mcytbztk7rehrna980jv6pje1b8vrpbbubclw3adwnxwbxmcb6x1c7ojbvu63tofwgl5uom7zwhq/confusion_matrix_table.table.json","_latest_artifact_path":"wandb-client-artifact://o77mihp0fl1mtlsbp1nqt2e8dxnz3z4gqxjmnsbq2xhu7p5hscr4tih5uqg28cyxjfna8umqlpmfv9gn8agkvrft26096bvvpgi56gxocunbe0d0bg9ln351nlh5tsfv:latest/confusion_matrix_table.table.json"},"cross_entropy_loss":0.27945615506044974,"accuracy":0.8979074074074074,"_step":10,"mse_loss":0.14679413389252102,"val_cross_entropy_loss":0.36616640868773903,"val_loss":0.36616640868773903,"val_accuracy":0.871,"_timestamp":1.742192876282474e+09,"val_mse_loss":0.1878856117729422,"loss":0.27945615506044974,"_wandb":{"runtime":15},"epoch":10,"_runtime":15.6835994}