{"loss":1.5814659349868574,"val_loss":1.5694912723522823,"_wandb":{"runtime":14},"_step":9,"accuracy":0.30762962962962964,"val_accuracy":0.2978,"epoch":10,"_timestamp":1.741242190462854e+09,"_runtime":14.1679083}