{"_step":4,"val_loss":2.2815437337690274,"loss":2.299708167623184,"val_accuracy":0.10766666666666666,"_timestamp":1.7411558001278615e+09,"_runtime":4.2877911,"accuracy":0.08990740740740741,"_wandb":{"runtime":4},"epoch":5}