{"epoch":5,"accuracy":0.6483703703703704,"_timestamp":1.7413681288382428e+09,"_step":4,"val_accuracy":0.6681,"_runtime":72.351542,"_wandb":{"runtime":72},"loss":0.8672078665344478,"val_loss":0.8451581362909699}