{"loss":0.4298138507195778,"val_mse_loss":0.23125185294945,"epoch":10,"val_loss":0.45982411016078406,"_wandb":{"runtime":12},"_runtime":12.7877078,"_timestamp":1.7421346207661097e+09,"val_accuracy":0.8388,"confusion_matrix_table":{"sha256":"31457c314d42d53c357e5cd7f80cf34901d3e23ae75a734966972d8a83e35f8f","size":2939,"artifact_path":"wandb-client-artifact://xii598pbr1wwgyeccq2tubzvu7zh1z4jreijxarilode5ishnqgarp14som75cmh2ojxuwrn7v9bg8k1g8bujhe3e14tvw7jyyl6i5eby9u36qpyhek2vhs6dkvfecru/confusion_matrix_table.table.json","_latest_artifact_path":"wandb-client-artifact://p62aucubmdvbuvu5rd66y9w3vj2xjwu0dfmfsbxqpe338i9ul579jx55a1nr7ir2en7iuavnzkneuoyoxsvkflshwa7i5m5bxw6ofrciyvtl935t7sx5xnvoj6j19kpv:latest/confusion_matrix_table.table.json","path":"media/table/confusion_matrix_table_10_31457c314d42d53c357e.table.json","ncols":3,"nrows":100,"_type":"table-file"},"mse_loss":0.21707899834251618,"cross_entropy_loss":0.4298138507195778,"accuracy":0.8478333333333333,"val_cross_entropy_loss":0.45982411016078406,"_step":10}