{"_timestamp":1.7411533042161658e+09,"_step":9,"accuracy":0.10064814814814815,"val_accuracy":0.09416666666666666,"_runtime":8.1816806,"_wandb":{"runtime":8},"epoch":10,"val_loss":2.3024279276898776,"loss":2.302766748484802}