{"val_loss":2.2958168179008207,"epoch":5,"val_accuracy":0.11683333333333333,"loss":2.2985212052811215,"_step":4,"_wandb":{"runtime":4},"_timestamp":1.7411528809527245e+09,"_runtime":4.3081046,"accuracy":0.11875925925925926}