{"mse_loss":0.15502207423612482,"_runtime":25.0192718,"_timestamp":1.7421099863363523e+09,"accuracy":0.8927777777777778,"confusion_matrix_table":{"path":"media/table/confusion_matrix_table_10_fc54a569c2e204826887.table.json","ncols":3,"nrows":100,"_type":"table-file","sha256":"fc54a569c2e204826887755c92f4ce1aa749f157170fce0b4100845dc600bf6a","size":2934,"artifact_path":"wandb-client-artifact://6wagmn6memt6t0ajkw010amq3xqgyz600vphkf7tpl6c4cg2vg7ugefot4844700ykp2w95mh7ocgnoutjjd3fdmpuxf3nyl6h8ra9y12iv3ueh578jre1fuxulqx3lm/confusion_matrix_table.table.json","_latest_artifact_path":"wandb-client-artifact://pyfgr6jz8idcyz3y80kgd660kl5t57fl4iud56o5pmbk2tu3otzx4z0uxjz12ibs7fifhgpqr5r43hnym253qnft14icaq4al12j6lfk3c46804h25nysx6rcw8zhs5f:latest/confusion_matrix_table.table.json"},"_wandb":{"runtime":25},"val_accuracy":0.872,"_step":10,"epoch":10,"val_mse_loss":0.1877147747011458,"val_loss":0.38448989321646276,"val_cross_entropy_loss":0.38448989321646276,"loss":0.3018421680910425,"cross_entropy_loss":0.3018421680910425}