{"epoch":10,"_wandb":{"runtime":21},"val_accuracy":0.8143,"loss":0.8510749993240269,"_step":9,"val_loss":1.220003448188214,"_timestamp":1.74125083883258e+09,"_runtime":21.5731448,"accuracy":0.8037592592592593}