{"mse_loss":0.2197067842972877,"epoch":10,"accuracy":0.8464259259259259,"_runtime":32.565015,"_timestamp":1.742196951341283e+09,"cross_entropy_loss":0.43610583496403266,"loss":0.43610583496403266,"val_accuracy":0.8331,"_wandb":{"runtime":32},"_step":10,"val_mse_loss":0.23632501627168553,"val_cross_entropy_loss":0.4673153705910716,"val_loss":0.4673153705910716,"confusion_matrix_table":{"size":2938,"artifact_path":"wandb-client-artifact://r8lsqh1eqrjslt2140yx4agkm96se9sxjxxysb5m83h4wz5i4g3ascls2w4y80ud5c8spk2czi4z55kk2hidfux4txmqpzuug8qojfgk6npsc0byqdm8qkpbcv645os2/confusion_matrix_table.table.json","_latest_artifact_path":"wandb-client-artifact://at13tumynav6h8hn6tb22rbe5w4y791uscnsj8mnwnkpd7qr3c4mgz5qes9rr02b8qctcbxb766w11qmmviiw4j3wcph80uoedy0p3ugfohhy8g7u5e3jggln6tqkrt7:latest/confusion_matrix_table.table.json","path":"media/table/confusion_matrix_table_10_65acb0a40d6536772016.table.json","ncols":3,"nrows":100,"_type":"table-file","sha256":"65acb0a40d65367720162a325bb016f4114a1a8040afa3b472c2ef9ac8b273f8"}}