{"_timestamp":1.7412421550454695e+09,"accuracy":0.8830394190871369,"_step":9,"epoch":10,"_wandb":{"runtime":63},"val_loss":0.44352458526848265,"loss":0.4018160734967477,"val_accuracy":0.8689,"_runtime":63.4356253}