{"val_accuracy":0.0985,"loss":2.5713854240443674,"val_loss":2.5803446503728993,"_timestamp":1.7411571885838022e+09,"_runtime":3.8417417,"accuracy":0.10016666666666667,"epoch":5,"_step":4,"_wandb":{"runtime":3}}