{"_runtime":10.5434096,"accuracy":0.0997037037037037,"epoch":10,"_wandb":{"runtime":10},"val_loss":2.4753533217987833,"val_accuracy":0.10266666666666667,"_timestamp":1.741151756779945e+09,"_step":9,"loss":2.5051090563673255}