{"val_accuracy":0.1,"loss":2.3026348283330758,"accuracy":0.10083333333333333,"_wandb":{"runtime":13},"_runtime":13.8552852,"epoch":5,"_timestamp":1.741368754580667e+09,"val_loss":2.302629916883617,"_step":4}