{"_wandb":{"runtime":7},"loss":1.9569242953029073,"_runtime":7.0044862,"_step":9,"accuracy":0.41464814814814815,"val_accuracy":0.3895,"_timestamp":1.7411551120812893e+09,"val_loss":1.9165075876022222,"epoch":10}