{"_timestamp":1.7421968412513635e+09,"val_cross_entropy_loss":0.38900626383980796,"_step":10,"val_accuracy":0.8673,"loss":0.3113122517781868,"confusion_matrix_table":{"sha256":"93b2175e5748435c135e5b888e40e06b9edae518543165cd5ab00d94f107ead2","size":2934,"artifact_path":"wandb-client-artifact://7upjgt78q9ykt445q187u3lvu4fpu8ep077wucud35s3jrm4ih6kvuw3ge2sm3yb4a1z1degwcmjfudqpbpnnlpf9wq1awhmgo51imby3bw7kkepe4iu5ck2m9qss6h8/confusion_matrix_table.table.json","_latest_artifact_path":"wandb-client-artifact://eg6sljko2zi45g519z5kfj11jse4vn6ztfslh0rfks2wacak0urvt8aixugupyalsp2vgp6axj46j8fdo44rp5tcpucf4dbdt21vwhm22uq2sf1iu0zmx914vrihkzzh:latest/confusion_matrix_table.table.json","path":"media/table/confusion_matrix_table_10_93b2175e5748435c135e.table.json","ncols":3,"nrows":100,"_type":"table-file"},"cross_entropy_loss":0.3113122517781868,"_runtime":28.7247828,"accuracy":0.8903518518518518,"val_loss":0.38900626383980796,"_wandb":{"runtime":28},"mse_loss":0.15912239056379004,"epoch":10,"val_mse_loss":0.19333286128750626}