{"_step":9,"epoch":10,"_runtime":11.821200900000001,"loss":2.3386072745378024,"accuracy":0.07327777777777778,"_timestamp":1.7413693731148667e+09,"val_loss":2.3383093338162686,"_wandb":{"runtime":11},"val_accuracy":0.0829}