{"val_accuracy":0.8633,"_runtime":44.5542498,"loss":0.3308811679024152,"epoch":10,"_step":10,"val_mse_loss":0.19498586752236396,"_timestamp":1.742106837970959e+09,"mse_loss":0.1698411235503095,"val_cross_entropy_loss":0.38214965458124023,"accuracy":0.881537037037037,"val_loss":0.38214965458124023,"_wandb":{"runtime":44},"cross_entropy_loss":0.3308811679024152,"confusion_matrix_table":{"sha256":"c269634d969c4a86d7697aa9fc8a22212d50961072047c1d45ed3cdadc592c14","size":2935,"artifact_path":"wandb-client-artifact://baa58p8vvgiu5zp5ospe52bex6bj839v51hy129u70yrrvq4vnujrq6582o7e0qwhapl9scym7obtfhwovfg9jzxxnkpb273z5plzapnadfouwo25tk05bft0hloqucx/confusion_matrix_table.table.json","_latest_artifact_path":"wandb-client-artifact://nv03vl5n6azcn6xrtr709auw0d8c92yr99n3z7um3gnijmx3wyq6v3nrjcydtotrldjaml4pw69pioxtx7t0bsjncdtaah93w6z5m16qljcvif7sc5wzo5jzjc3lyziu:latest/confusion_matrix_table.table.json","path":"media/table/confusion_matrix_table_10_c269634d969c4a86d769.table.json","ncols":3,"nrows":100,"_type":"table-file"}}