{"_wandb":{"runtime":55},"val_accuracy":0.8412,"accuracy":0.8559814814814815,"_timestamp":1.7421081655428836e+09,"val_loss":0.550303452811684,"epoch":5,"confusion_matrix_table":{"nrows":100,"_type":"table-file","sha256":"242b324914afcb88be4414c8e749c241e7abac0daa4a46f9a4e091720b40f33d","size":2936,"artifact_path":"wandb-client-artifact://cb54cyg88gtylvycs3b0cwsc1n28e4fjqbad2flsj9dol0tdl7rp91tym7b4fsoqr2bzceosdwhcixd5dsf17dlub71szwmm81oxge33v0phxj717tuhhkks8nldk5nu/confusion_matrix_table.table.json","_latest_artifact_path":"wandb-client-artifact://0w5wry4s598xzjusalzzh5vx67d8hzw3alp7s7wtxmz7uraf6ixlyb8dbhw2vxemf6ensuzatv774cbe0tpwjjpge7igbp1fili6b0lkloagvqx71tg3ut31xac3ov18:latest/confusion_matrix_table.table.json","path":"media/table/confusion_matrix_table_5_242b324914afcb88be44.table.json","ncols":3},"val_cross_entropy_loss":0.458187863295787,"_runtime":55.0645976,"_step":5,"mse_loss":0.20746872317598186,"cross_entropy_loss":0.4107727819153109,"val_mse_loss":0.2286189274900819,"loss":0.501308513798795}