{"loss":0.26582063000261946,"accuracy":0.9026111111111111,"confusion_matrix_table":{"sha256":"f837abfe868bd8226c98e974c197b42000ea36f78b7de7cb4b4e0b25f37c7524","size":2931,"artifact_path":"wandb-client-artifact://uk3vnu8gmuxek1fvf3r22vzejatoyy5ti6h20avvjsubt271yeybdmacewq4jv4eczeyz5snzu4nqk8xt876kpmqexufs2mc97t3lua5r5jh7ev0aqora0m76yv1yqcm/confusion_matrix_table.table.json","_latest_artifact_path":"wandb-client-artifact://77wimh6k4tvfweu00hufcntywymsrcnok8yidu328sx45xle9kayx9u5cfa1zmk34gna5mh6y2s9q3ja5s98i80tepatd4tiwzzpiynmkcjoogn5upjw7i3d3o44qwy8:latest/confusion_matrix_table.table.json","path":"media/table/confusion_matrix_table_10_f837abfe868bd8226c98.table.json","ncols":3,"nrows":100,"_type":"table-file"},"val_cross_entropy_loss":0.350011999662296,"_timestamp":1.7415916136267679e+09,"mse_loss":0.140488760810577,"_wandb":{"runtime":19},"val_mse_loss":0.18096272333730434,"cross_entropy_loss":0.26582063000261946,"epoch":10,"val_accuracy":0.874,"_runtime":19.0774758,"_step":10,"val_loss":0.350011999662296}