{"_runtime":127.0950804,"cross_entropy_loss":0.42384001499974344,"loss":0.42384001499974344,"_wandb":{"runtime":127},"mse_loss":0.21124144825568528,"_step":10,"confusion_matrix_table":{"size":2937,"artifact_path":"wandb-client-artifact://vlpbxspz1xmup63tu8ls6bx6m9lo8tz6mfxuau3f385ywllfe3kewkj2jm5xvkl9o8ujrp978c0ih1fvir9p6cpixg13ts506jdaps9d7kp7k4zx7r9tm4liod4o7krl/confusion_matrix_table.table.json","_latest_artifact_path":"wandb-client-artifact://9bm6i12stf39jxdkpj01qh1j4oquwutnm7vbqsr6qwkzv5vyebevt2qjeqevkhqh6zj964ra7ddok462pnmwgvb5uem3s36tip07pbp457e5a6nzojdwrtynmb35v9zj:latest/confusion_matrix_table.table.json","path":"media/table/confusion_matrix_table_10_481ef44a26a9c40faede.table.json","ncols":3,"nrows":100,"_type":"table-file","sha256":"481ef44a26a9c40faedeed10ced503410f0dc333f9e89da9f63e15c83d7d14e8"},"val_accuracy":0.8421,"val_cross_entropy_loss":0.46091562925498913,"val_mse_loss":0.22853487441026013,"val_loss":0.46091562925498913,"accuracy":0.8542407407407407,"epoch":10,"_timestamp":1.7421049569903235e+09}