{"val_loss":2.3166731192100456,"_step":4,"_runtime":3.5737503,"loss":2.3173048301583488,"val_accuracy":0.033,"_timestamp":1.7411521479657865e+09,"_wandb":{"runtime":3},"epoch":5,"accuracy":0.03333333333333333}