{"loss":2.490369182240159,"val_accuracy":0.1,"epoch":10,"_wandb":{"runtime":37},"val_loss":2.4901638275690967,"accuracy":0.10062962962962962,"_step":9,"_timestamp":1.7413689559627562e+09,"_runtime":37.7568754}