{"epoch":10,"val_accuracy":0.101,"_step":9,"loss":2.357615038048209,"accuracy":0.09788888888888889,"_timestamp":1.7411570299109387e+09,"_wandb":{"runtime":5},"val_loss":2.3593840710691785,"_runtime":5.7013577}