{"loss":0.44065521933884017,"_wandb":{"runtime":77},"val_loss":0.4975121840016594,"_runtime":77.6483104,"epoch":10,"_timestamp":1.7413456989454293e+09,"accuracy":0.8869259259259259,"val_accuracy":0.8682,"_step":9}