{"val_loss":2.297972227618848,"val_accuracy":0.0985,"_step":4,"_runtime":8.9005929,"_timestamp":1.7411557081586092e+09,"epoch":5,"accuracy":0.11344444444444444,"_wandb":{"runtime":8},"loss":2.2969918060699004}