{"epoch":5,"loss":2.302612008124682,"_runtime":13.338118,"val_mse_loss":0.9000005744662505,"accuracy":0.10074074074074074,"val_cross_entropy_loss":2.3025878658399663,"_wandb":{"runtime":13},"val_loss":2.3026077442463904,"mse_loss":0.9000014445830701,"_step":5,"cross_entropy_loss":2.3025922136426247,"confusion_matrix_table":{"_type":"table-file","sha256":"e057170823602e16cc6d65e01f04cd68537bdc19067d65140986d32eda76ff73","size":2912,"artifact_path":"wandb-client-artifact://v07e9ir8vsguvyh1cg0p6vm8zhwnqkbek8yd5i3hp0t4e0jk2nkt8kzq003tbrsf8bisp4887irvlcr9nudkvnflvg15uoqnqzcpwcbg0uv9pt35aki8ntrcn5hgt13n/confusion_matrix_table.table.json","_latest_artifact_path":"wandb-client-artifact://xijmhk2r6qf31c7i3at38sx34t4eql0llp2otoon25k7u3ce4q9rvlbh1u73biaaeix73s72xzr6gb4vsw3n8qlxf7f590lwmdqgme22ltmiayocrun4ylw8fy8gd7ht:latest/confusion_matrix_table.table.json","path":"media/table/confusion_matrix_table_5_e057170823602e16cc6d.table.json","ncols":3,"nrows":100},"val_accuracy":0.1,"_timestamp":1.7421341158444605e+09}