{"cross_entropy_loss":0.3321429677107168,"mse_loss":0.17056476721050426,"_timestamp":1.7421090627153108e+09,"loss":0.3321429677107168,"_wandb":{"runtime":16},"val_cross_entropy_loss":0.3976316118547024,"accuracy":0.8810370370370371,"val_accuracy":0.8601,"val_mse_loss":0.2014955888196506,"epoch":5,"_runtime":16.4766403,"val_loss":0.3976316118547024,"_step":5,"confusion_matrix_table":{"_type":"table-file","sha256":"23efcbf9c4087e6d543e1eff1e121d28f2a79134fbd9fe8fbcc2746b717aaafa","size":2931,"artifact_path":"wandb-client-artifact://gf6105qxzegtiqu9olhpl1jaquqoxm0xsg69umqv04m1b0u659rz0nbdenmw2mevlfpwolak6zf4ceo441wluc83rxjxhnzj3gxi64sqy2h2a0voigepcqlfcq2sw78z/confusion_matrix_table.table.json","_latest_artifact_path":"wandb-client-artifact://ff4lf3fsa57h617dckz6l5hjifwtanddrsx69dohv5vs2yqqwaoj8g4fst0jrjuj2lphsmkku6lmmvc4rizyqmgr403bcjh1egn3suj2n15z54yd2o60h27w3hfhn79d:latest/confusion_matrix_table.table.json","path":"media/table/confusion_matrix_table_5_23efcbf9c4087e6d543e.table.json","ncols":3,"nrows":100}}