{"loss":2.3066315345031767,"val_accuracy":0.1,"_runtime":7.1200027,"_step":4,"epoch":5,"_wandb":{"runtime":7},"_timestamp":1.741241057572194e+09,"accuracy":0.10094775603005139,"val_loss":2.302603181497269}