{"_runtime":7.5872721,"accuracy":0.1002962962962963,"_step":9,"loss":2.394449826425265,"_timestamp":1.741154326700682e+09,"_wandb":{"runtime":7},"val_loss":2.3933350489116134,"epoch":10,"val_accuracy":0.09733333333333333}