{"mse_loss":0.1709248369191869,"val_cross_entropy_loss":0.39207842129725107,"_runtime":39.0754307,"cross_entropy_loss":0.3263256381828547,"_timestamp":1.7421072317412934e+09,"_step":10,"confusion_matrix_table":{"path":"media/table/confusion_matrix_table_10_ef519524e7750f734098.table.json","ncols":3,"nrows":100,"_type":"table-file","sha256":"ef519524e7750f7340982be1f455dba56ada15e9979b691615bc96ea26da55f1","size":2928,"artifact_path":"wandb-client-artifact://jy0zijwjsu5cjmk5nug7qy5cavbv9xk6nbxgt8qcfqu3xxyq57z8h3imw4rhr242ro5zlwfsu63w78acougbsivvug7uqvx0f4wtzeoayxkq38hr21pynny5fkkn9sap/confusion_matrix_table.table.json","_latest_artifact_path":"wandb-client-artifact://ip0f91n6thgtkxohptxc6efmjnypdo0fs73xevmr8geytnhqar5tskbl7gp6te5d9y22zubege6uzngogkn564jljkmmr2i1z4uc6y4xbvlze3ogm910ltldghkas7w8:latest/confusion_matrix_table.table.json"},"val_accuracy":0.8566,"_wandb":{"runtime":39},"loss":0.40029246465213275,"val_mse_loss":0.20250914742310966,"val_loss":0.46568188079559597,"epoch":10,"accuracy":0.8806481481481482}