{"_timestamp":1.742194088535278e+09,"confusion_matrix_table":{"_type":"table-file","sha256":"de373fe1feca60559c08b254f9308b89abddc43cb848882a9630d428533b1bba","size":2930,"artifact_path":"wandb-client-artifact://tphrmpuhevqjzl7ao8egg6tam9owwudomh4jprn9w2j6x8k4ftnj4ezj9kk28xyw2ac7fqkbk7qf0o0rs310omn6chwthswkwph537nn1qsps7eqridgg0fehz09ihjs/confusion_matrix_table.table.json","_latest_artifact_path":"wandb-client-artifact://b8h3cjyy9sd2s88rialsvz4h88c6v55mk2ki4lp0ou6u5rnbm8hdyihn1ot1leo4fys059j5bp95sgn3tbsn381mst507pqff5astookyp4unbim0z0t7u9s3nfs7n6r:latest/confusion_matrix_table.table.json","path":"media/table/confusion_matrix_table_10_de373fe1feca60559c08.table.json","ncols":3,"nrows":100},"_runtime":39.933815,"epoch":10,"_step":10,"val_accuracy":0.8691,"val_loss":0.3786930666256544,"cross_entropy_loss":0.269316007409765,"val_mse_loss":0.19051666991936464,"mse_loss":0.14240369638727027,"_wandb":{"runtime":39},"accuracy":0.9022777777777777,"val_cross_entropy_loss":0.3786930666256544,"loss":0.269316007409765}