{"val_accuracy":0.0985,"loss":2.3065907808480373,"_step":9,"epoch":10,"_runtime":6.1911652,"_wandb":{"runtime":6},"accuracy":0.10016666666666667,"_timestamp":1.7411527865326867e+09,"val_loss":2.309016112860819}