{"val_loss":2.395090341983608,"_step":9,"epoch":10,"val_accuracy":0.1055,"_wandb":{"runtime":7},"loss":2.40268967094554,"accuracy":0.09938888888888889,"_runtime":7.8786933999999995,"_timestamp":1.7411548082641861e+09}