{"val_loss":0.742134752434499,"accuracy":0.8162592592592592,"val_accuracy":0.8068,"epoch":10,"_timestamp":1.7413460401349754e+09,"loss":0.7225843006919093,"_step":9,"_wandb":{"runtime":31},"_runtime":31.3145713}