{"val_loss":2.474967051692902,"val_accuracy":0.105,"_wandb":{"runtime":3},"_runtime":3.4027671,"_step":4,"loss":2.490699196073821,"_timestamp":1.7411548736978643e+09,"epoch":5,"accuracy":0.09944444444444445}