{"loss":2.3199719855748433,"_wandb":{"runtime":4},"epoch":5,"_timestamp":1.7411565995975788e+09,"_runtime":4.708735,"val_loss":2.319027779243657,"val_accuracy":0.06883333333333333,"accuracy":0.07196296296296296,"_step":4}