{"confusion_matrix_table":{"ncols":3,"nrows":100,"_type":"table-file","sha256":"6df46843ac0bc93427c91a8fe6a42632b26bb2a523cc71e2e12944b1011a507f","size":2931,"artifact_path":"wandb-client-artifact://86xkdbpdz7wn8wiiiukuf72cm2jnl95f00hm0h6lbkay07wx8wpaw2scp7m9wl735kbt9zjwo0evtphyrm6aylls1odecwzn0igr1osaluwkuwz5lkzofy0wi3ze3iox/confusion_matrix_table.table.json","_latest_artifact_path":"wandb-client-artifact://1xytm70ew09b5zhxi7659olygy5pvydi7ufohnhem2truxuafzso5dicnwi7wl6wkykxzglkxzwpvsljnd73v8q32ufiw6eo0en519f09z1q6tyuop1yjrzbggi5dec8:latest/confusion_matrix_table.table.json","path":"media/table/confusion_matrix_table_10_6df46843ac0bc93427c9.table.json"},"val_cross_entropy_loss":0.40512219300062435,"epoch":10,"_timestamp":1.7421955799911e+09,"_step":10,"mse_loss":0.1368568084107229,"val_mse_loss":0.2020616629195309,"accuracy":0.9054629629629629,"_wandb":{"runtime":31},"loss":0.2572904980574216,"val_accuracy":0.862,"val_loss":0.40512219300062435,"cross_entropy_loss":0.2572904980574216,"_runtime":31.7468691}