{"_step":5,"confusion_matrix_table":{"nrows":100,"_type":"table-file","sha256":"71e80f0c3887987e48f533c85ad086a56f1f4087331d43e474ab33a87bfe9bd7","size":2931,"artifact_path":"wandb-client-artifact://dhudd751796hlbpgvnko9a0xbuh57jqw58nzpsy4khks8swftxsal8tsfeov5rx6dsfifr5xwtxjvfy8y3usqlihg0ryjeyobkodx4kvj472o1tpxq69pf00whj5tbkb/confusion_matrix_table.table.json","_latest_artifact_path":"wandb-client-artifact://bwt21ksqdo3uqe9ste8sld9u5d8xs8m2cinwrhbk7r0j1jti7mam8o8hzxk2k8ovuayakxrad5j9m8mgusz9iu54bebrp1ycfoa6tbtt3u6hu1bd8qv8bvbhkp2gthmk:latest/confusion_matrix_table.table.json","path":"media/table/confusion_matrix_table_5_71e80f0c3887987e48f5.table.json","ncols":3},"val_accuracy":0.8558,"loss":0.517595832793004,"val_loss":0.546270688468544,"_runtime":28.2685918,"accuracy":0.8674259259259259,"cross_entropy_loss":0.3718946964070365,"mse_loss":0.18994937894278108,"_timestamp":1.7415883914890957e+09,"val_mse_loss":0.20510289947491056,"_wandb":{"runtime":28},"val_cross_entropy_loss":0.4016725989190559,"epoch":5}