{"loss":0.3530375747359699,"_step":5,"_runtime":43.0281525,"cross_entropy_loss":0.3530375747359699,"accuracy":0.8736666666666667,"_timestamp":1.7421036254171135e+09,"val_cross_entropy_loss":0.4053528349298119,"confusion_matrix_table":{"size":2932,"artifact_path":"wandb-client-artifact://dgxh7eyi6x3n82kfg93p2y1hluyk0v9s0clz28uc7pimx1eyyw93l2tuq3n1r69ocf8vh8na1sxryargov8aphuoe6094e445yxsp2fj52ph7lqqp9lggu96vkypbzwm/confusion_matrix_table.table.json","_latest_artifact_path":"wandb-client-artifact://vox8gx9fzy70yxf1uuvjc7s904gezngx5trgibgrp2e8iads0o37rj3nxfaqjh1dj71s0o56el1kstwgq6duz8v8rqjyt17jxyd71ct2zrtb1c4sq2osw5vq9qrriah3:latest/confusion_matrix_table.table.json","path":"media/table/confusion_matrix_table_5_55aa5c6e4da2a101a94f.table.json","ncols":3,"nrows":100,"_type":"table-file","sha256":"55aa5c6e4da2a101a94f41bb003d00f84ad816780ee293b8fd1f93b0a8a8c9b6"},"mse_loss":0.18074989031033867,"val_accuracy":0.8575,"_wandb":{"runtime":43},"val_mse_loss":0.20607016390823074,"epoch":5,"val_loss":0.4053528349298119}