{"epoch":10,"mse_loss":0.17719019537821998,"accuracy":0.877,"val_accuracy":0.8571,"loss":0.34737797701063916,"val_cross_entropy_loss":0.40225819735322804,"cross_entropy_loss":0.34737797701063916,"val_loss":0.40225819735322804,"val_mse_loss":0.203396186908919,"_wandb":{"runtime":41},"_runtime":41.4992883,"_timestamp":1.7421902684709644e+09,"_step":10,"confusion_matrix_table":{"ncols":3,"nrows":100,"_type":"table-file","sha256":"07e41252062610de7ba951f1b021466b1efe5ee8199048cb921fd72d718703bd","size":2930,"artifact_path":"wandb-client-artifact://nr5xz06z3iqk740wtku6v4xdjpkf1c8qd01ha22gzhz85yl87zyqaxf3bu8d601mt2hj27f8o08d65ypdxk6pk1s8xq0mn7c02xmewubtzzzcjjz0ayiassbauej2f42/confusion_matrix_table.table.json","_latest_artifact_path":"wandb-client-artifact://tnfjpulfaalimctkh3e5duojvoghoiye9l6i3cwjhm4lrrycn4yf67t6szwpxn2eq37nugnnsspfly9pyu89rp6e5lwlwvk2gn6f2mp51o9x43tv23kgrgudohg7bl06:latest/confusion_matrix_table.table.json","path":"media/table/confusion_matrix_table_10_07e41252062610de7ba9.table.json"}}