{"_step":4,"val_loss":9.803986148384665,"_wandb":{"runtime":10},"val_accuracy":0.1953,"epoch":5,"_runtime":10.8950472,"_timestamp":1.7412554143355913e+09,"loss":10.336773424067333,"accuracy":0.20342592592592593}