{"accuracy":0.0997037037037037,"_wandb":{"runtime":5},"_runtime":5.4558604,"loss":2.4175175298739195,"epoch":5,"_timestamp":1.7411517675971425e+09,"val_loss":2.4151736327005784,"val_accuracy":0.10266666666666667,"_step":4}