{"val_accuracy":0.13583333333333333,"epoch":10,"loss":2.306363410316237,"_wandb":{"runtime":5},"accuracy":0.13774074074074075,"_step":9,"val_loss":2.307863974281233,"_timestamp":1.7411544421407814e+09,"_runtime":5.7049936}