{"cross_entropy_loss":0.3697793716167035,"accuracy":0.8671296296296296,"val_accuracy":0.8543,"loss":0.5148708122017278,"epoch":5,"val_loss":0.5458159659097427,"mse_loss":0.18926891163007692,"_timestamp":1.7415894481459782e+09,"confusion_matrix_table":{"path":"media/table/confusion_matrix_table_5_1217b9fa79345f3bd728.table.json","ncols":3,"nrows":100,"_type":"table-file","sha256":"1217b9fa79345f3bd728efc1866126b47f2b41870bbe51b2684209e76ac726b8","size":2932,"artifact_path":"wandb-client-artifact://w0ilvi7yyogxdrhk3kv0jm7rh09cxp06s4dz806h2ao0ojg1ovnr20djnut2nxr28lb5q5ierly58i72s23638wb3o23opvywfzpmiwzptsd95ie3jx4tldcrbe4uodm/confusion_matrix_table.table.json","_latest_artifact_path":"wandb-client-artifact://qeyr05gejrx1adzktpagxz0xs0arvkcc25p3usuj8qp4aoovgbo0ept4c19vgaat7l59r6us1di8wr6qh1scutexy5u8rrxj4bgfu1pmgjlyyiwetr2olgxugb7mpm7t:latest/confusion_matrix_table.table.json"},"val_cross_entropy_loss":0.40176011244525167,"_wandb":{"runtime":28},"_runtime":28.375125,"_step":5,"val_mse_loss":0.20645892603499502}