{"val_loss":2.302621046639363,"_wandb":{"runtime":9},"loss":2.3027755862885524,"val_accuracy":0.1,"_runtime":9.6533927,"epoch":10,"accuracy":0.09794444444444445,"_timestamp":1.741345892263438e+09,"_step":9}