{"_timestamp":1.7411538160300121e+09,"val_loss":2.321565764179688,"val_accuracy":0.09416666666666666,"epoch":10,"_wandb":{"runtime":6},"_step":9,"accuracy":0.10064814814814815,"loss":2.3192972835821344,"_runtime":6.318675}