{"_runtime":32.5160884,"accuracy":0.6823843416370107,"val_loss":0.7944567351822749,"_timestamp":1.7412304817025993e+09,"val_accuracy":0.6798,"_wandb":{"runtime":32},"loss":0.7957962574534534,"_step":9,"epoch":10}