{"_runtime":3.8093508,"val_loss":2.4606248604127594,"val_accuracy":0.10266666666666667,"_timestamp":1.741154863295982e+09,"epoch":5,"_step":4,"accuracy":0.0997037037037037,"_wandb":{"runtime":3},"loss":2.472750118032042}