{"_wandb":{"runtime":22},"val_loss":2.3023039898122675,"loss":2.303673694109237,"_step":9,"epoch":10,"_runtime":22.8768084,"accuracy":0.13626259632483698,"val_accuracy":0.14,"_timestamp":1.7411922886183374e+09}