{"_timestamp":1.7413435932375436e+09,"loss":2.3031104251313756,"val_accuracy":0.1,"accuracy":0.09788888888888889,"val_loss":2.303004482052526,"_runtime":28.1690749,"_wandb":{"runtime":28},"_step":9,"epoch":10}