{"_step":9,"epoch":10,"val_loss":2.3021711677271584,"_runtime":5.2838351,"loss":2.302101266233593,"_wandb":{"runtime":5},"val_accuracy":0.10566666666666667,"accuracy":0.10898148148148148,"_timestamp":1.7411575537488315e+09}