{"_timestamp":1.7415771039771159e+09,"_wandb":{"runtime":7},"accuracy":0.09938888888888889,"val_loss":2.3028927634743295,"confusion_matrix_table":{"ncols":3,"nrows":100,"_type":"table-file","sha256":"fde76a3ad560a8d9e3d8af65329ead9e0fc5eb7c4f2377967c2e27d07ba92fba","size":2912,"artifact_path":"wandb-client-artifact://8dfdbcmn5tw9p6p7wav0gvji60vcmux7u7m69q85ssjlgg4kol8mp4vcbztysvv9xkx6dmlhht63lkh1rkzdj7ad255g4t3s622vhilfmh2szx6c0m6whhgj1cpudr6k/confusion_matrix_table.table.json","_latest_artifact_path":"wandb-client-artifact://j44oi162pt7zz76owljwqxkdy9rg85k4ojbmf6m7n0n67e48qbiuqf0454kdt6mgy78cq0rwhwq1kidcibdh5rjkn45kjq0y03mdbpbzf28c1an56pt2j2w3i0n8f472:latest/confusion_matrix_table.table.json","path":"media/table/confusion_matrix_table_5_fde76a3ad560a8d9e3d8.table.json"},"val_accuracy":0.1,"epoch":5,"_step":5,"_runtime":7.4759429,"loss":2.3029428567917383}