{"_wandb":{"runtime":23},"epoch":10,"loss":2.356104847708646,"_step":9,"_timestamp":1.7415331243608525e+09,"val_accuracy":0.1,"accuracy":0.10083333333333333,"_runtime":23.2248534,"val_loss":2.355266110599347}