{"val_cross_entropy_loss":0.37684406261984227,"val_accuracy":0.8695,"accuracy":0.9031111111111111,"_runtime":36.5166905,"cross_entropy_loss":0.2637383086419001,"_step":10,"val_mse_loss":0.18830252438350864,"epoch":10,"confusion_matrix_table":{"nrows":100,"_type":"table-file","sha256":"5329d7591e6e18264814da7e68c2781df261936073b887f16a4fdd8fdd645460","size":2931,"artifact_path":"wandb-client-artifact://dzi6uw1yl3hi7nhxco0wei7cm4ebj9ecx48nzermjrh5w4tml7z5eiyrrjpknbk39fjhcmjwqwih2gab9bkj6si7nkjp7q63n318iz54pc336jdih5vhs3rie6yh3c8m/confusion_matrix_table.table.json","_latest_artifact_path":"wandb-client-artifact://9x8wf6zmztwztlay3t8p3drgolsuuioza09u5pfbs2zatugyvlj02mnr3na3nabu1xk9a28c2km9trpfvcp9snqxevvdunrrjqiv8kb0jhd73qdd957etjnybbd7t08g:latest/confusion_matrix_table.table.json","path":"media/table/confusion_matrix_table_10_5329d7591e6e18264814.table.json","ncols":3},"mse_loss":0.1400456918099197,"_timestamp":1.7421960619572606e+09,"loss":0.2637383086419001,"_wandb":{"runtime":36},"val_loss":0.37684406261984227}