{"loss":2.302597904824415,"_wandb":{"runtime":14},"accuracy":0.0995925925925926,"val_loss":2.3026027334627983,"val_accuracy":0.1,"_timestamp":1.741533882423888e+09,"epoch":10,"_runtime":14.7158626,"_step":9}