{"epoch":5,"_timestamp":1.742110827714559e+09,"mse_loss":0.19903636855417467,"cross_entropy_loss":0.4014091653162362,"val_accuracy":0.8461,"val_loss":0.4605180064386788,"accuracy":0.864,"confusion_matrix_table":{"path":"media/table/confusion_matrix_table_5_e1af64db74d7d3a42500.table.json","ncols":3,"nrows":100,"_type":"table-file","sha256":"e1af64db74d7d3a42500e54de72777d2ca1609ca0e3064807034be0fa26eb580","size":2933,"artifact_path":"wandb-client-artifact://dlg0ezh93izam6yxu0cfoxhvozlzthh1x9wolongvw1ro6ln5u2tdftmi0v83t0zkdr63kid5stftefri8fh9sco615n20vrxb3tfrw23yzh6yg71eba9xjpjvmt0821/confusion_matrix_table.table.json","_latest_artifact_path":"wandb-client-artifact://qvsvtfrwv0s986wrt3tdnhrs93n4i0f9vrgcr122r19qg2jwgh4l6ol0creu3xrp32o8wazhk6iwqjbpfd6z5bq3fnvovs9bpupk7nr9dst2ndrjzsvjp3l7ju1u2pmd:latest/confusion_matrix_table.table.json"},"val_mse_loss":0.22594558176832957,"_step":5,"_runtime":9.1522328,"val_cross_entropy_loss":0.4605180064386788,"loss":0.4014091653162362,"_wandb":{"runtime":9}}