{"val_loss":1.0375054604294447,"epoch":10,"accuracy":0.5580555555555555,"_wandb":{"runtime":19},"val_accuracy":0.5913,"_step":9,"loss":1.0464400270293486,"_timestamp":1.7412512776560447e+09,"_runtime":19.9745165}