{"val_cross_entropy_loss":0.42795599092459513,"_step":10,"confusion_matrix_table":{"artifact_path":"wandb-client-artifact://0mib7aoodqeaakqtpflsq5p8g3mt1ngo00wc94eetfalr3g0hmkp4m6xcdsjlpmnx7l5y4p9gssr30yr1g7v4l0s1dq3nb8hd4tygxjvla5oz3u5q6ea0bavfaosgn8e/confusion_matrix_table.table.json","_latest_artifact_path":"wandb-client-artifact://ijc2h5bytbo8exyj5qxp9dug6vn8sjuvbc8evm8zpk2mrx2cd2r0r0tyuzyo5wcsjhhccqvqghsbq18cuio2jqdqmo6relwnafd0gifje6r8ibu1nlo7dngfysxxl9en:latest/confusion_matrix_table.table.json","path":"media/table/confusion_matrix_table_10_8f875249a002a7528785.table.json","ncols":3,"nrows":100,"_type":"table-file","sha256":"8f875249a002a75287851345359954e3df7d32aa7a1c16c76007656b01261a0c","size":2932},"_wandb":{"runtime":104},"loss":0.4462391199975471,"_runtime":104.250173,"epoch":10,"accuracy":0.8746666666666667,"val_mse_loss":0.20487975048255067,"_timestamp":1.742191356965215e+09,"cross_entropy_loss":0.3568632187845921,"val_accuracy":0.8586,"val_loss":0.5172535494088377,"mse_loss":0.17921284851269428}