{"val_accuracy":0.09416666666666666,"_step":4,"epoch":5,"val_loss":2.3166004261104747,"_timestamp":1.7411569216040611e+09,"accuracy":0.10064814814814815,"_runtime":4.5653179999999995,"loss":2.3157591720222728,"_wandb":{"runtime":4}}