{"accuracy":0.10064814814814815,"val_loss":2.301158693407506,"_runtime":2.7848812,"_wandb":{"runtime":2},"val_accuracy":0.1505,"epoch":5,"_timestamp":1.741155531147792e+09,"_step":4,"loss":2.304022190254674}