{"confusion_matrix_table":{"nrows":100,"_type":"table-file","sha256":"b7ebd56edce87b12f66644636052f276f3f453ebd359712f9b2c837b3a6946a3","size":2931,"artifact_path":"wandb-client-artifact://tmrud0msdgobdkkemvh0969y9ah79uf88miewwabnhcplkgp98jnwxgowlglrb8cilojkdqh9lwf9ezy5rfzpeychq0ujnrmma2sgqswu1hse4xcw3j5sfdw4mmtn28b/confusion_matrix_table.table.json","_latest_artifact_path":"wandb-client-artifact://dftag4w62habhaxlk99jbn9n0mel7n87qbnfwm179t12srz8ks83nl3ddensirhg26oror9gjb2ywxjswu28e3zwqdhygrukr3qa95sr389b0adggn6soz0uwuk3vl4u:latest/confusion_matrix_table.table.json","path":"media/table/confusion_matrix_table_5_b7ebd56edce87b12f666.table.json","ncols":3},"cross_entropy_loss":0.3463005223141297,"epoch":5,"accuracy":0.872537037037037,"val_accuracy":0.8544,"_runtime":26.2789958,"loss":0.43656295090655584,"val_loss":0.47881691055772013,"_wandb":{"runtime":26},"val_mse_loss":0.203649764765421,"_timestamp":1.7415907521223054e+09,"mse_loss":0.18100758114775092,"val_cross_entropy_loss":0.39046906185455216,"_step":5}