{"val_loss":0.4900636626293111,"accuracy":0.8719259259259259,"val_accuracy":0.8556,"mse_loss":0.18279160995888447,"loss":0.4418676701299509,"confusion_matrix_table":{"_latest_artifact_path":"wandb-client-artifact://ynys13da4sd8pufbzgvusjuvr9lov38vj71ijskkr74pkbnshxrkvit159ufvrxcwcediek7niekrb48hxzmk61f2yt5g01kcuh54v6oknyt95l3kad7sd1ivubno6d8:latest/confusion_matrix_table.table.json","path":"media/table/confusion_matrix_table_5_777805d33eb029945d8e.table.json","ncols":3,"nrows":100,"_type":"table-file","sha256":"777805d33eb029945d8e9224861f75d35f53753ca0945e724e63a0c505ce887f","size":2931,"artifact_path":"wandb-client-artifact://uerb7v78mzylkfpsufpi9ur5d9xlgc3c46i598bdp0psevlvqojv6x1goo88rmydga10sa4bfjjlw9v54xqxlfr59ovkhuwbx0wbk9h191zj070rrh9tric6mq3q4kq7/confusion_matrix_table.table.json"},"val_mse_loss":0.20710026990035077,"_timestamp":1.7415907690958133e+09,"_wandb":{"runtime":11},"epoch":5,"val_cross_entropy_loss":0.4003701497887899,"_runtime":11.3813218,"_step":5,"cross_entropy_loss":0.3511877413181641}