{"_wandb":{"runtime":16},"_runtime":16.450697,"_timestamp":1.7412576779746358e+09,"epoch":5,"_step":4,"accuracy":0.09814814814814815,"val_loss":2.304350674851297,"val_accuracy":0.1,"loss":2.304418954627801}