{"_wandb":{"runtime":33},"val_cross_entropy_loss":0.45376253208935613,"accuracy":0.8683703703703703,"epoch":5,"_timestamp":1.7415874526742327e+09,"val_mse_loss":0.22975150381628984,"val_loss":0.538018495921448,"mse_loss":0.1886364513284862,"_step":5,"_runtime":33.4962748,"cross_entropy_loss":0.3664447708105441,"val_accuracy":0.8409,"confusion_matrix_table":{"_latest_artifact_path":"wandb-client-artifact://0ahaays0zcy6bijqkuaeigyjzz28skyembfvz2aho4mckatao7k9cf3n1uhhfns8r6iofofamwlw3xgfjbaj9omuubat3es2a5x7mv0stecj7s8iu7h66dvye2z5byp6:latest/confusion_matrix_table.table.json","path":"media/table/confusion_matrix_table_5_cfb3f51b492fd0c74d12.table.json","ncols":3,"nrows":100,"_type":"table-file","sha256":"cfb3f51b492fd0c74d1276f685c181e753c07abfe48371649cfe45930f3beb97","size":2930,"artifact_path":"wandb-client-artifact://b62ea51qu11utvijadi2vccftpaibiv7xr8tdq9nimtll00mh8wcjvvnb4iacp3egad4u349jqxkolg1tjn6ab9rn7kji48zuvai48cso6y83mdlb35xah22owhuojd7/confusion_matrix_table.table.json"},"loss":0.4517219761426308}