{"epoch":10,"val_accuracy":0.1,"_wandb":{"runtime":88},"loss":2.3032873663517526,"accuracy":0.10124074074074074,"_timestamp":1.7413467250900893e+09,"val_loss":2.303713065957324,"_runtime":88.9551387,"_step":9}