{"accuracy":0.11412962962962964,"val_loss":2.2637915089929677,"_step":9,"_runtime":4.7885407,"epoch":10,"loss":2.2769491612195565,"_timestamp":1.7411545858189774e+09,"_wandb":{"runtime":4},"val_accuracy":0.11983333333333333}