{"_runtime":5.3861567,"_wandb":{"runtime":5},"accuracy":0.0997037037037037,"val_loss":2.296693519988305,"_timestamp":1.7411531507396588e+09,"_step":9,"loss":2.2975383372807885,"val_accuracy":0.10266666666666667,"epoch":10}