{"val_accuracy":0.8469,"loss":0.3798568693737816,"accuracy":0.863037037037037,"_runtime":34.5410426,"epoch":5,"val_loss":0.4112966971009684,"_step":4,"_wandb":{"runtime":34},"_timestamp":1.7413465325397992e+09}