{"_wandb":{"runtime":7},"accuracy":0.10083333333333333,"_step":9,"val_loss":2.420716978269811,"epoch":10,"loss":2.418840437200643,"_timestamp":1.7411539930272164e+09,"_runtime":7.1396062,"val_accuracy":0.0925}