{"accuracy":0.23742592592592593,"_timestamp":1.7411522377300782e+09,"_step":9,"val_accuracy":0.25183333333333335,"_wandb":{"runtime":6},"loss":2.2986120428634513,"_runtime":6.7627381,"epoch":10,"val_loss":2.297765045070662}