{"epoch":10,"_wandb":{"runtime":27},"val_accuracy":0.1993,"val_loss":1.8342397106222081,"accuracy":0.19207407407407406,"_timestamp":1.7412527549739923e+09,"loss":1.8514344555818674,"_runtime":27.2390935,"_step":9}