{"val_loss":2.286944696334238,"_timestamp":1.74115543888535e+09,"_runtime":6.2997876999999995,"_step":9,"loss":2.2964467211545463,"val_accuracy":0.13183333333333333,"_wandb":{"runtime":6},"epoch":10,"accuracy":0.10068518518518518}