{"_step":9,"val_loss":0.544530307554505,"epoch":10,"val_accuracy":0.8134,"_timestamp":1.7413580558342643e+09,"loss":0.5237765910735972,"_wandb":{"runtime":20},"accuracy":0.8199444444444445,"_runtime":20.2938883}