{"_wandb":{"runtime":48},"epoch":10,"_step":10,"_runtime":48.105669,"confusion_matrix_table":{"_latest_artifact_path":"wandb-client-artifact://1rlsdrpv9g70cn5fjnvc54id437wubrq7etgfwkg598q865zecaaum3v5r6c3ki1b4el8fp6kqv8suz99b1jwwpabl2yec2qlhhdm27eno505quve2qyreao752xf7b0:latest/confusion_matrix_table.table.json","path":"media/table/confusion_matrix_table_10_933c7e9338589a6f06f4.table.json","ncols":3,"nrows":100,"_type":"table-file","sha256":"933c7e9338589a6f06f49bb403dbe283ee633f8e3f0c0117360266fb12103bd6","size":2933,"artifact_path":"wandb-client-artifact://plpzw2bt3iymahf5lm5i0hk26l4xq5voqt65nv263exo174sraadxsdj4mnrx2zv2lqy2on4dkc36bs3bu3psvc4nmt3yyr5rbq0wdvrac40t3c2j7kaqlsk5r0kc0x2/confusion_matrix_table.table.json"},"val_cross_entropy_loss":0.3730002113192891,"_timestamp":1.7421896868584313e+09,"cross_entropy_loss":0.3192440635222386,"mse_loss":0.16490250781899912,"val_loss":0.3730002113192891,"loss":0.3192440635222386,"val_accuracy":0.87,"val_mse_loss":0.18664634054116436,"accuracy":0.8853148148148148}