{"_timestamp":1.741583825321739e+09,"accuracy":0.09764814814814815,"confusion_matrix_table":{"path":"media/table/confusion_matrix_table_5_88f44e1bb5c1672f9adb.table.json","ncols":3,"nrows":100,"_type":"table-file","sha256":"88f44e1bb5c1672f9adb05ebfd911dde84797f91cf645b82e9a89f538015d355","size":2912,"artifact_path":"wandb-client-artifact://ed6n9dchq3nl5hr6cr61sbrk7jmrfop0q21g433ge4zevhocu760oyk861digxd3kcg0i913ntnbg9kqs41ctyi21ip709215bqwe24ueigq7nt6f3mrp3sr3bg3keks/confusion_matrix_table.table.json","_latest_artifact_path":"wandb-client-artifact://g9keszsjtaz90wfnsnhzrdooh7qz5jz7c4ej564bl4a8xwj6ggpw1c6jaky6l8bocfqo1yyt68mix9esk0x5fxmnos59pm33o221yxf2qwqqv7nxpoz68zl7vupo8iw4:latest/confusion_matrix_table.table.json"},"_wandb":{"runtime":21},"_runtime":21.3577011,"val_cross_entropy_loss":2.302653642794746,"epoch":5,"cross_entropy_loss":2.3031781630587282,"val_accuracy":0.1,"loss":2.304143658992216,"val_mse_loss":0.9000136462560289,"mse_loss":0.9001189757418913,"val_loss":2.303341724104647,"_step":5}