{"accuracy":0.20772222222222222,"_wandb":{"runtime":6},"val_loss":2.226006184697268,"_timestamp":1.7411533183344657e+09,"val_accuracy":0.21066666666666667,"_runtime":6.3023748,"loss":2.234905564880328,"epoch":10,"_step":9}