{"val_accuracy":0.1,"_timestamp":1.7413584546041794e+09,"accuracy":0.09896296296296296,"val_loss":2.3036725817129535,"_runtime":13.7041645,"loss":2.3036986757203404,"_wandb":{"runtime":13},"_step":9,"epoch":10}