{"epoch":5,"val_accuracy":0.5825,"val_mse_loss":0.7892057951597893,"_wandb":{"runtime":15},"accuracy":0.5807777777777777,"_step":5,"_timestamp":1.741584474643753e+09,"val_cross_entropy_loss":1.8444197084139207,"mse_loss":0.8030412923232148,"val_loss":1.956436092444607,"cross_entropy_loss":1.89369104296014,"_runtime":14.9851439,"confusion_matrix_table":{"nrows":100,"_type":"table-file","sha256":"9480dcf9667141033967376b7d3fbbcdb6c429bae9b483e8f0c3259466b98268","size":2947,"artifact_path":"wandb-client-artifact://fj7gaqaec17t72lyfl1n7y5n36ecfsscdhusqnahdaqo8aj37h3v777sx8wg73ez1jf3s4ji8swp07smkx0kqjxs42ovk1ccd009kejsajm1bl2lcdlns7l9vbruvsh0/confusion_matrix_table.table.json","_latest_artifact_path":"wandb-client-artifact://snhkrycfpq7e35daru73g4vxj1dzjlon3tx765qycs8txsnqmo85wylfh0etyxb56rxgdk4tkdfo3n7yn58f8ut1jb7uszirizbd5iyhr3w5k2yh1q7wys2f9imdtg4u:latest/confusion_matrix_table.table.json","path":"media/table/confusion_matrix_table_5_9480dcf9667141033967.table.json","ncols":3},"loss":2.0056512579453716}