{"mse_loss":0.133994512643151,"val_accuracy":0.8752,"val_loss":0.3596122730117167,"cross_entropy_loss":0.2519838639499157,"epoch":10,"confusion_matrix_table":{"_type":"table-file","sha256":"6c010c82752eb1dd2484dbc3c5dae40065eb31068f6a40254afc59c302e6f0a3","size":2927,"artifact_path":"wandb-client-artifact://9coxwlk4opke8y0vror103z6e2d2muoc5ipgpjef9nxpfxei13tb1zk9larqd7sjiklulteg7nafifgbe34boprsq0idts6ccutvlqvcuawmdj739t0jihdn7wgeo3iw/confusion_matrix_table.table.json","_latest_artifact_path":"wandb-client-artifact://pftcf2jvjo1sen3rpebu21n14d9viyut6yd10un7r5jf6r3eif0npwdr4tivnpwhd2cgwkm6vcwue8jfb0er67jmy1qi2yfeux1fr63l0bh4gc5af1x97kztlt88570t:latest/confusion_matrix_table.table.json","path":"media/table/confusion_matrix_table_10_6c010c82752eb1dd2484.table.json","ncols":3,"nrows":100},"_step":10,"accuracy":0.9077592592592593,"_runtime":51.0093851,"val_mse_loss":0.18129027352030158,"val_cross_entropy_loss":0.3596122730117167,"_wandb":{"runtime":51},"loss":0.2519838639499157,"_timestamp":1.7415908569479804e+09}