{"val_accuracy":0.1,"_wandb":{"runtime":69},"val_loss":2.303415821350957,"epoch":5,"_runtime":69.8695148,"accuracy":0.10096296296296296,"loss":2.3039486051575575,"_timestamp":1.7413439580719454e+09,"_step":4}