{"accuracy":0.0985,"_wandb":{"runtime":8},"val_loss":2.305246802149642,"_timestamp":1.741250328849895e+09,"_step":4,"loss":2.3055038543227515,"_runtime":8.1235554,"val_accuracy":0.1,"epoch":5}