{"_runtime":25.1291827,"accuracy":0.206,"val_loss":2.296181251192396,"loss":2.308368350965827,"val_cross_entropy_loss":2.243843363768132,"mse_loss":0.8904122381465088,"_step":10,"val_mse_loss":0.8878062826026193,"_timestamp":1.7421350612225406e+09,"val_accuracy":0.2006,"_wandb":{"runtime":25},"confusion_matrix_table":{"path":"media/table/confusion_matrix_table_10_9d68edc0328b68bb3a51.table.json","ncols":3,"nrows":100,"_type":"table-file","sha256":"9d68edc0328b68bb3a5138a7cbb1e35ba3fa37b3e7200ed0fa19f332b828d0d4","size":2924,"artifact_path":"wandb-client-artifact://kv5z7jj582iec7vmglljvz7zhnag7g6zov7fri63qufoj17f96d470r9izmuw372lae7vho7rim0vil6k3n0opskwrbktuuw75qdb3i16p2abal4v4ycg6a04g36ttfv/confusion_matrix_table.table.json","_latest_artifact_path":"wandb-client-artifact://wfyl9ipsfybmwzolm3nvh45yetm93tl6yflig8cc3sttzhfkvvijdh5fg0pgk8c5ntgc2yjyilxr3kzu6r1ab62mqlyxrullw8mwwmelec6nul6pprq0k91tpm350sok:latest/confusion_matrix_table.table.json"},"epoch":10,"cross_entropy_loss":2.256058167237255}