{"val_loss":0.3662214321802468,"epoch":5,"_runtime":26.5737591,"_timestamp":1.7415884267823274e+09,"_wandb":{"runtime":26},"_step":5,"val_mse_loss":0.1869648373891507,"loss":0.3116257625629843,"val_cross_entropy_loss":0.3662214321802468,"confusion_matrix_table":{"sha256":"d3e44b565be1a6678e1be7a5bf74c83338e882282b4cead51ff6910b4d7e8204","size":2928,"artifact_path":"wandb-client-artifact://jrzo75247pwulkzwrhwnoctafolg56tbwwoi8y0gd3zon8ncfypyuitwm7hilubyie499nge0g5nhuh1tac1h4z631tfaeg8oyu6gkd2r63kybso2qhz86wpcxuu50t9/confusion_matrix_table.table.json","_latest_artifact_path":"wandb-client-artifact://y1p7l5tgb9t9ndwgyo5xn7ko2jgv6rkf0axcoj4ty8cftm6eg6n7s25k0m8v5n982c85ojdvjgocii7n7n6qtsvh1m1alqe2c3help3s8brptopgcyhtbweixzr1fwhp:latest/confusion_matrix_table.table.json","path":"media/table/confusion_matrix_table_5_d3e44b565be1a6678e1b.table.json","ncols":3,"nrows":100,"_type":"table-file"},"val_accuracy":0.8703,"cross_entropy_loss":0.3116257625629843,"mse_loss":0.16387463298310942,"accuracy":0.8849074074074074}