{"confusion_matrix_table":{"sha256":"7510fbd7cf1d4d0ab198b58c7623ac89c67b2abaed84c62cfba48c9ad0153328","size":2934,"artifact_path":"wandb-client-artifact://f3mih3gqyzmvi3gkz20qbfi93et9co160jbmy88a8mowbo1if577zhx10ve6vqol39hag3dktniazyin5gmadtpe4zhew8qiezi5frtx4raq8vbvxb3qeb0i10qjv49b/confusion_matrix_table.table.json","_latest_artifact_path":"wandb-client-artifact://hqaha4cva0r1nkuav51zodv14muthegu7srk0fdpdg57zz25343zuzdmrgyxinwtepwigtqtuh6wzgv0zc3vyzgzywj82oz35ozj4x11b6kq7anbilrlu29373zb5a0n:latest/confusion_matrix_table.table.json","path":"media/table/confusion_matrix_table_10_7510fbd7cf1d4d0ab198.table.json","ncols":3,"nrows":100,"_type":"table-file"},"cross_entropy_loss":0.5364907126626595,"_wandb":{"runtime":13},"loss":0.5364907126626595,"val_loss":0.5594586643329339,"_timestamp":1.7421074893025405e+09,"accuracy":0.7966296296296296,"_runtime":13.7599965,"val_mse_loss":0.283933115056063,"_step":10,"val_accuracy":0.79,"val_cross_entropy_loss":0.5594586643329339,"mse_loss":0.273524836285252,"epoch":10}