{"val_loss":2.307679091633012,"_wandb":{"runtime":3},"loss":2.307794282337398,"_runtime":3.3832421,"accuracy":0.07353703703703704,"epoch":5,"val_accuracy":0.06533333333333333,"_timestamp":1.7411569741695676e+09,"_step":4}