{"val_loss":1.8033312259072707,"_step":4,"accuracy":0.19905555555555557,"epoch":5,"_runtime":65.1835087,"_timestamp":1.7412545352243252e+09,"_wandb":{"runtime":65},"loss":1.8057467396158,"val_accuracy":0.1996}