{"epoch":5,"mse_loss":0.1646154361404955,"val_accuracy":0.8666,"val_mse_loss":0.1921265413764202,"_wandb":{"runtime":20},"_timestamp":1.7421105220162272e+09,"val_loss":0.37978619308855066,"loss":0.31496333769638546,"_runtime":20.9314835,"cross_entropy_loss":0.31496333769638546,"val_cross_entropy_loss":0.37978619308855066,"accuracy":0.8860370370370371,"_step":5,"confusion_matrix_table":{"_type":"table-file","sha256":"69858499d08a7068402092300948bbc0db5d352e61f9a1a7fe050300504e9165","size":2930,"artifact_path":"wandb-client-artifact://67yrivlhm7l0c3t94kf4fe5j3az6nm69zmdq35bwzmmyaj847fak10if46u7o8b8oh1tqi2zy37jyqlctmfrljt0wxnkgzh4qdev62t0e6a1qhh6fvolpytdiggtl8in/confusion_matrix_table.table.json","_latest_artifact_path":"wandb-client-artifact://2lt2z1wws8mif1rhgosxxqwjgm2s5x4bg6toy0yozm7die19lauc9p2wnt0stws4cwf65rcpanqp25ctru4env0o5lwvqgqgfrbl452rq9v9llip97upuye5lkkaez5y:latest/confusion_matrix_table.table.json","path":"media/table/confusion_matrix_table_5_69858499d08a70684020.table.json","ncols":3,"nrows":100}}