{"_wandb":{"runtime":13},"_step":4,"val_loss":1.7434222372437322,"epoch":5,"val_accuracy":0.561,"_runtime":13.9275415,"loss":1.801062975364382,"accuracy":0.5566923685251087,"_timestamp":1.7412430081314807e+09}