{"epoch":10,"val_loss":2.1753880306403297,"_step":9,"loss":2.1879101900674662,"accuracy":0.24077777777777779,"val_accuracy":0.25216666666666665,"_timestamp":1.7411546721062083e+09,"_wandb":{"runtime":5},"_runtime":5.11983}