{"_wandb":{"runtime":4},"_timestamp":1.741152693339263e+09,"epoch":5,"loss":2.3026007076264,"accuracy":0.1486111111111111,"val_accuracy":0.14666666666666667,"_runtime":4.3536457,"_step":4,"val_loss":2.301769322051451}