{"accuracy":0.8006666666666666,"_wandb":{"runtime":23},"val_accuracy":0.7989,"_runtime":23.7116761,"_step":9,"val_loss":0.5701822578206341,"epoch":10,"_timestamp":1.7413683483448813e+09,"loss":0.5663080644603502}