{"epoch":5,"val_accuracy":0.4707,"_step":4,"accuracy":0.4031296296296296,"loss":226.89426316978876,"_wandb":{"runtime":41},"val_loss":285.131577119588,"_timestamp":1.7412362740464523e+09,"_runtime":41.7815059}