{"accuracy":0.1002962962962963,"_runtime":6.5598427,"loss":2.314114113428401,"_wandb":{"runtime":6},"val_loss":2.3143954440999677,"_step":9,"epoch":10,"val_accuracy":0.09733333333333333,"_timestamp":1.7411566665480046e+09}