{"_runtime":7.3521301,"val_accuracy":0.1,"_wandb":{"runtime":7},"val_loss":3.2718771374804243,"loss":3.827904215586563,"accuracy":0.0999074074074074,"_timestamp":1.7412496878965821e+09,"_step":4,"epoch":5}