{"epoch":10,"accuracy":0.8757962962962963,"_wandb":{"runtime":16},"val_loss":0.3905339349688546,"_step":9,"loss":0.3497783277985688,"val_accuracy":0.8616,"_runtime":16.3968935,"_timestamp":1.7413587297985158e+09}