{"epoch":5,"loss":1.5876606107014841,"val_accuracy":0.4408,"_wandb":{"runtime":4},"_step":4,"_runtime":4.9168463,"accuracy":0.44251851851851853,"_timestamp":1.741252508277164e+09,"val_loss":1.5762750105811438}