{"_wandb":{"runtime":9},"_timestamp":1.7411519061628346e+09,"epoch":10,"_runtime":9.1249246,"val_loss":2.3024759174680733,"val_accuracy":0.1055,"_step":9,"accuracy":0.09938888888888889,"loss":2.3028756349740096}