{"_step":5,"val_accuracy":0.8129,"loss":0.6748025420394304,"accuracy":0.8257592592592593,"confusion_matrix_table":{"_latest_artifact_path":"wandb-client-artifact://a55b60cv9gaf57osb24bnx1bj41zs462xcam46deo27b9qs6o9690v8cfonx2kj3z4gl6pdljhd5yhcjg6u49ft4s64h3xrg5geicxr4qzwd2a0v3481rxkv7owplilu:latest/confusion_matrix_table.table.json","path":"media/table/confusion_matrix_table_5_08843ba4eef4a013ff40.table.json","ncols":3,"nrows":100,"_type":"table-file","sha256":"08843ba4eef4a013ff40c948d7c61d2e66f9d3488df4769d9356ffba1d0a35d2","size":2935,"artifact_path":"wandb-client-artifact://w16q5ynz3v1vq8zqjd0nmgeeo1vl6sdw5i5use725dr9zi4240bo4to235pb7cewskj79m1pzw60ieoyabsmtuwa7ac2gbbsdqb7xnzcf0ggnkb8rtgmji2iw3dov5h0/confusion_matrix_table.table.json"},"_wandb":{"runtime":48},"val_loss":0.7150493558566837,"_runtime":47.9835251,"_timestamp":1.7415758413354614e+09,"epoch":5}