{"_step":9,"val_loss":2.3025984363110457,"_runtime":14.1118088,"accuracy":0.10068518518518518,"epoch":10,"loss":2.302599631448999,"val_accuracy":0.1,"_timestamp":1.7413696211535127e+09,"_wandb":{"runtime":14}}