{"mse_loss":0.13747991783208596,"_wandb":{"runtime":41},"_timestamp":1.7421097342487934e+09,"val_cross_entropy_loss":0.3785472935240262,"_step":10,"_runtime":41.0476345,"loss":0.26147245724331375,"accuracy":0.9051666666666667,"epoch":10,"confusion_matrix_table":{"sha256":"42bb89a9c955ef10cafc96423f774d79aee094fa66cf093f454febdd737968d8","size":2932,"artifact_path":"wandb-client-artifact://aopmuyeohmr4x6pvy1bl6plkriylc271m77tgwv1uofqiadrpz9m5f12f76cixgn1z163k87kk663qrrs3uyzh1wx6d54iu7iirf6t0g5clmmg0mxli1cynems72iev1/confusion_matrix_table.table.json","_latest_artifact_path":"wandb-client-artifact://u5oz3phzyy46rmvfc640b5e16p65gvrlv6rtx78xsdmh47xqphsnsxp80ogxmmmhml9flm75r02afihsnc2bkjg800adaq5u9ymny173aotmqzn96nvmis8qjfclc5jo:latest/confusion_matrix_table.table.json","path":"media/table/confusion_matrix_table_10_42bb89a9c955ef10cafc.table.json","ncols":3,"nrows":100,"_type":"table-file"},"val_accuracy":0.8689,"cross_entropy_loss":0.26147245724331375,"val_mse_loss":0.19095329275354375,"val_loss":0.3785472935240262}