{"val_accuracy":0.087,"val_loss":2.310749711228729,"epoch":5,"_wandb":{"runtime":4},"accuracy":0.0955,"loss":2.309376455557696,"_runtime":4.2994793,"_step":4,"_timestamp":1.7411564595228562e+09}