{"_wandb":{"runtime":72},"_runtime":71.9481624,"epoch":5,"accuracy":0.09980735032602253,"loss":2.303955175969986,"_step":4,"val_loss":2.3025890250337784,"_timestamp":1.7412298551598969e+09,"val_accuracy":0.1}