{"_step":4,"_wandb":{"runtime":3},"loss":2.251960828125052,"_runtime":3.2816829,"epoch":5,"val_loss":2.228275619519601,"val_accuracy":0.22683333333333333,"accuracy":0.1083888888888889,"_timestamp":1.7411559298204281e+09}