{"loss":0.35162676203687615,"_wandb":{"runtime":57},"val_accuracy":0.8571,"val_loss":0.40172681120158066,"_runtime":57.9035633,"confusion_matrix_table":{"_type":"table-file","sha256":"21a5900af5c80b394944446bacdc0c57413df03ea88dc8a82de65883ac96923a","size":2933,"artifact_path":"wandb-client-artifact://pbg6giewl2fqgoubx03q81li3zop2g57g7xm6x522yekztd77bohra3uehu0reb4d9xvfupfzh3ih8uu1hctlru292el7mbaijjxpvdjv102157l374qrdpj09q5dmra/confusion_matrix_table.table.json","_latest_artifact_path":"wandb-client-artifact://7f6uga78sn4aiqxocps7ulvxatrp04jqaje2oaiuj689grjrkk72a4k6gsm2y9qgj3u0k3po8tb86onjq8rb17in4g069mesm7t4ubyy36oqjljbzy6a3isyk46bqxvl:latest/confusion_matrix_table.table.json","path":"media/table/confusion_matrix_table_10_21a5900af5c80b394944.table.json","ncols":3,"nrows":100},"cross_entropy_loss":0.35162676203687615,"accuracy":0.876,"_step":10,"_timestamp":1.7421921243585894e+09,"val_cross_entropy_loss":0.40172681120158066,"mse_loss":0.17677179743049995,"epoch":10,"val_mse_loss":0.2009217144264781}