{"val_accuracy":0.6987,"_timestamp":1.7412372686662893e+09,"loss":1.0038697648613177,"_wandb":{"runtime":7},"epoch":5,"val_loss":0.959075014980989,"accuracy":0.6909166172400159,"_runtime":7.4814798,"_step":4}