{"val_cross_entropy_loss":0.4731365627103449,"confusion_matrix_table":{"size":2937,"artifact_path":"wandb-client-artifact://9jn9tka70k294mcvtulhaem2nfor9w7cq8n9r6mxi314b79mttvpk9kitibqmewjnway7i0j2fzofywe18xhwz3rxkpa5t2cczphhm1cr0yqlsl5t1d5ljdois8lt3em/confusion_matrix_table.table.json","_latest_artifact_path":"wandb-client-artifact://kvl8l8p0o9ll1kc1h12j5d97x9g9mgc87906nd0jpipz4blrszu9yn8zkpav84ypu8mh138as3g3sk9mczeso1wot0wy5kfkaoptefbu6kwn5qiqbg1iatx85ht1qf10:latest/confusion_matrix_table.table.json","path":"media/table/confusion_matrix_table_10_2c0190b2b51d1964240a.table.json","ncols":3,"nrows":100,"_type":"table-file","sha256":"2c0190b2b51d1964240a203161502ab28cb15bf8804cc23cd7286200ac091598"},"_wandb":{"runtime":33},"val_mse_loss":0.24030566649004326,"_timestamp":1.7421106679504297e+09,"_runtime":33.0963271,"accuracy":0.8454444444444444,"loss":0.436760444608049,"cross_entropy_loss":0.436760444608049,"_step":10,"epoch":10,"val_loss":0.4731365627103449,"val_accuracy":0.8322,"mse_loss":0.2208740717246562}