{"_runtime":43.3260288,"val_loss":0.6151251910370392,"accuracy":0.8558703703703704,"loss":0.4863890500679623,"epoch":5,"val_accuracy":0.8103,"_step":4,"_timestamp":1.741358146995936e+09,"_wandb":{"runtime":43}}