{"_timestamp":1.7421958533358169e+09,"_runtime":15.4779169,"cross_entropy_loss":0.45844886391164313,"accuracy":0.8383703703703703,"val_cross_entropy_loss":0.48354700900648084,"loss":0.45844886391164313,"_step":10,"epoch":10,"confusion_matrix_table":{"_type":"table-file","sha256":"28bd5d5f700c48d84d2e02004310489757d1dff6dd0fd29455f192d89f1906bf","size":2936,"artifact_path":"wandb-client-artifact://t8etzuw1p92dyjluaww3h9et2ruiao7pw5m0d0ti4o9wx86xr3k6ly2ubkr31ibljwlpwavh1kbw3lheqw6ikqg26a5g8v126vaj7mprwvbgnkmq4jipf9pgp0guzu7u/confusion_matrix_table.table.json","_latest_artifact_path":"wandb-client-artifact://e6tyhtjh3iv61xs9bt3ix65o2jeczijkivbu5r3dm08cxpgwj3msb9k0s3tvfedbwq8chbm85tqhfuny6pzxm42rv74y5zdpy8ktp61g6l79gupasqt2mzw00n5z1zai:latest/confusion_matrix_table.table.json","path":"media/table/confusion_matrix_table_10_28bd5d5f700c48d84d2e.table.json","ncols":3,"nrows":100},"_wandb":{"runtime":15},"val_mse_loss":0.24351763086628003,"val_loss":0.48354700900648084,"mse_loss":0.23056429744599094,"val_accuracy":0.8301}