{"val_loss":2.3032414086188226,"_step":4,"accuracy":0.0987962962962963,"val_accuracy":0.1,"_wandb":{"runtime":17},"_timestamp":1.7413588323571374e+09,"_runtime":17.650003,"epoch":5,"loss":2.3033566389846047}