{"accuracy":0.885962962962963,"confusion_matrix_table":{"size":2931,"artifact_path":"wandb-client-artifact://udc40h0suiw2vbrorvrain9hzljwgdcf9azx7juem4xwwv0wuhz3714s17p2hfktjvd2i1tw4krbib5n08w3v3tci3qm808vyllubg7dd9m8fm3e5xm54lnn7jjp7t0l/confusion_matrix_table.table.json","_latest_artifact_path":"wandb-client-artifact://onagtpmyamamzk7p8ryes5vtzamy0tc0ouflbn4a0a1p38il93cq97zynwofq18w9v5nkb5kmfsx5fw9svoz719cu38m4ntmzfq3se7227vt0jdhn4zjeorsxvwt9k9e:latest/confusion_matrix_table.table.json","path":"media/table/confusion_matrix_table_5_41e66ed3fc20a5be4938.table.json","ncols":3,"nrows":100,"_type":"table-file","sha256":"41e66ed3fc20a5be4938c88d17bb66c0f3b6b11bd4df8a575bebf972a4e4894f"},"val_cross_entropy_loss":0.3721483852577124,"cross_entropy_loss":0.3197896637816068,"_wandb":{"runtime":32},"val_accuracy":0.8706,"epoch":5,"loss":0.3197896637816068,"mse_loss":0.16523969424550056,"val_mse_loss":0.18626956306520873,"val_loss":0.3721483852577124,"_runtime":32.7335084,"_step":5,"_timestamp":1.741588289146157e+09}