{"val_accuracy":0.675,"_wandb":{"runtime":7},"accuracy":0.6762986852510874,"loss":0.9157498509599865,"val_loss":0.8782461518443916,"_timestamp":1.741238475912701e+09,"epoch":5,"_runtime":7.6866368000000005,"_step":4}