{"_wandb":{"runtime":11},"loss":2.3270497808022994,"accuracy":0.1,"_runtime":11.4508791,"epoch":10,"_timestamp":1.7413441772476645e+09,"_step":9,"val_accuracy":0.0992,"val_loss":2.3270488842246753}