{"_step":4,"_runtime":7.8098665,"loss":2.3053794712607507,"val_accuracy":0.1,"epoch":5,"accuracy":0.09849495848161328,"val_loss":2.3025962610329356,"_timestamp":1.7412422739544673e+09,"_wandb":{"runtime":7}}