{"val_accuracy":0.5312,"_wandb":{"runtime":16},"_step":9,"epoch":10,"accuracy":0.5287601324634243,"val_loss":1.1361470166361738,"_timestamp":1.7412385114732277e+09,"_runtime":16.6171822,"loss":1.1430209047019169}