{"val_accuracy":0.8642,"_runtime":26.7752903,"val_mse_loss":0.19440605471846717,"epoch":5,"confusion_matrix_table":{"nrows":100,"_type":"table-file","sha256":"e5431e7a9dfbd6570893812387696653c804f4ca3d6cf64c914938128395b06d","size":2929,"artifact_path":"wandb-client-artifact://gi9garogrig0pampogghwplexfrytoawx9citof4fzu0insxrnl6j29fmq08zqw65d5gicmpczxany2zkpjligpsdznledaxgkaeaq5h4h0ukybardkyvtw4nzkltlxc/confusion_matrix_table.table.json","_latest_artifact_path":"wandb-client-artifact://fcqpwj78fsyy9vuj6383meopwc01jb0k0sdoirl5bsty0y88wtajcl9s5183m2s0k3s4qw0cf5dyeduq92dh1az3nxxma36afjwu1dqkb5c6i7es1zd9xxb810g865rw:latest/confusion_matrix_table.table.json","path":"media/table/confusion_matrix_table_5_e5431e7a9dfbd6570893.table.json","ncols":3},"mse_loss":0.16605405246671934,"val_cross_entropy_loss":0.3835797438406903,"loss":0.31889414834587676,"_wandb":{"runtime":26},"cross_entropy_loss":0.31889414834587676,"accuracy":0.8844444444444445,"_step":5,"val_loss":0.3835797438406903,"_timestamp":1.742191742252308e+09}