{"val_accuracy":0.8535,"_wandb":{"runtime":59},"loss":0.35552248941345943,"_timestamp":1.7413459955809984e+09,"val_loss":0.4160115487047011,"_runtime":59.9415295,"accuracy":0.8741481481481481,"_step":4,"epoch":5}