{"val_loss":2.286909925111349,"_runtime":29.6315303,"accuracy":0.13040740740740742,"val_accuracy":0.1965,"_wandb":{"runtime":29},"loss":2.2936423868272446,"_timestamp":1.741345476371318e+09,"epoch":10,"_step":9}