{"_wandb":{"runtime":7},"accuracy":0.10101851851851852,"val_loss":2.2912385042503645,"_step":9,"epoch":10,"loss":2.2902463395663566,"val_accuracy":0.09466666666666666,"_runtime":7.1973571,"_timestamp":1.741152625950694e+09}