{"accuracy":0.10083333333333333,"_wandb":{"runtime":23},"_runtime":23.3431119,"epoch":10,"val_loss":2.302599806671639,"val_accuracy":0.1,"_timestamp":1.741576177525339e+09,"loss":2.302601189540907,"confusion_matrix_table":{"sha256":"e057170823602e16cc6d65e01f04cd68537bdc19067d65140986d32eda76ff73","size":2912,"artifact_path":"wandb-client-artifact://hglfvlaj3jwpk7u64pzx9ae9vibzctd7awcfj2u72sfxekg0iash6dr8aey3mdtp2ac96flfj2pwj3vapxn23qtmwo76l4zzvudk51vpi7hb0rghmll86uv7n4dqf2dt/confusion_matrix_table.table.json","_latest_artifact_path":"wandb-client-artifact://jyye2qnhkdguppf00ik18wk0ficu6jr4iqub7adxqkafmonhwkn7hxiqhznn82vzuz5784tk61cpllh72th5slqsyglhp7jtkong3rxupzo3oxigfsdp9ghwdtpy3p0f:latest/confusion_matrix_table.table.json","path":"media/table/confusion_matrix_table_10_e057170823602e16cc6d.table.json","ncols":3,"nrows":100,"_type":"table-file"},"_step":10}