{"val_loss":0.5095838144322558,"loss":0.4702404761383494,"val_cross_entropy_loss":0.40324672185154997,"confusion_matrix_table":{"path":"media/table/confusion_matrix_table_5_0eadafcf67a4c53b3706.table.json","ncols":3,"nrows":100,"_type":"table-file","sha256":"0eadafcf67a4c53b370670d87bdf53c71d672eb8b944bb6af359309273f4cc8c","size":2928,"artifact_path":"wandb-client-artifact://umpxk4qjrcl2mv8of366lq8rdpdw3nd0vopnfopiua6yjx6edrun0cku311rj1ye8n7v5ankas2e7tj0teoi2u26pd9igkvb4u739qm1s0fd273wgs1mz3uiool5qaga/confusion_matrix_table.table.json","_latest_artifact_path":"wandb-client-artifact://w4ss40wb3oxms897p8v8i52wcyaf559xhf1pkci28zh9bkvjwwqm8qd5q1b6e0cz7vxokaacnxe5gdnuutd8qrgya87x9mo80j16s9l7hh6a6l9xuc7vjkv88lboz43v:latest/confusion_matrix_table.table.json"},"_step":5,"accuracy":0.869037037037037,"epoch":5,"val_mse_loss":0.2073741777394673,"cross_entropy_loss":0.36063326303255633,"val_accuracy":0.8548,"mse_loss":0.18762128138495054,"_runtime":25.3139979,"_wandb":{"runtime":25},"_timestamp":1.7421960933527153e+09}