{"epoch":10,"val_cross_entropy_loss":0.5105620312398621,"_runtime":57.9570992,"_wandb":{"runtime":57},"val_loss":0.5105620312398621,"accuracy":0.8661111111111112,"val_mse_loss":0.23892663571164754,"val_accuracy":0.8383,"_step":10,"_timestamp":1.7421959924614244e+09,"cross_entropy_loss":0.3874282199589574,"loss":0.3874282199589574,"confusion_matrix_table":{"size":2934,"artifact_path":"wandb-client-artifact://m35nyisjf65mxy3iaueqam7xln9iewk9wihhqz5r1ck6vqesp5d6awu9mixsdi8bhx10dinybp5128s2c6949otgfdf58c3ykjse5czll5piu967mwh6iwvjyeqhzzun/confusion_matrix_table.table.json","_latest_artifact_path":"wandb-client-artifact://il66ah5hukqvhk7r42tv234wwvl9et57m8jn2wjzzhn7lb29tpguic09uu8zegm4qtg13tc878nu4gnzblz24ngi9e7iarfrzceeemhh0fp27r0v9102lptdk0lll17x:latest/confusion_matrix_table.table.json","path":"media/table/confusion_matrix_table_10_6a27e13708793e4d2685.table.json","ncols":3,"nrows":100,"_type":"table-file","sha256":"6a27e13708793e4d2685fee48ba628c14fda1ca565dfdce3ed0e5b4e0e37b205"},"mse_loss":0.19192074005601106}