{"_timestamp":1.742104697040235e+09,"val_accuracy":0.8551,"mse_loss":0.17993745265778974,"confusion_matrix_table":{"path":"media/table/confusion_matrix_table_10_d180807042ae2977bd8d.table.json","ncols":3,"nrows":100,"_type":"table-file","sha256":"d180807042ae2977bd8d2a92f90512bb831d0ffbf2cbfa12fd5c1368bddd6902","size":2935,"artifact_path":"wandb-client-artifact://7iwjey3i1ys7rfxef331x3w4d2yrz50cacph9xe8vasiri0evui5ntbyxjik84owyo075y9p0d0x4fvfj0pwvxd1zikct0snurpup5g9r6178ro2tuzpmgmsexqf8oib/confusion_matrix_table.table.json","_latest_artifact_path":"wandb-client-artifact://f3sopkg908o7w86ui0bc5o4um114lyjg51a75cbs3rt8payevws52dzdb7yg85y4gtr9vxehwrfgfmsn8n3le24dfjv9wr6tdsvj4fhmuefdb2caamb9q9obla5u9t8e:latest/confusion_matrix_table.table.json"},"_step":10,"_runtime":115.6755237,"_wandb":{"runtime":115},"epoch":10,"loss":0.4437307628828887,"val_cross_entropy_loss":0.42641233928217515,"accuracy":0.8746666666666667,"val_loss":0.515518197975685,"cross_entropy_loss":0.35457035742006876,"val_mse_loss":0.21198349190487137}