{"_runtime":28.747553,"val_mse_loss":0.2172747769071088,"_step":5,"_wandb":{"runtime":28},"mse_loss":0.1843944191650419,"accuracy":0.8705555555555555,"val_cross_entropy_loss":0.41854547906936007,"_timestamp":1.7415890133371174e+09,"epoch":5,"val_loss":0.5167711319948668,"val_accuracy":0.8457,"loss":0.45482143088265037,"confusion_matrix_table":{"sha256":"53743604c96915b18f83a4aeca056d0bf158e46e59271087954aeb09e437a569","size":2926,"artifact_path":"wandb-client-artifact://ezucnbkcvnyxvxdnspekjdl0hvj81t6l7xz2b5h3b7i582ddup7isdym00bwmsg3hnony7p088yjncxcalizsiafb0xc2ok9gljj6gqllgjgq9ahg72tl8dhef45v3hs/confusion_matrix_table.table.json","_latest_artifact_path":"wandb-client-artifact://e75kkfjg755pqmc8c604t558l3yir4o1tixd558lepk3tnx0fuo3o95w5a7rh30mrefie7j2jemfru3dx4bwbslcrr2nghtikrchnlmdklqd5gy7eno8lmvrsxq3xr53:latest/confusion_matrix_table.table.json","path":"media/table/confusion_matrix_table_5_53743604c96915b18f83.table.json","ncols":3,"nrows":100,"_type":"table-file"},"cross_entropy_loss":0.3534764019199995}