{"_timestamp":1.7412510287834585e+09,"_wandb":{"runtime":25},"_runtime":25.5030724,"loss":0.7692201800992946,"_step":9,"epoch":10,"accuracy":0.7242592592592593,"val_loss":0.7731364767005036,"val_accuracy":0.728}