{"accuracy":0.09861111111111111,"_wandb":{"runtime":102},"loss":2.3046141481631035,"val_loss":2.3042694594561066,"_step":9,"val_accuracy":0.1,"_timestamp":1.7413679463633873e+09,"epoch":10,"_runtime":102.1735903}