{"val_accuracy":0.1911,"_timestamp":1.7412578527754726e+09,"_step":9,"loss":256.7418703829162,"val_loss":281.50920183942424,"epoch":10,"_runtime":16.3347717,"_wandb":{"runtime":16},"accuracy":0.19853703703703704}