{"accuracy":0.09888888888888889,"_step":4,"loss":2.3026106362696472,"val_loss":2.302592667730969,"epoch":5,"val_accuracy":0.1,"_wandb":{"runtime":6},"_runtime":6.674092,"_timestamp":1.7415327366577675e+09}