{"_wandb":{"runtime":11},"_runtime":11.919209500000001,"val_accuracy":0.764,"_timestamp":1.7412350034551697e+09,"_step":9,"epoch":10,"val_loss":0.7445598969308649,"loss":0.7405394169759165,"accuracy":0.771469701463029}