{"_timestamp":1.7413444486570907e+09,"_wandb":{"runtime":16},"_step":4,"loss":0.7772819790554131,"accuracy":0.808037037037037,"val_loss":0.8450049057014508,"_runtime":16.462418800000002,"val_accuracy":0.7968,"epoch":5}