{"_step":4,"_timestamp":1.741257657189349e+09,"val_loss":2.3042912194338867,"val_accuracy":0.1,"_wandb":{"runtime":16},"_runtime":16.635483,"epoch":5,"accuracy":0.09938888888888889,"loss":2.3042184660182423}