{"_wandb":{"runtime":3},"loss":2.4302401741787527,"accuracy":0.10064814814814815,"_timestamp":1.7411576591698046e+09,"_step":4,"epoch":5,"val_accuracy":0.09416666666666666,"val_loss":2.429742180376883,"_runtime":3.7298399}