{"_wandb":{"runtime":46},"val_accuracy":0.7181,"_runtime":46.5968458,"_step":9,"val_loss":0.7484529565993159,"loss":0.7363680391184879,"accuracy":0.7221213692946058,"epoch":10,"_timestamp":1.741239258022057e+09}