{"val_loss":2.309611628112938,"_timestamp":1.7411544739906569e+09,"_step":9,"_wandb":{"runtime":5},"_runtime":5.3417912,"accuracy":0.1005925925925926,"epoch":10,"loss":2.3092943290028107,"val_accuracy":0.09433333333333334}