{"_wandb":{"runtime":9},"val_accuracy":0.2231,"epoch":5,"accuracy":0.22061111111111112,"_runtime":9.5168551,"val_loss":2.5501164852188225,"loss":2.445263958701033,"_timestamp":1.741256604283212e+09,"_step":4}