{"val_cross_entropy_loss":0.3659073900609367,"_step":10,"loss":0.28163501112567346,"val_accuracy":0.8694,"confusion_matrix_table":{"sha256":"bb75967bf9599baab45d0d8b87e2d7aa121dbe1027523be61010757514c4ef39","size":2932,"artifact_path":"wandb-client-artifact://xnpsv16hy12y668nu2l8aflb9g386m39ii0jhb8xt0o3mwyy0x5jb4ijhhdjeuy6sz6st1ygtzwhy4hapxc3psj0w2pc2ci3kkkfwxyr8wukjg8623evdu73l3t9n7cn/confusion_matrix_table.table.json","_latest_artifact_path":"wandb-client-artifact://4y793wkrefk09d6iv222m7ig6wt7luptofzj6qfzopiuv5x73kqrebpjfbdyrjcanv2f08poih2q80h1mu1wehrk7wto27wbna42871oa8ydd74gsqzp1n8vi0bab5wy:latest/confusion_matrix_table.table.json","path":"media/table/confusion_matrix_table_10_bb75967bf9599baab45d.table.json","ncols":3,"nrows":100,"_type":"table-file"},"_timestamp":1.7421946351512256e+09,"cross_entropy_loss":0.28163501112567346,"val_loss":0.3659073900609367,"_runtime":16.3860726,"accuracy":0.9000925925925926,"_wandb":{"runtime":16},"mse_loss":0.14700106275044614,"epoch":10,"val_mse_loss":0.1880622877402518}