{"_step":9,"val_accuracy":0.1055,"loss":2.329819247244928,"epoch":10,"_timestamp":1.7411551429403183e+09,"accuracy":0.09938888888888889,"_wandb":{"runtime":5},"val_loss":2.329325811746806,"_runtime":5.8144802}