{"_step":10,"val_mse_loss":0.20727724255934207,"epoch":10,"_runtime":23.115091,"cross_entropy_loss":0.34833719228363197,"val_loss":0.4384813956591193,"_timestamp":1.7421090101029317e+09,"accuracy":0.8833888888888889,"mse_loss":0.17149659243175525,"loss":0.34833719228363197,"val_accuracy":0.8612,"_wandb":{"runtime":23},"val_cross_entropy_loss":0.4384813956591193,"confusion_matrix_table":{"artifact_path":"wandb-client-artifact://hxv0g2r34nmlkexdibvqd0yx5zqu50c8advqbrhb47q1tbznwitrzs7zfyxhhr32vy3e2p7ial1itl81e8yow9dbfbiucxzo9a7emkq8l3qx85qity23isvth63jlut1/confusion_matrix_table.table.json","_latest_artifact_path":"wandb-client-artifact://452qucfniwtdhmruh5ol873y7cioawepnzn41icrwa1se4yi406h0ulhq1e9bs3cn8y7rea037hci2osh5z4sguzu36sbtzv5m59zde1zandkjhjmzoiqhvyz2m3pebx:latest/confusion_matrix_table.table.json","path":"media/table/confusion_matrix_table_10_68b12b929466619eba3f.table.json","ncols":3,"nrows":100,"_type":"table-file","sha256":"68b12b929466619eba3ff3c135eb00d6f324cafab2203b3d62b71c3a595a5ea5","size":2932}}