{"accuracy":0.09766666666666667,"val_loss":2.3043425295775677,"_step":4,"_wandb":{"runtime":6},"epoch":5,"val_accuracy":0.1,"loss":2.3044286617036187,"_timestamp":1.7412515345635772e+09,"_runtime":6.0212034}