{"loss":2.3284997534370016,"val_loss":2.3211718362318576,"val_accuracy":0.12733333333333333,"_runtime":4.0916013,"epoch":5,"accuracy":0.13075925925925927,"_timestamp":1.7411576702638755e+09,"_wandb":{"runtime":4},"_step":4}