{"_wandb":{"runtime":7},"val_accuracy":0.2513,"epoch":10,"loss":2.039362378650957,"_runtime":7.7148411,"_step":9,"accuracy":0.2471102548903379,"val_loss":2.02775253896851,"_timestamp":1.7412363459604104e+09}