{"val_mse_loss":0.20854627662981784,"_timestamp":1.742111937119325e+09,"loss":0.32404243962105284,"_step":10,"val_loss":0.4170199641869539,"_wandb":{"runtime":13},"_runtime":13.91063,"mse_loss":0.16526093334309028,"accuracy":0.8853333333333333,"epoch":10,"val_cross_entropy_loss":0.4170199641869539,"val_accuracy":0.8571,"cross_entropy_loss":0.32404243962105284,"confusion_matrix_table":{"_latest_artifact_path":"wandb-client-artifact://pe0cyest8s9c2c8fze22fqv5zyr2pg7jlzbc18yxx9puhu37qk9yni56ne86wwxnqbif5oqiulwe6cr73rgyaepvcgikxbgsu71b59sf5jigyy4xmf09fg8iaki3qfi4:latest/confusion_matrix_table.table.json","path":"media/table/confusion_matrix_table_10_7d2b3c14c87efe75e91f.table.json","ncols":3,"nrows":100,"_type":"table-file","sha256":"7d2b3c14c87efe75e91fb7e56ad940468b2fe507d74beb1ef9eafefc3cc6766e","size":2930,"artifact_path":"wandb-client-artifact://kx3gb2vmgsu6js8v2sfg8lrqgu0slkq68oyerxqijw4fjlab1m4s8j9lwps2suxwm83vfq0uk060bdmc1cxl4pnfmynrds0d93uhfdcugjih5nh4wis82ya9vu1kgp15/confusion_matrix_table.table.json"}}