{"_wandb":{"runtime":63},"val_loss":1.438699184375018,"epoch":10,"loss":1.4716832266856716,"_runtime":63.1457233,"val_accuracy":0.5033,"_step":9,"accuracy":0.49712962962962964,"_timestamp":1.741369295431855e+09}