{"val_accuracy":0.8368,"_runtime":18.6832134,"accuracy":0.8574259259259259,"val_mse_loss":0.23851062578798743,"epoch":5,"_timestamp":1.7421067432095714e+09,"cross_entropy_loss":0.4038155635425569,"val_loss":0.56200378536828,"val_cross_entropy_loss":0.4827009215037589,"confusion_matrix_table":{"sha256":"4b025cf061c2c68e486319563e2c523fdbb7ad71939ed957a11f6f127dfd69f5","size":2934,"artifact_path":"wandb-client-artifact://7ul723k5o6psh6huq168o7ucxr8ologqnxwgixzp8rfoypo4hnw5bdvkzujk48rnbsmiyoxgg9kbx8i3p4qyc664xur7sikxe70icy1k95by05r5jjttihqm1qfsrnbw/confusion_matrix_table.table.json","_latest_artifact_path":"wandb-client-artifact://2ehsj5zkdgpytkan69ecgus0ck3yiw9ai0r9fyoxdeh4p71zctkbpmo2p6oln0hwdzo4y8r66ru0hvewd05li1zh2x36yv10q1sd68ej8zdaw5ukn0rn4i91eqrw3qxy:latest/confusion_matrix_table.table.json","path":"media/table/confusion_matrix_table_5_4b025cf061c2c68e4863.table.json","ncols":3,"nrows":100,"_type":"table-file"},"_wandb":{"runtime":18},"mse_loss":0.20458260660214117,"_step":5,"loss":0.48021365065405025}