{"val_loss":0.4672414444856653,"epoch":5,"loss":0.40969116866098143,"confusion_matrix_table":{"size":2937,"artifact_path":"wandb-client-artifact://4268tujpjam6b8co800iltlkyi9dg8ivqkvud0e5jqjywt4n8xxukrwk95nv9sbbp49xwrysb610fqf7qq10to50c21no1gosqgyw260d6z7g0km3gususii05tzon7o/confusion_matrix_table.table.json","_latest_artifact_path":"wandb-client-artifact://fyidfeu6tafkzy53gvcttz56acp7wye1q82e7guy019bg2uwvrlfmkfq4jc4ahlfvdora7da4ndaptd1bi2tf68jm7j6xn5eo1tbsdo4ugfsk95ebhxz1sam8bvbod8x:latest/confusion_matrix_table.table.json","path":"media/table/confusion_matrix_table_5_87c84d06de109cf1db13.table.json","ncols":3,"nrows":100,"_type":"table-file","sha256":"87c84d06de109cf1db13793e220b4cac79622e1283b397ae06506b4ad0d9d0d6"},"val_accuracy":0.8455,"_wandb":{"runtime":11},"cross_entropy_loss":0.40969116866098143,"_timestamp":1.7421067785913687e+09,"mse_loss":0.2004582582879394,"_step":5,"val_mse_loss":0.22719678509271957,"accuracy":0.862,"val_cross_entropy_loss":0.4672414444856653,"_runtime":11.2054448}