{"loss":0.4284406136315648,"val_mse_loss":0.19443550543767688,"val_cross_entropy_loss":0.3791783731796444,"val_loss":0.4593637115227549,"_timestamp":1.7415886894508257e+09,"val_accuracy":0.8642,"epoch":5,"confusion_matrix_table":{"size":2930,"artifact_path":"wandb-client-artifact://5mb5iizfnsyseryblcl1ejh0ng4qnoh22vqr3wkbessj24q1wzqn9fjj6qpxo72bez2995jmnq4z9sngn3iu9tczrgyppb8ggqj4cl9ehyfgk4txparw52i9v7ngcmpa/confusion_matrix_table.table.json","_latest_artifact_path":"wandb-client-artifact://szgbftx93ktn3h73u83v055f4k3hv4yne26p5xe3w4ztb0lbuqovbudgoq9hfves6tfbvyelwnb09u2osx192pyuxuwcuuvh4c1k81sv7f8dzjlh5lt4buzl5ivb7h0v:latest/confusion_matrix_table.table.json","path":"media/table/confusion_matrix_table_5_cb968adf24f1209de224.table.json","ncols":3,"nrows":100,"_type":"table-file","sha256":"cb968adf24f1209de2246f0b7a2f9dad1c204a39d9d078e8e51471680a248bd7"},"mse_loss":0.17937372447054054,"accuracy":0.8742407407407408,"cross_entropy_loss":0.3477747549926812,"_step":5,"_wandb":{"runtime":11},"_runtime":11.5901214}