{"val_accuracy":0.5194,"accuracy":0.5338989330171903,"_step":4,"_timestamp":1.7411924131381373e+09,"_wandb":{"runtime":12},"epoch":5,"_runtime":12.5739931,"val_loss":16.678131352772446,"loss":12.11227736398425}