{"_runtime":9.7759766,"_step":4,"loss":2.3026149142925663,"val_accuracy":0.1,"epoch":5,"_wandb":{"runtime":9},"_timestamp":1.7412431747456923e+09,"accuracy":0.10083333333333333,"val_loss":2.3025891371236673}