{"accuracy":0.1115,"_timestamp":1.7411575656313407e+09,"_runtime":6.4580155,"_step":9,"_wandb":{"runtime":6},"val_accuracy":0.11166666666666666,"val_loss":2.2995457252639655,"epoch":10,"loss":2.2995753469849323}