{"_wandb":{"runtime":3},"val_loss":2.3025246412694997,"val_accuracy":0.05433333333333333,"accuracy":0.05257407407407407,"_runtime":3.5887856,"epoch":5,"_step":4,"loss":2.3030056677075175,"_timestamp":1.7411533859210813e+09}