{"_runtime":29.77317,"val_loss":23.046523402384924,"mse_loss":0.9000014427497384,"val_accuracy":0.1,"cross_entropy_loss":2.302592262156696,"_timestamp":1.742134192394694e+09,"epoch":10,"val_mse_loss":0.8999973604677969,"_step":10,"accuracy":0.10077777777777777,"_wandb":{"runtime":29},"loss":24.903243774065356,"confusion_matrix_table":{"sha256":"e057170823602e16cc6d65e01f04cd68537bdc19067d65140986d32eda76ff73","size":2912,"artifact_path":"wandb-client-artifact://g930kw3wiwgvhdiouy1ck20ww43zp5asko4oo31puu03vllqlbb1q8yvo91aacqgjcczzg7ykr42ljlq5q4kz1ss29pantzia8jrwep5hy79a61jlvhkuyrp8ioa1cio/confusion_matrix_table.table.json","_latest_artifact_path":"wandb-client-artifact://bppolrh2p7i1ged2ty9pn84wm467iqgb5acwsrofp07ifm5mjlwc19nwhdiuntwp4ka8rl2xv9yw9s7f4tds1i8sn3jnlz6hs2zkfdnzj40wsgt0ykca5s4nmq8n6342:latest/confusion_matrix_table.table.json","path":"media/table/confusion_matrix_table_10_e057170823602e16cc6d.table.json","ncols":3,"nrows":100,"_type":"table-file"},"val_cross_entropy_loss":2.3025717800564105}