{"mse_loss":0.25150473493338826,"val_loss":0.8410964041625262,"confusion_matrix_table":{"ncols":3,"nrows":100,"_type":"table-file","sha256":"2be3b4415cb071fbb0aa41baa3dd71a917ad0bdac56bcda3d2b3cf318fb4e04a","size":2935,"artifact_path":"wandb-client-artifact://kb35g3sopiuerbbnlty6nli80uajmbcrpcuasomamxsvtqqapljuypmi0envk6xj10n1emxp0o4ri6xlmface5b2nz8z6y9otbbvvhpoq1t77bsjtyl04nsv3syt82ec/confusion_matrix_table.table.json","_latest_artifact_path":"wandb-client-artifact://a6a9avtsk2274gysahrzda86fks489ty6l2ebpkpozel8cfsp1auz4or41ww71c5opih1ov0dsrcnhsezbtp1wm2ismcnosy94xlf06a1j1u14byr9hhpee3ih53ac30:latest/confusion_matrix_table.table.json","path":"media/table/confusion_matrix_table_10_2be3b4415cb071fbb0aa.table.json"},"accuracy":0.8243888888888888,"epoch":10,"_runtime":57.7705609,"loss":0.7058295089975374,"_wandb":{"runtime":57},"val_accuracy":0.7788,"val_cross_entropy_loss":0.6466911322218841,"_timestamp":1.7421958049849799e+09,"val_mse_loss":0.3135866767305457,"cross_entropy_loss":0.5125852856605577,"_step":10}