{"epoch":10,"val_loss":0.36968521390753906,"_runtime":40.4196551,"val_mse_loss":0.18666732359534877,"_timestamp":1.7421926234046936e+09,"confusion_matrix_table":{"_type":"table-file","sha256":"ccd6bc1ea831dfa579db4da28b8d40f679584a277ddf330ddf1a735e703d4f53","size":2933,"artifact_path":"wandb-client-artifact://38hg6zlgym0rp4kdgpnsteu38gk97rfll42da1u74m60p7kvph2lurj70pq977bqqbz4tw6gjqwb99u9702vkps7x3gxgqmc32bgj0cp145muot86pkrahbsd4zewfa8/confusion_matrix_table.table.json","_latest_artifact_path":"wandb-client-artifact://ukz9grlnaiak0xnj3qc0mvkmtsat33qibhxnt1s92orpahd8jns1m7bf755624k2yeq8p82iem88vsdd9evj9hlmddvwzlitucxe70qlbc14cyo28u89j5p5i0a8g2o0:latest/confusion_matrix_table.table.json","path":"media/table/confusion_matrix_table_10_ccd6bc1ea831dfa579db.table.json","ncols":3,"nrows":100},"val_accuracy":0.8738,"mse_loss":0.14283165303293527,"cross_entropy_loss":0.27037317575935294,"accuracy":0.9016666666666666,"loss":0.27037317575935294,"val_cross_entropy_loss":0.36968521390753906,"_step":10,"_wandb":{"runtime":40}}