{"loss":0.4723091988116337,"val_cross_entropy_loss":0.4843463555467014,"val_loss":0.5763090687210309,"_step":5,"accuracy":0.8639629629629629,"_timestamp":1.7415888837701423e+09,"confusion_matrix_table":{"sha256":"0f24b3ca79421839de552f7edff4606b45c0ceeb9123489fb05f16194913a6ca","size":2930,"artifact_path":"wandb-client-artifact://auqqvbrlkhm75t3nkj3fz833i7zjk5rw57lwkm5g2ft41ual6l13mdhet62zvix3b1fx0k6lg7pmk5eae2vdvn475fhaf9il9mc8c2b70h2fk8u5h9uhsrnu52rxiyel/confusion_matrix_table.table.json","_latest_artifact_path":"wandb-client-artifact://c5z2pbcdjjhg2qjr4iq69vn8bvc82d4htcpl6mwusuhflcrri175wil7g3l6b1jdqynefj11fn433iinumnyy3gud5ay8uo2dqazp607p5f87jkk8v5rej07k1weizzj:latest/confusion_matrix_table.table.json","path":"media/table/confusion_matrix_table_5_0f24b3ca79421839de55.table.json","ncols":3,"nrows":100,"_type":"table-file"},"epoch":5,"_runtime":38.8425784,"_wandb":{"runtime":38},"mse_loss":0.19440200347447956,"cross_entropy_loss":0.3788386343399373,"val_mse_loss":0.24396316787418873,"val_accuracy":0.8312}