{"_step":9,"_wandb":{"runtime":13},"_runtime":13.8689332,"epoch":10,"val_loss":2.3315371219687067,"val_accuracy":0.1,"accuracy":0.10051851851851852,"_timestamp":1.741357990522749e+09,"loss":2.343934994943695}