{"accuracy":0.1002962962962963,"_timestamp":1.7411554902825735e+09,"_step":4,"val_loss":2.6247981129164577,"epoch":5,"_wandb":{"runtime":4},"val_accuracy":0.09733333333333333,"_runtime":4.74543,"loss":2.632962225772836}