{"accuracy":0.4537407407407407,"_wandb":{"runtime":6},"val_loss":1.8533036866169634,"val_accuracy":0.4995,"loss":1.9008304698266296,"_timestamp":1.7411555243212106e+09,"_runtime":6.6198714,"_step":9,"epoch":10}