{"epoch":5,"confusion_matrix_table":{"nrows":100,"_type":"table-file","sha256":"cb4ad3bf80b33461b481b33fb3ea634ac317d2107f35bc0f98b7c197d2d7efd6","size":2936,"artifact_path":"wandb-client-artifact://f7ksnlz8tvs1nzgor8uuiylgwgeqpadcjqwjqdk3c2jyxwvu6ch2go0ng2up01q9s0jbxt6rwxo4pemxyjevtajel5jlxz3x32len4h74hfrzdkaeyl43hracror7mau/confusion_matrix_table.table.json","_latest_artifact_path":"wandb-client-artifact://tpo1kmq5of8pfo2en9xzcxyunyhaihc80vvuvaf21xypm5t1exn55b4mzf0jwe7x4ro7ekfckv5kh13juiawb6uldqc1tye4939z5fqkvcjtlz1g58j0da62otogj565:latest/confusion_matrix_table.table.json","path":"media/table/confusion_matrix_table_5_cb4ad3bf80b33461b481.table.json","ncols":3},"mse_loss":0.22956929251385602,"val_loss":0.4867807318085297,"val_mse_loss":0.23519162505984323,"_step":5,"_timestamp":1.742191131874113e+09,"_runtime":12.6372318,"loss":0.4682337198671156,"val_cross_entropy_loss":0.4867807318085297,"val_accuracy":0.8376,"_wandb":{"runtime":12},"accuracy":0.8408888888888889,"cross_entropy_loss":0.4682337198671156}