{"_step":5,"accuracy":0.8842407407407408,"_runtime":10.3528779,"_timestamp":1.7415871761902652e+09,"val_cross_entropy_loss":0.39021436823973593,"val_loss":0.39021436823973593,"loss":0.3199917810827638,"cross_entropy_loss":0.3199917810827638,"val_mse_loss":0.19901983085219743,"val_accuracy":0.8612,"confusion_matrix_table":{"nrows":100,"_type":"table-file","sha256":"19607c1c0fca7e0732a35374dc7b0b6e051304d943cf70054156809dca00fc2b","size":2933,"artifact_path":"wandb-client-artifact://oozpohiy1uyjno22dsxdgs75raglzok0vfrpafkdo63d0y9q6bbv2dc9fvc36jw7f00sk6uxfjn9jicwg797pm1vznmzsgty872qed1d968rvo8tn79gejxuwr03bx4y/confusion_matrix_table.table.json","_latest_artifact_path":"wandb-client-artifact://xoptmg0qy6aa3pn1pcwregj277m3ptstsuwa0f3x44mux0zbg9o1we7wzgkrhk7qwmtlv0k25u1g8c14aousukvaspym86gsyfzacean14l8e00c8ux86tl4y9f6p93m:latest/confusion_matrix_table.table.json","path":"media/table/confusion_matrix_table_5_19607c1c0fca7e0732a3.table.json","ncols":3},"epoch":5,"mse_loss":0.16671896439186096,"_wandb":{"runtime":10}}