{"_step":4,"val_accuracy":0.1,"accuracy":0.10019635447540012,"_timestamp":1.741239277956452e+09,"epoch":5,"_wandb":{"runtime":13},"_runtime":13.5799497,"val_loss":2.302658403569039,"loss":2.304071668859402}