{"_step":4,"accuracy":0.8482222222222222,"val_loss":0.45097790715270464,"loss":0.4319981287462058,"_runtime":16.4656055,"epoch":5,"_wandb":{"runtime":16},"val_accuracy":0.8423,"_timestamp":1.7412551487300496e+09}