{"accuracy":0.1002962962962963,"_wandb":{"runtime":6},"loss":2.2965286501320636,"_timestamp":1.7411517201232347e+09,"epoch":5,"val_loss":2.2889109228438285,"_runtime":6.6121427,"val_accuracy":0.10016666666666667,"_step":4}