{"accuracy":0.6085185185185186,"val_loss":1.524863070296111,"_runtime":14.3722235,"_step":4,"epoch":5,"_wandb":{"runtime":14},"_timestamp":1.7412547011269453e+09,"loss":1.5377172402705364,"val_accuracy":0.6017}