{"accuracy":0.20315278601066983,"_step":4,"_wandb":{"runtime":22},"epoch":5,"_timestamp":1.741236964484469e+09,"val_loss":249.4489456752515,"val_accuracy":0.2007,"_runtime":22.6421892,"loss":143.88868190510144}