{"_wandb":{"runtime":6},"val_accuracy":0.817,"accuracy":0.8332777283511269,"loss":0.48294320452012784,"_runtime":5.9884134,"_timestamp":1.7412351948904128e+09,"epoch":5,"_step":4,"val_loss":0.5165002559880734}