{"loss":0.42638782277829934,"_timestamp":1.7413626230574567e+09,"val_accuracy":0.8477,"accuracy":0.8689629629629629,"_runtime":11.2362825,"_step":4,"_wandb":{"runtime":11},"epoch":5,"val_loss":0.47759852479620557}