{"val_accuracy":0.8622,"confusion_matrix_table":{"_latest_artifact_path":"wandb-client-artifact://8z28pipsykjsf5yhr68sjs6o8batjtf4ac6tgswzyr86qu4h6tc593i2eump83p1h6ur7xax35eemb3935pdlek00a2mm4qit8k5qeoubij2nuzi46ernj47nlxg088w:latest/confusion_matrix_table.table.json","path":"media/table/confusion_matrix_table_5_e31fa1df29e13fb90974.table.json","ncols":3,"nrows":100,"_type":"table-file","sha256":"e31fa1df29e13fb90974b1ad20c575de5b31a5b2979ba4e402db2e8cb5b5b83d","size":2932,"artifact_path":"wandb-client-artifact://5vbuhfgc9h7q84j245yzt6cwgq9qwbucgqes0c5qbcdrsmlzdc807bveu1hp3i2bh9exil0ybqwiiqi5952govediqkxgo3d0bfqftcfuqsrwg9dykbvlvx28b2i2qwa/confusion_matrix_table.table.json"},"epoch":5,"_wandb":{"runtime":26},"val_loss":0.4829773331614233,"_step":5,"mse_loss":0.18245621100881276,"_runtime":25.9893508,"_timestamp":1.7415897649528537e+09,"loss":0.4530971129941608,"val_cross_entropy_loss":0.3831388117615499,"accuracy":0.8725185185185185,"cross_entropy_loss":0.35069332628496913,"val_mse_loss":0.19759965063936197}