{"loss":0.3653410678674401,"_runtime":20.6958096,"accuracy":0.8722037037037037,"mse_loss":0.1840089374376316,"epoch":10,"val_loss":0.4209509567764552,"confusion_matrix_table":{"sha256":"a469f2604a200949e4452b4b8b64f6536e977450c37ef23a6d29d5ac3b8e2b5f","size":2933,"artifact_path":"wandb-client-artifact://xtx7ebtewku52xn9yvly600wme51j18swthaoiczirk628umz0wz2tffkepkc1859xwoea2jf1qgkuz3jj6vhofnrvhgtgv75pxk961x0jz342mt267rrdokstbebkag/confusion_matrix_table.table.json","_latest_artifact_path":"wandb-client-artifact://x96jms6aef8my8n66s9cn7ghd18kvb5a7floswjb0a2b4ulm4mxbdhto2w9pen40h5b9fsth8kak65xno8eaa7ennqaxd1anotljhsbsxye7awnyy5s66kfe6tgr4fkp:latest/confusion_matrix_table.table.json","path":"media/table/confusion_matrix_table_10_a469f2604a200949e445.table.json","ncols":3,"nrows":100,"_type":"table-file"},"_wandb":{"runtime":20},"val_cross_entropy_loss":0.4209509567764552,"_step":10,"val_accuracy":0.855,"_timestamp":1.7421053733496344e+09,"val_mse_loss":0.21055916349102827,"cross_entropy_loss":0.3653410678674401}