{"epoch":5,"_wandb":{"runtime":5},"_step":4,"_runtime":5.589801,"val_accuracy":0.194,"accuracy":0.1900925925925926,"_timestamp":1.7411576282729726e+09,"loss":2.2862347400875516,"val_loss":2.2905144788789706}