{"accuracy":0.8738703703703704,"mse_loss":0.181433438690041,"cross_entropy_loss":0.36082265580216516,"_timestamp":1.742191915921676e+09,"val_loss":0.42108252362206733,"_runtime":57.8514611,"val_accuracy":0.8535,"val_cross_entropy_loss":0.42108252362206733,"_step":10,"epoch":10,"loss":0.36082265580216516,"_wandb":{"runtime":57},"val_mse_loss":0.20897361845749474,"confusion_matrix_table":{"path":"media/table/confusion_matrix_table_10_c922f6e836e546d7a139.table.json","ncols":3,"nrows":100,"_type":"table-file","sha256":"c922f6e836e546d7a1395f6da922deb4734d1b86383d5324f47678812bca2958","size":2933,"artifact_path":"wandb-client-artifact://607upgpz1k2ltb93p6b32abt8b611ssw3dctoshmytnx3f762mrx61ot8blbkafuqpma81al8jtc1jibqbbu6gj82evayinimyefsmb5qggkqj851wqkoo4olnhbikiw/confusion_matrix_table.table.json","_latest_artifact_path":"wandb-client-artifact://vkbhwgdquy69trxpc5814hko0dox453xaebq2qaullltqqlvrl1cnd53uybyvidd3cy1i554rq5hahfd2q5mn5e82bg5ow0zm232w2s93j4deiz14ryk6vtja4aq0arz:latest/confusion_matrix_table.table.json"}}