{"accuracy":0.19844444444444445,"val_loss":2.1046582654592303,"_wandb":{"runtime":19},"val_accuracy":0.1994,"epoch":10,"_step":9,"_timestamp":1.741245862289099e+09,"_runtime":19.8896162,"loss":2.195725402596241}