{"_runtime":49.446709,"val_loss":0.86092301168256,"epoch":10,"accuracy":0.6833135743924126,"_step":9,"_timestamp":1.7412383739189134e+09,"val_accuracy":0.682,"_wandb":{"runtime":49},"loss":0.8496803605264707}