{"_timestamp":1.741239561693526e+09,"_runtime":9.083956,"epoch":10,"val_loss":1.6151779429439106,"val_accuracy":0.463,"accuracy":0.452319205690575,"loss":1.6568414920755312,"_step":9,"_wandb":{"runtime":9}}