{"val_loss":1.8039503350896153,"val_accuracy":0.1995,"_runtime":28.5303981,"_wandb":{"runtime":28},"loss":1.8001388585105889,"_step":9,"accuracy":0.20494444444444446,"_timestamp":1.7412360651672053e+09,"epoch":10}