{"_runtime":5.5452438,"_step":9,"epoch":10,"_wandb":{"runtime":5},"_timestamp":1.7411490840263743e+09}