{"_wandb":{"runtime":3},"val_accuracy":0.1055,"loss":2.360018675040923,"_runtime":3.1581504,"_step":4,"accuracy":0.09937037037037037,"epoch":5,"val_loss":2.353544630999886,"_timestamp":1.741153855664185e+09}