{"_step":9,"loss":2.3040352356290956,"_wandb":{"runtime":8},"accuracy":0.09938888888888889,"val_loss":2.302999936782464,"epoch":10,"_timestamp":1.7411520028740966e+09,"val_accuracy":0.1055,"_runtime":8.9158866}