{"_step":4,"accuracy":0.09893672199170124,"val_loss":2.3038872012032936,"_timestamp":1.74124083952423e+09,"_wandb":{"runtime":12},"epoch":5,"_runtime":12.2719617,"loss":2.3051124804248184,"val_accuracy":0.1}