{"accuracy":0.15185185185185185,"_timestamp":1.741151831653142e+09,"_runtime":5.3717821,"_step":4,"_wandb":{"runtime":5},"loss":2.3028250696744785,"epoch":5,"val_loss":2.3047517464026415,"val_accuracy":0.10316666666666667}