{"_timestamp":1.7415772339996986e+09,"_runtime":10.4590372,"val_loss":2.302563314965829,"epoch":5,"confusion_matrix_table":{"_type":"table-file","sha256":"fde76a3ad560a8d9e3d8af65329ead9e0fc5eb7c4f2377967c2e27d07ba92fba","size":2912,"artifact_path":"wandb-client-artifact://89z0n9fxnwk3jr86blaz2t9h74l01xcrgchlcy10lv40nm6t04pqnkm87cvg9fydz9vbqbwueiljtqjc5d5is9n0d2rdbxbbkp6r1rrogts3h9vdtvkq781mhc1xeo2j/confusion_matrix_table.table.json","_latest_artifact_path":"wandb-client-artifact://i8n6sqyc95epsyto99kizf4csqy7ksq0wilg70k1e7v9pf1wm5ksdgexs97u6ugnvflf3e1warq4td2efrpbv0u79mrzkev4x6555a12siaqz3t0j2v36ds20grv1s5p:latest/confusion_matrix_table.table.json","path":"media/table/confusion_matrix_table_5_fde76a3ad560a8d9e3d8.table.json","ncols":3,"nrows":100},"val_accuracy":0.1,"_wandb":{"runtime":10},"_step":5,"loss":2.302627990459525,"accuracy":0.10064814814814815}