{"_runtime":27.4990111,"epoch":5,"val_loss":0.441116461588192,"_wandb":{"runtime":27},"val_accuracy":0.8392,"_timestamp":1.741580221519496e+09,"_step":5,"loss":0.38771377922707256,"accuracy":0.8610925925925926,"confusion_matrix_table":{"nrows":100,"_type":"table-file","sha256":"d07a00c69f7663b9405bf65a0742cfd290eb919c12803b2401d3b975a93bbc98","size":2931,"artifact_path":"wandb-client-artifact://teji4n7zsan0148n9kvi4yiik12vdhie0i6ve83k4ulbnh461swlqg0b6ju3wzkjkzzwqfup8v0958l05110semr1bq5iccxqiiqulce9wid1tj0n5ap085j0lxykwqb/confusion_matrix_table.table.json","_latest_artifact_path":"wandb-client-artifact://ui9knns685eqdo5tufk4ivoxn8w8anz4ma5e79zazltsug2l9da02bkgn5p1axyeideilobcm84oh24xmcvcw6qh72sdpvr1thnl8n5hz1r9520e7hkvffuctdvu3mar:latest/confusion_matrix_table.table.json","path":"media/table/confusion_matrix_table_5_d07a00c69f7663b9405b.table.json","ncols":3}}