{"epoch":5,"_timestamp":1.7411524953388195e+09,"_step":4,"loss":2.3055139786700334,"accuracy":0.09964814814814815,"val_accuracy":0.10316666666666667,"_wandb":{"runtime":5},"val_loss":2.3040949795358188,"_runtime":5.0576751}