{"epoch":5,"loss":2.3351766353341232,"_wandb":{"runtime":3},"val_accuracy":0.11116666666666666,"val_loss":2.331790349019485,"accuracy":0.10748148148148148,"_timestamp":1.7411546493495226e+09,"_step":4,"_runtime":3.957251}