{"val_loss":0.40114218274397173,"accuracy":0.8888333333333334,"val_accuracy":0.8664,"_timestamp":1.7421098091242118e+09,"val_cross_entropy_loss":0.40114218274397173,"mse_loss":0.16222234385504888,"_wandb":{"runtime":23},"epoch":10,"_step":10,"cross_entropy_loss":0.31924680488093515,"val_mse_loss":0.19679905135931702,"confusion_matrix_table":{"ncols":3,"nrows":100,"_type":"table-file","sha256":"c94f5045807f31ed88ad7ad79c89ccd47d5b74eb98d7df83d497c1ff5071da69","size":2931,"artifact_path":"wandb-client-artifact://1u1wp3ndlpi6p344z4kqm0msrb3sk5d64n35r8xvfh27j3d5xgn2lc4dpr2lyiygpyp204rwt2cp8016a40774w5ww0trmre4ksm9l55znoocc22ne8qrmtnbr8mmlmy/confusion_matrix_table.table.json","_latest_artifact_path":"wandb-client-artifact://jkkvyt7e1swso6d4cb9ilyftmuejj0mcusst2n9ayqgzt6ydl3u7d0z7gmybniugq9b7oiomy33gxbaiosviyq5rbdn0vek1wj9q8725vplsjjpw11h7wdjz4gtjuzdw:latest/confusion_matrix_table.table.json","path":"media/table/confusion_matrix_table_10_c94f5045807f31ed88ad.table.json"},"loss":0.31924680488093515,"_runtime":23.9312767}