{"accuracy":0.2795740740740741,"val_accuracy":0.3273333333333333,"_wandb":{"runtime":6},"_step":9,"loss":2.098955906467649,"_runtime":6.036257,"epoch":10,"_timestamp":1.741152860503927e+09,"val_loss":2.0656247758453126}