{"loss":2.350616033279389,"_wandb":{"runtime":3},"_step":4,"val_loss":2.375232065864098,"_timestamp":1.7411548419481068e+09,"_runtime":3.888216,"val_accuracy":0.105,"epoch":5,"accuracy":0.09944444444444445}