{"loss":2.3035301059215567,"val_loss":2.303440347382284,"val_accuracy":0.1,"_timestamp":1.7413435364964235e+09,"accuracy":0.09781481481481481,"_runtime":8.6237768,"_step":4,"epoch":5,"_wandb":{"runtime":8}}