{"accuracy":0.8649444444444444,"_wandb":{"runtime":21},"val_accuracy":0.842,"epoch":10,"_runtime":21.8952204,"val_loss":0.5487898245602104,"loss":0.48245114600400335,"_timestamp":1.7413583434459069e+09,"_step":9}