{"loss":2.399027029915456,"val_loss":2.3908677967426897,"_runtime":7.7807834,"val_accuracy":0.10316666666666667,"_step":9,"epoch":10,"accuracy":0.09964814814814815,"_timestamp":1.7411537266344545e+09,"_wandb":{"runtime":7}}