{"val_loss":0.4590488828664451,"loss":0.4070371496493388,"cross_entropy_loss":0.4070371496493388,"epoch":5,"_timestamp":1.7415893572073083e+09,"_runtime":19.4127524,"mse_loss":0.19967544114620037,"accuracy":0.8633703703703703,"_step":5,"confusion_matrix_table":{"sha256":"eedcfcbcb460440ccc5243160f7e134e3a98b98c56b574e598affbb9ea68ac94","size":2934,"artifact_path":"wandb-client-artifact://s9y95kbsm8ktp1j3dbc0ahvv3uwuowxe9kdzfei4s98h67lx37kio9v1auuyleuvy4bd7juuldflljhxju2wsi8uizxph21m1hwffuqz9x2swtf4hhg9o4u15hvlvl94/confusion_matrix_table.table.json","_latest_artifact_path":"wandb-client-artifact://lhsm61h0l30mcq41voqdig4b85xrvvj3q6a0fg9d1wcexablpamt366nsvta1un4znfwvxth85n717enb5uttot6th7fymhztif81vtofot5uru9fiqre99arlk2582q:latest/confusion_matrix_table.table.json","path":"media/table/confusion_matrix_table_5_eedcfcbcb460440ccc52.table.json","ncols":3,"nrows":100,"_type":"table-file"},"val_accuracy":0.8481,"val_cross_entropy_loss":0.4590488828664451,"val_mse_loss":0.22314991588972147,"_wandb":{"runtime":19}}