{"val_loss":55.612655949130726,"epoch":10,"accuracy":0.18997133254250692,"_runtime":24.4421155,"val_accuracy":0.1614,"_wandb":{"runtime":24},"loss":57.979785510243815,"_timestamp":1.741239907101811e+09,"_step":9}