{"loss":2.312853081326729,"val_loss":2.317465765937188,"accuracy":0.10064814814814815,"_runtime":7.6462613,"val_accuracy":0.09416666666666666,"_wandb":{"runtime":7},"_timestamp":1.7411566144159324e+09,"_step":9,"epoch":10}