{"accuracy":0.09933333333333333,"_wandb":{"runtime":10},"epoch":5,"loss":2.3044166098845724,"val_loss":2.3043250063580696,"_runtime":10.9149721,"confusion_matrix_table":{"ncols":3,"nrows":100,"_type":"table-file","sha256":"88f44e1bb5c1672f9adb05ebfd911dde84797f91cf645b82e9a89f538015d355","size":2912,"artifact_path":"wandb-client-artifact://jvt9is2jmu9dne7m3y5iknidccfkhvzuak51pzf6q82apeu1n8tdgkgira677xf9n4yonn56r70auo6vawkbmoqhhf5pc76tbxgxihhicq591t7g3ypntaxp3xzkjqc7/confusion_matrix_table.table.json","_latest_artifact_path":"wandb-client-artifact://xhf11y5m244aes58aovswif7dcz7niwpl4jdcxmsigr4jlmi0kh0urwmtlfka3gv10slepap9uf0j3u06vt9d9wbccpkd29xho7py01pr68cygdqwwr9hr0uh003kxx9:latest/confusion_matrix_table.table.json","path":"media/table/confusion_matrix_table_5_88f44e1bb5c1672f9adb.table.json"},"_step":5,"val_accuracy":0.1,"_timestamp":1.7415761280270708e+09}