{"loss":2.3057477972706346,"val_loss":2.304278222745539,"val_accuracy":0.10316666666666667,"_timestamp":1.7411568775667195e+09,"accuracy":0.09964814814814815,"epoch":5,"_step":4,"_runtime":3.6291767,"_wandb":{"runtime":3}}