{"val_accuracy":0.8338,"val_cross_entropy_loss":0.5172208513282823,"confusion_matrix_table":{"_type":"table-file","sha256":"3a38bf8a7875674a83693f3308b42ea3501e695941f1d5817a87da91a6056491","size":2934,"artifact_path":"wandb-client-artifact://eohrc46ya47zlhh6b467kbk9untph9pxfgkyue9a01q8hu3a1ykfr567ppgug8dn2ww45hr91ydfzqo3ao89k2gl3r80o8vdy1k0wntj7yy4mbt30rdlrwws0a1u6f43/confusion_matrix_table.table.json","_latest_artifact_path":"wandb-client-artifact://k81560r9qf0935r7jej0wqk51b72qgny8qxoc14olo1fisf9hdrl5k3joc0l1x63afxxilwwfgslx3cuu7egxnhgepxyvd3r8yxtu5uk0661zouxurp0mdmzn8ejuvqs:latest/confusion_matrix_table.table.json","path":"media/table/confusion_matrix_table_5_3a38bf8a7875674a8369.table.json","ncols":3,"nrows":100},"loss":0.48242282929258445,"epoch":5,"accuracy":0.8423888888888889,"_timestamp":1.741589960219973e+09,"val_mse_loss":0.24065883498053808,"_runtime":7.9968497,"_wandb":{"runtime":8},"val_loss":0.5172208513282823,"_step":5,"cross_entropy_loss":0.48242282929258445,"mse_loss":0.22933154710474088}