{"val_accuracy":0.5017,"_step":4,"val_loss":1.1442704211652328,"_timestamp":1.7415336536435258e+09,"epoch":5,"_runtime":35.5709735,"loss":1.1853461704013104,"accuracy":0.45816666666666667,"_wandb":{"runtime":35}}