{"epoch":10,"_runtime":50.4258544,"_step":10,"accuracy":0.9035,"_timestamp":1.7421966186777036e+09,"val_loss":0.37229452842227545,"val_mse_loss":0.1825280825428887,"cross_entropy_loss":0.2635015411106579,"loss":0.2635015411106579,"_wandb":{"runtime":50},"mse_loss":0.1392135015161888,"confusion_matrix_table":{"size":2933,"artifact_path":"wandb-client-artifact://v6as1a2ye1fctrtdcjej6mskb8peoftti5ublceces0tvephaicx8gqru2ykm3jbhv0gytc2bsrrvcberqtjlsfuwpw7kl20obs9x8j2venuuf8mndyoxvjtwkcu09vr/confusion_matrix_table.table.json","_latest_artifact_path":"wandb-client-artifact://gcw103r49693uegqdovwb92qvnfuqjvi6wmtjaglztwq9kqt075i71oqb1c75zfklvkkvachb7c9um6buj0q0kjupzyz8k7f4arkfn0u4gpipi8tupy9buj6gbs0nq77:latest/confusion_matrix_table.table.json","path":"media/table/confusion_matrix_table_10_90fbbc3fd217e62d63ba.table.json","ncols":3,"nrows":100,"_type":"table-file","sha256":"90fbbc3fd217e62d63ba3516837511ad3e82b04db578ec9c6c6679de6e8f9a5d"},"val_accuracy":0.8736,"val_cross_entropy_loss":0.37229452842227545}