{"accuracy":0.38907407407407407,"epoch":5,"val_loss":3.0373596593051113,"_wandb":{"runtime":8},"_timestamp":1.741256863600379e+09,"loss":2.645536298895352,"val_accuracy":0.4113,"_runtime":8.3264919,"_step":4}