{"val_loss":2.300819585368212,"accuracy":0.16827777777777778,"_timestamp":1.741155341136537e+09,"val_accuracy":0.16066666666666668,"loss":2.3147823925903004,"_runtime":5.3924831,"epoch":10,"_wandb":{"runtime":5},"_step":9}