{"epoch":10,"accuracy":0.8582037037037037,"_timestamp":1.7412368426918786e+09,"_wandb":{"runtime":22},"val_accuracy":0.8452,"val_loss":0.4324230467530967,"loss":0.39846111878521595,"_runtime":22.9122686,"_step":9}