{"_runtime":7.2088049,"val_loss":2.3025878750990003,"val_accuracy":0.1,"epoch":5,"loss":2.3053173873220554,"_wandb":{"runtime":7},"_timestamp":1.7412379065608776e+09,"_step":4,"accuracy":0.10095393436140768}