{"cross_entropy_loss":2.30259747696226,"_timestamp":1.7421351988437994e+09,"val_mse_loss":0.9000046322271829,"val_accuracy":0.1,"accuracy":0.10083333333333333,"_wandb":{"runtime":7},"_step":5,"val_loss":2.3026286409721592,"epoch":5,"_runtime":7.4793064000000005,"val_cross_entropy_loss":2.30260814879691,"mse_loss":0.9000024955669755,"confusion_matrix_table":{"ncols":3,"nrows":100,"_type":"table-file","sha256":"e057170823602e16cc6d65e01f04cd68537bdc19067d65140986d32eda76ff73","size":2912,"artifact_path":"wandb-client-artifact://vmxntj4aw2lwxb4qqv322vwb1osznkr1g81rsyrr6zbor8isbaobc45v979nzygzsdgj9gmey2utcj78wnruqqau5p3927by0keqeh3njd6boiraj4hoptnpjyvpconv/confusion_matrix_table.table.json","_latest_artifact_path":"wandb-client-artifact://0b547rrormba7hwqhvxaolmgv8fij0ym4d0kd8a173xm66m65vuxhx8j33ftc8ca2hkjy5j9up9nyjwct0n1l2szynad3z9uj48l1ckhukxlt1k5mhs1u60gg8seetf8:latest/confusion_matrix_table.table.json","path":"media/table/confusion_matrix_table_5_e057170823602e16cc6d.table.json"},"loss":2.3029268285690305}