{"val_accuracy":0.8454,"loss":0.41910693728189863,"_timestamp":1.7415322868838122e+09,"_step":4,"accuracy":0.8609074074074075,"val_loss":0.4727241333449571,"_runtime":13.9855936,"epoch":5,"_wandb":{"runtime":14}}