{"_wandb":{"runtime":3},"loss":2.3033251036525364,"_timestamp":1.7411536530360167e+09,"val_accuracy":0.0985,"epoch":5,"_runtime":3.4051855,"val_loss":2.300681941439743,"accuracy":0.08394444444444445,"_step":4}