{"val_loss":0.531372202099461,"confusion_matrix_table":{"sha256":"565d978b8cfc3049954f0c9ca79a634f7cf5abae7724757ef0f97b102ddc317a","size":2932,"artifact_path":"wandb-client-artifact://635amgcamg1vii0exhgg2mk2gdu94fqeshnxvi50aic7lepkwlqnqqhlhdxnniz8z9c3s4m5u954n3diev4zxpog7rtifkmelvsh4berspneh0wlz95d845tk1iwnjyx/confusion_matrix_table.table.json","_latest_artifact_path":"wandb-client-artifact://aos3kfp9w8d0sbg0n36wftmpo26f2g4o8rqt9q7dq6ybwbn35w3bgrk315ztkz0k1h0h87jnkbf6luon9dokoj0zh1qv6d35d00jmn20keli44c389ink55vl2oslvvr:latest/confusion_matrix_table.table.json","path":"media/table/confusion_matrix_table_10_565d978b8cfc3049954f.table.json","ncols":3,"nrows":100,"_type":"table-file"},"val_accuracy":0.8317,"epoch":10,"val_mse_loss":0.2498252852606118,"cross_entropy_loss":0.45163512933490246,"loss":0.45163512933490246,"_wandb":{"runtime":23},"mse_loss":0.21508370546020855,"_timestamp":1.7421924949089472e+09,"_runtime":23.9223378,"val_cross_entropy_loss":0.531372202099461,"_step":10,"accuracy":0.8548148148148148}