{"loss":0.26147537657567554,"_step":10,"epoch":10,"accuracy":0.9037037037037037,"val_mse_loss":0.17614336143057935,"_wandb":{"runtime":51},"_runtime":51.1870702,"_timestamp":1.7421912454980946e+09,"mse_loss":0.1385688913540186,"confusion_matrix_table":{"_latest_artifact_path":"wandb-client-artifact://saa7jxc1jx1r6rz9148yuqtp1m7h7ae288fhk2gs5hdt2pxavh26dff4iwuh61qmeq5ovuq7kk0mji9pyafpeixkjjn6uej8ssprl5ltkczs50ic9qy80tsgrckrxqa7:latest/confusion_matrix_table.table.json","path":"media/table/confusion_matrix_table_10_85c0573f4f1fc314f6bf.table.json","ncols":3,"nrows":100,"_type":"table-file","sha256":"85c0573f4f1fc314f6bf0a2525412fcf578cb4a9ee161eca5dbade1b5ba3b1ff","size":2929,"artifact_path":"wandb-client-artifact://kmzex7swane0ctkff3vgxhmgs7th1tte32wikt98kk3go8zzyvbjr4nmvlu0mhlsiqv40f6so92cjg3nssj9qufdr3q903jqcyjwis57p2fpro9qomyu87wy9aj9tem3/confusion_matrix_table.table.json"},"val_loss":0.3517431739628416,"val_accuracy":0.8798,"val_cross_entropy_loss":0.3517431739628416,"cross_entropy_loss":0.26147537657567554}