{"accuracy":0.10846296296296297,"val_accuracy":0.10116666666666667,"_timestamp":1.7411577138572311e+09,"loss":2.3062229429989713,"_runtime":5.0455885,"_step":9,"val_loss":2.3079446122032095,"_wandb":{"runtime":5},"epoch":10}