{"val_loss":0.6481013565951284,"loss":0.6268365258380717,"_wandb":{"runtime":35},"_step":9,"val_accuracy":0.8139,"epoch":10,"_timestamp":1.741238631021655e+09,"accuracy":0.8290604623592176,"_runtime":35.2080975}