{"_wandb":{"runtime":9},"val_loss":2.302594516832902,"val_accuracy":0.1,"_runtime":9.2178544,"_step":4,"accuracy":0.09925925925925926,"_timestamp":1.7412390723415885e+09,"epoch":5,"loss":2.3026246447136116}