{"mse_loss":0.1801053430495969,"loss":0.43273746669482865,"epoch":10,"cross_entropy_loss":0.3480871074249153,"_runtime":62.444682,"val_accuracy":0.8547,"_wandb":{"runtime":62},"accuracy":0.8742037037037037,"val_loss":0.5015980239981983,"_timestamp":1.742108236460586e+09,"_step":10,"val_mse_loss":0.21129770281989746,"confusion_matrix_table":{"_type":"table-file","sha256":"f28699be128b5a1058907344305acb40a94483a18163a7c6111a79e55df230a0","size":2931,"artifact_path":"wandb-client-artifact://acq6exjgu1g0l2lvogg9lqt3loah1yqr51vs8kdrr4irgi9p1cwp1xzbh8vr03ib9sbzpjjqqlqm41wsbzf6phoumv17aaagzacpprec3ql7wqb9fngleu8tj26hhvg7/confusion_matrix_table.table.json","_latest_artifact_path":"wandb-client-artifact://fum78m9d29a1ydfkasztm501w63v85azgqp2wr7smgfbd5hws01pz959pka177kjtx2js1rnhak61w9m3qaedn8yq7kyfvjn0spup363eqbsryfshadgel4zpwf35x9a:latest/confusion_matrix_table.table.json","path":"media/table/confusion_matrix_table_10_f28699be128b5a105890.table.json","ncols":3,"nrows":100},"val_cross_entropy_loss":0.41664409627869264}