{"loss":2.48153542960286,"val_accuracy":0.0925,"_wandb":{"runtime":5},"epoch":10,"val_loss":2.4830074082577647,"_runtime":5.8174469,"_timestamp":1.741156199961296e+09,"accuracy":0.10083333333333333,"_step":9}