{"epoch":10,"loss":24.267429779334602,"_runtime":13.0303788,"_step":9,"val_loss":23.35260223233011,"val_accuracy":0.1836,"_wandb":{"runtime":13},"_timestamp":1.7412545618498628e+09,"accuracy":0.17435185185185184}