{"_wandb":{"runtime":8},"_timestamp":1.7413476595416708e+09,"_step":4,"val_loss":2.3331677239236566,"accuracy":0.10083333333333333,"val_accuracy":0.1,"_runtime":8.6809311,"epoch":5,"loss":2.379136066437329}