{"_wandb":{"runtime":13},"val_loss":2.3014956600873586,"_runtime":13.3490804,"accuracy":0.12024074074074075,"val_accuracy":0.1194,"_timestamp":1.7415323340253522e+09,"epoch":10,"_step":9,"loss":2.301541789812113}