{"val_accuracy":0.1055,"val_loss":2.310823166977917,"loss":2.3132437586083863,"_timestamp":1.7411576093428547e+09,"_wandb":{"runtime":7},"_step":9,"epoch":10,"accuracy":0.09938888888888889,"_runtime":7.3143348}