{"val_loss":0.44903692520399063,"_step":10,"accuracy":0.8832777777777778,"epoch":10,"_timestamp":1.7421055266749647e+09,"cross_entropy_loss":0.3216048666394329,"val_mse_loss":0.1973998411201229,"_runtime":19.5794279,"_wandb":{"runtime":19},"loss":0.384851345238751,"val_accuracy":0.8618,"val_cross_entropy_loss":0.38530965604959966,"confusion_matrix_table":{"artifact_path":"wandb-client-artifact://j7zrap26a8bvebrxzhf8u41cblmer1lyq5g00lmvl364skfqy6fl4jazwdu7jz3ha5v3fb40l209clb64a7mrtuhgrae2nqp5ekbnfxb8yqlib6i0eus0eh24ojasfit/confusion_matrix_table.table.json","_latest_artifact_path":"wandb-client-artifact://pl5vwhczbiuim8pe0w5fo9t9kb1xx2tms67jd7k77u15n00kb6qydkguxile6vvduqaxf1et3rgtbsbehjugruh2e7p1lt3vfy5im0b351sdchdqmc2jbujwfxyshltz:latest/confusion_matrix_table.table.json","path":"media/table/confusion_matrix_table_10_b2896b85dea3722c2f61.table.json","ncols":3,"nrows":100,"_type":"table-file","sha256":"b2896b85dea3722c2f61b015eda4c7d9dcb78914c1106a980d960affad505e33","size":2931},"mse_loss":0.1672530462214468}