{"_step":4,"val_loss":2.197514323587432,"_timestamp":1.7411569848653498e+09,"_wandb":{"runtime":3},"accuracy":0.13877777777777778,"val_accuracy":0.15583333333333332,"_runtime":3.3964075,"loss":2.225479560545677,"epoch":5}