{"_wandb":{"runtime":25},"val_accuracy":0.8566,"epoch":5,"_step":5,"accuracy":0.8887407407407407,"cross_entropy_loss":0.30618878450906967,"confusion_matrix_table":{"path":"media/table/confusion_matrix_table_5_f946f3eec5277b54a7fb.table.json","ncols":3,"nrows":100,"_type":"table-file","sha256":"f946f3eec5277b54a7fb4d7e6b7cc70a54391479edc9c9637137ccd9421de387","size":2927,"artifact_path":"wandb-client-artifact://x4h57ymzlv5ehe0c4p1kp78dbvyi3s4s1z8hh8bn7hy8smg0yq95930mtvjdhy30hmgwdqxyj487zdamgu3dwjnc66ykaewivgwk298qkdv8gdrjkz2r0l77v84bhw6z/confusion_matrix_table.table.json","_latest_artifact_path":"wandb-client-artifact://4mybwcczf0c5nujnfp2d4a9ntjapmqv92pdhyvxchfpy6f8z266qn8jgdjhwexiyoaibrf0n9zkyjdo78rz9f83i5t97usq120j9mh9lt128otos9pk2om0kta5te7f8:latest/confusion_matrix_table.table.json"},"val_cross_entropy_loss":0.3900786691866243,"_runtime":24.9917265,"_timestamp":1.741587691776656e+09,"val_mse_loss":0.20150682035501344,"loss":0.30618878450906967,"mse_loss":0.159907371072725,"val_loss":0.3900786691866243}