{"loss":0.4977488914268584,"epoch":5,"val_cross_entropy_loss":0.4838847946937014,"cross_entropy_loss":0.4522937673958201,"accuracy":0.8416666666666667,"_runtime":7.7692646,"_step":5,"confusion_matrix_table":{"artifact_path":"wandb-client-artifact://vbr4b5hicfg5ro6xl7ursj3vn84pwbwr0qwngjfcpoc02vjd6dclcjdc65oztc0btkmrbod324tcdy6ragvhf84ne6y78le8tpm3ixxl43qrrpnryla3ad1r32o4o8w3/confusion_matrix_table.table.json","_latest_artifact_path":"wandb-client-artifact://cl5b0mcxoarjwb6941fbp51oqe593nykpmeih0t4x00neuntd3jkfyi3vp393sh7wmfmvtfzkys8b6rdur691gj1x9vqog9bbs4plut5j7afr7ggsfyqc5e6krxyrh1z:latest/confusion_matrix_table.table.json","path":"media/table/confusion_matrix_table_5_9ec3cf3783230f830580.table.json","ncols":3,"nrows":100,"_type":"table-file","sha256":"9ec3cf3783230f830580031fd26ff405be3c4cfaaa31d2cda815540b885d15e0","size":2933},"_timestamp":1.7415844517865095e+09,"val_mse_loss":0.2428463482649292,"_wandb":{"runtime":7},"val_accuracy":0.8312,"val_loss":0.5297277785794191,"mse_loss":0.22808631982150646}