{"val_cross_entropy_loss":0.4370652069678262,"cross_entropy_loss":0.37378978174196054,"_step":10,"_wandb":{"runtime":57},"loss":0.37378978174196054,"val_accuracy":0.8523,"val_loss":0.4370652069678262,"epoch":10,"accuracy":0.8709259259259259,"confusion_matrix_table":{"size":2935,"artifact_path":"wandb-client-artifact://nljxfmaeyjgyykzsnszm45hs6ojdp7womh5hvc7u1rk59l1x9hgpnwcqqeeweqkwibhh3p33ukpz4wzfvkhubk4wz2g03rgka1n96u88e0jfxyrlexkg8c1tb53tdd5o/confusion_matrix_table.table.json","_latest_artifact_path":"wandb-client-artifact://0a1bejmipzba51s97tphxjkslexea5pfdcmgd9l9qmlsc1eiffveprkcs8t3byvo8x1ffqrbdybmxuefvbtd67id8t7x164ebimdyvkmv6uz16cohazallhz9og1fcp7:latest/confusion_matrix_table.table.json","path":"media/table/confusion_matrix_table_10_7fbd7b171fc6d9dbc44f.table.json","ncols":3,"nrows":100,"_type":"table-file","sha256":"7fbd7b171fc6d9dbc44f302dfc085f3b567b67459be427b31a7f870b80fe4488"},"_runtime":57.7918296,"_timestamp":1.7421932163586307e+09,"val_mse_loss":0.2144817625087326,"mse_loss":0.18687992271534873}