{"_step":4,"_wandb":{"runtime":7},"_runtime":7.2077639,"epoch":5,"val_loss":2.2952475213033745,"loss":2.298905325950531,"accuracy":0.297937672993278,"val_accuracy":0.2942,"_timestamp":1.7412384223611605e+09}