{"_timestamp":1.7411545100613089e+09,"val_accuracy":0.4661666666666667,"accuracy":0.2894074074074074,"_wandb":{"runtime":3},"loss":1.8357171093683216,"_runtime":3.5332955,"_step":4,"val_loss":1.6426019194870947,"epoch":5}