{"accuracy":0.0999074074074074,"val_loss":2.453677983316863,"_runtime":6.4031685,"_step":9,"_timestamp":1.7411557915523026e+09,"_wandb":{"runtime":6},"val_accuracy":0.10083333333333333,"epoch":10,"loss":2.4628419655659655}