{"epoch":5,"val_loss":2.303178014927296,"accuracy":0.10064814814814815,"val_accuracy":0.09416666666666666,"loss":2.3033758570156966,"_runtime":4.6442426999999995,"_timestamp":1.7411559418649704e+09,"_wandb":{"runtime":4},"_step":4}