{"epoch":10,"_wandb":{"runtime":23},"accuracy":0.5567037037037037,"_timestamp":1.7412516627912607e+09,"loss":1.1175373709914336,"_runtime":23.4806879,"val_loss":1.114076458291489,"val_accuracy":0.5607,"_step":9}