{"mse_loss":0.13453017193363218,"_step":10,"val_loss":0.37096001701574116,"val_cross_entropy_loss":0.37096001701574116,"val_accuracy":0.8701,"_runtime":46.3617437,"_timestamp":1.7421979572622921e+09,"epoch":10,"confusion_matrix_table":{"ncols":3,"nrows":100,"_type":"table-file","sha256":"f45073d199ad057189bacc0b7defac3328a9e2705feb794db800e21c03f8b702","size":2930,"artifact_path":"wandb-client-artifact://gjz0e2jkwqst9c3os8rvsxvc0xc279otd3um5p8k1oax3sv7r00jyip1yv393wwm163ukhwi409j0hopnztjwqihnq7fposjpa7hlpa4w84mcm3evfoauwe7h89bgay8/confusion_matrix_table.table.json","_latest_artifact_path":"wandb-client-artifact://gcu8jhxfmhfffpf5z41rb6bm1o0y7m3s7e15uorg3f5kkavom7f4opt6m27h9u3d9vhrvd8odb8fm9vefgwbpi6obxkz1phuqa5v4hr1beytmuh5g8fkiqixnsmcrvlj:latest/confusion_matrix_table.table.json","path":"media/table/confusion_matrix_table_10_f45073d199ad057189ba.table.json"},"cross_entropy_loss":0.2537801830114845,"loss":0.2537801830114845,"val_mse_loss":0.18764435159327172,"accuracy":0.908425925925926,"_wandb":{"runtime":46}}