{"val_loss":2.3429754837053416,"_runtime":3.9031209000000002,"_step":4,"epoch":5,"val_accuracy":0.09283333333333334,"_timestamp":1.7411552329161026e+09,"_wandb":{"runtime":3},"loss":2.3440223300858927,"accuracy":0.08672222222222223}