{"loss":0.43559369141282095,"val_loss":0.4891799293677318,"_wandb":{"runtime":37},"val_accuracy":0.8504,"cross_entropy_loss":0.3799691782395905,"_runtime":37.2034936,"accuracy":0.867037037037037,"_timestamp":1.7421044642186193e+09,"val_mse_loss":0.21729585310395805,"mse_loss":0.19087667159870395,"confusion_matrix_table":{"path":"media/table/confusion_matrix_table_10_f6f267f60b6b31eb7d13.table.json","ncols":3,"nrows":100,"_type":"table-file","sha256":"f6f267f60b6b31eb7d13f9b5ed7dfebb42b633fad6784ab877759e67e3721f80","size":2934,"artifact_path":"wandb-client-artifact://r19mlpk16coh76h50137qnmeci3a6e3cr00xzfbu7i0qxyxszjljctwps1m7gbzy09orvjvu8lq5e6ysfr197su66z8quw9z0wzj9y90oxo2h76x6eact1j2ew7hbxdo/confusion_matrix_table.table.json","_latest_artifact_path":"wandb-client-artifact://4dq2no4d3ocgme5fay965pv4mke72can07ihtztt065t6daa8raktzi5lgmro0dfta24tljjr9le47hdl4grnizdi7dcsxcjces7q6g6qpzef1u3315sjjqmgpo8s266:latest/confusion_matrix_table.table.json"},"val_cross_entropy_loss":0.4331733968879492,"_step":10,"epoch":10}