{"val_loss":2.3500305232188894,"_runtime":20.8777053,"loss":2.35029509452077,"_step":9,"accuracy":0.11661111111111111,"val_accuracy":0.118,"epoch":10,"_wandb":{"runtime":20},"_timestamp":1.7412502984485989e+09}