{"val_accuracy":0.1963,"loss":2.3255719489623425,"_wandb":{"runtime":6},"accuracy":0.19314814814814815,"_step":4,"_runtime":6.4503418,"val_loss":2.3254966385488496,"_timestamp":1.7412517905759265e+09,"epoch":5}