{"_timestamp":1.7412565280509045e+09,"val_loss":171.83601512428686,"val_accuracy":0.1933,"accuracy":0.27775925925925926,"_runtime":44.6054115,"_step":4,"epoch":5,"loss":127.32694912318404,"_wandb":{"runtime":44}}