{"_wandb":{"runtime":16},"_runtime":16.3369115,"epoch":5,"_step":4,"accuracy":0.19548148148148148,"val_accuracy":0.1928,"_timestamp":1.7412537313408122e+09,"loss":2.2848590340915242,"val_loss":2.2810277650196578}