{"_timestamp":1.7415870299737344e+09,"_runtime":17.1024108,"val_loss":0.5013286184290604,"confusion_matrix_table":{"ncols":3,"nrows":100,"_type":"table-file","sha256":"643ac023afe19933574ff3fc2ed170c23bfd17bffe5c45560d141de78739bb75","size":2935,"artifact_path":"wandb-client-artifact://pbouyaol717hkbwes4qlq7im3kwr5wuzv3r6lkvbgyy653399h3j7uk2ioy13e77jro3wcbmugg5zxofoey22azs6zsd1mc9mxp34fmh10yie82q2r17jk58asovpvbv/confusion_matrix_table.table.json","_latest_artifact_path":"wandb-client-artifact://rwjrkzpw6rv2n8xn6fxrkgb7odswa9djsrffxw2a3zppajdwzsiw9t44m2h8l5jum8x4ylji4dbpxrulsxaniwklmo7iin3gbu5ikfyzlxwmsith5xao4847cfz86xef:latest/confusion_matrix_table.table.json","path":"media/table/confusion_matrix_table_5_643ac023afe19933574f.table.json"},"mse_loss":0.1944476453857633,"val_accuracy":0.8524,"accuracy":0.8632777777777778,"loss":0.4670627542873561,"_wandb":{"runtime":17},"val_cross_entropy_loss":0.41698329022678315,"cross_entropy_loss":0.3825796182990011,"_step":5,"epoch":5,"val_mse_loss":0.21110472650279827}