{"_timestamp":1.7411540689734654e+09,"loss":1.7410396810641229,"val_accuracy":0.5248333333333334,"epoch":10,"accuracy":0.49137037037037035,"val_loss":1.6545900328851666,"_wandb":{"runtime":7},"_step":9,"_runtime":7.1542665}