{"val_accuracy":0.0985,"_step":4,"_wandb":{"runtime":4},"_runtime":4.8853103,"_timestamp":1.7411535467450147e+09,"loss":2.3113835482616074,"epoch":5,"val_loss":2.308837814673216,"accuracy":0.10016666666666667}